budget,duration,team_size,complexity,ac_so_far,cpi,spi,actual_cost
48808,16,12,2,20133.945882247386,1.250337110076012,0.8009696759831011,83446.74612250466
77852,6,2,3,17507.66815573909,0.9966575317364103,1.1079980504470617,119479.3003005393
119843,14,7,3,98371.6577399287,0.6938496509372838,0.969247407675971,249601.04383855668
125695,8,2,5,70322.53679976055,1.0544249704643525,0.6170933095819864,204294.02188332035
40867,14,14,5,26772.595070504536,1.279274072860686,0.8460523711529335,61576.48212394341
68414,4,3,5,34807.64038967407,0.8269085933064747,0.8762118438645399,105444.42440769188
79263,14,2,1,48360.297987007805,1.2001482568943902,1.1185701121749667,111245.36716439747
67528,13,7,4,31561.08752990504,0.6520168933875651,0.7288558662868404,116936.72851830295
36199,9,15,3,27346.672843940865,0.6216595216513721,1.181620524952719,71272.87688439304
112652,14,11,1,43639.701578292996,0.8856442210999649,0.8253288068111249,123039.68942061148
54746,17,3,5,21355.690751465278,1.2327714870343665,0.747197274138882,116902.90259245921
117611,14,3,2,94931.84143167533,1.1114843495726572,1.2442882208096484,177410.7723654428
121846,11,2,1,65163.882505098765,0.7902709908626697,1.1261814420398646,194522.08627663614
95675,15,15,4,84388.61013820498,0.607123655932156,0.6253019968105955,197642.21517955486
139896,6,2,2,59715.526077421484,0.6671302692237527,0.9087891691675414,193798.55871009847
145723,5,6,2,80737.54860405134,0.8858306436685406,0.8640945540527682,202333.22410491857
119427,8,12,4,93407.83336651188,1.2822989079029161,0.7256077396432776,117075.79006754459
30409,12,6,4,16591.530286596873,1.0303144815959155,1.2407158770106317,65376.0972882297
114248,5,11,3,100908.64409643965,1.2218297502894413,1.1059655684586023,154722.44096624135
104464,9,6,4,27442.61329107675,0.7763198444953339,0.9195821545933505,126072.23129865355
26810,6,4,4,20177.733678313718,1.2621801552784693,0.6094054024965408,48646.904386283364
97841,5,2,4,57190.422190120546,1.0714835608471636,1.127328396558397,159944.08256464486
54595,3,12,3,20840.41895937603,1.268396939786968,0.7503669773480273,61971.3804069029
112198,15,11,5,56688.996129879364,1.1708264014081817,1.0319825531505922,160162.07908261393
45671,14,15,2,33109.68470282809,1.287137218150296,1.2287033538723748,70661.58605975239
94381,10,10,3,32687.347162330487,0.9429990461642741,0.9756872140945781,152800.5202104675
20220,11,5,2,10366.80868112441,0.8485223594486073,1.098668973307999,45703.715261398684
115652,12,9,1,32272.252948051024,0.6626609307410193,1.254955762457482,178536.18028211297
109500,16,4,5,98359.70105750381,1.1894959377980547,0.9220177033331644,145016.31582942442
94484,15,12,1,44052.682509664824,1.1101160460532538,1.1875820607148335,154214.90268571262
141483,10,11,3,79963.83200171354,0.7182325285777781,0.6443310745868646,238747.58089829158
56190,17,3,4,15752.101125740044,1.1261116946824856,1.2319675067106446,105118.82502000265
48553,11,12,5,33270.94812568216,1.195873408195037,1.0366037410277587,61089.373938137236
72402,3,6,2,29407.486829796766,1.0339308400241294,1.1536296193603741,86039.22429833982
146902,10,9,5,64599.756694368996,1.0223927318927424,0.7282149390841972,188922.80285570616
112043,18,11,1,46021.67014486831,0.6149369183715856,0.874306731318272,153863.15909284248
29355,13,13,2,7301.205468127046,0.7139963528674459,0.9768580183743584,44145.607237492484
111251,3,5,2,23646.959452562176,1.1346653668151134,0.8273893493698221,113622.5954958702
100059,12,10,5,27797.910263488382,0.8767978271453687,0.6265566791596229,137926.8063307545
130458,9,4,4,40151.25086805159,0.8689508808058621,0.6309970082372298,205849.46612535944
63255,11,7,5,51856.38781801162,1.173148563697052,1.0796461000570334,106482.6598738976
125271,16,12,5,62501.562198318985,0.9270791037353744,1.2372945095918804,147020.73359360354
56446,12,11,4,33220.386995570545,1.08320011533321,1.1629387385791978,74023.48611499381
56119,18,6,4,45972.4589251808,1.1678058069403772,0.9003642701526311,93618.63625143003
134565,17,4,2,104495.49030713511,1.1710599841399167,1.0207005783507848,198305.84632027813
93638,5,11,3,75089.99455382627,0.8320863378875895,0.951758173156412,165539.68130299283
116210,8,13,2,59547.82434790557,0.8282320193244792,1.143226124082957,143899.49290276
53369,7,6,1,20699.96876028747,0.7946939931178534,1.0863528630636603,90129.7455989237
50974,12,11,1,27968.767498146783,0.7963589557710989,1.2356320563985594,74336.1956528823
85327,8,13,5,75045.05956925233,1.051374526652089,0.8218236656365648,106310.38803140857
80311,17,13,5,48019.05943166438,1.0663085013304736,1.146533869427761,111159.35330437637
79242,13,9,1,44851.25134924075,0.863144165344252,1.232892063589229,100931.10719509302
117623,5,14,2,72986.71932285356,0.6070643619858932,0.7279034892355635,150375.39283963258
30310,6,4,2,16467.957560552735,1.1124415891979047,0.9903273010434406,51226.55451993811
125367,16,4,3,28523.091166237755,1.179253250178104,1.1089160237377738,134115.1710681583
117330,17,3,2,99720.19518938448,1.1972431311646292,0.8737302379314,134584.038416549
146559,14,11,5,51660.961506431515,1.0340206692223792,0.7747705287957178,210077.39578885646
146235,8,8,4,30988.919808172082,0.7985466710249662,0.7640446424893226,160257.03737891137
114597,5,4,3,66195.61742875107,0.6553973114304029,0.6428450973128149,169264.52825635803
92524,6,10,1,27404.63067809967,0.7762463867919869,1.1118921259423042,133353.59382051555
141884,7,12,3,104202.83772809067,1.2404401266769547,0.7127715025432116,150567.25295419645
29697,11,4,1,20880.220374214492,1.1873651859390895,1.122796479683795,46485.170707626545
98209,9,15,4,54826.87692416776,1.1749840081140386,0.8262017661813845,138865.788821752
24765,16,8,2,15966.053796013375,0.8270467739439309,0.8578716459885196,54562.38406739238
115146,10,5,3,89055.8573095787,1.2114183190287529,1.174932859600656,110357.2598893249
50930,12,13,3,37601.87470507842,0.9558251614643203,1.1802255556304815,92653.22929577065
69327,8,11,4,15605.14545731815,1.2167929596052125,0.7633734031709998,117151.76643811013
118972,11,8,1,96706.24676688615,1.142352324461961,0.6494457416376263,179744.76629091785
75952,12,14,4,33663.56488604578,0.9031215783180825,0.8061186389292091,94457.43215931384
104485,3,2,5,87070.30383490084,0.934500510070072,0.6218718590249398,180469.7258468969
44486,14,9,1,31073.749749538103,0.7260491156333655,1.27399641941123,81690.12606378674
60591,11,5,3,30564.613648446906,0.8996312646524688,0.628781855965057,82808.78498913549
87828,17,6,1,66824.15727473672,0.9804170968108187,0.8512230080323822,130757.4216722014
81096,15,7,3,19073.0061918323,0.7859793152676691,1.1468278384806578,110326.77568839162
123623,5,11,1,81116.16213662509,0.903232775468598,0.8563336114469019,113413.62039700377
51936,3,9,1,27982.524979936352,0.672926801462171,1.0298921093450009,84183.09438139449
141231,7,6,1,92537.34023216015,1.1521385534541153,0.7163437717118241,134073.97315077504
20920,18,7,5,5833.3730154932255,0.950340709508813,0.9859456058044176,69771.36840017416
61561,13,3,1,32709.371908207122,1.060474433068983,0.6578886177852775,93690.850478377
26644,18,15,3,7005.3156325847485,0.6858156566706067,0.8521865774174635,62112.420349788044
28652,7,3,3,22222.22163936063,1.0575309273576234,0.7322930590038397,48115.56477054005
74610,12,7,3,58950.15785072878,1.2639869550231142,0.8691154058604789,104554.54457364706
36024,4,13,5,19962.036303761768,1.0427227973130793,0.7607492580859837,46766.03271349452
148418,11,6,2,75684.46844621682,0.6733601703989105,1.1106019265860816,223851.90040775295
47331,12,14,1,16314.300504421362,1.2839596266367845,1.290706276308125,72166.13145467188
41129,6,9,4,32957.66532364032,0.7357557113217064,1.119766812566354,72472.23402721094
42258,5,12,2,22150.99408010988,0.7605095781900395,1.2415553719028507,67035.41554244909
104992,13,4,5,34462.33180668759,1.214046772857185,1.0459199889404063,125553.95712407763
33575,8,15,2,16140.585294743112,1.2526051700105167,0.8498214137486059,45104.78367733805
100233,11,14,4,52962.99701912768,0.6356040674560648,1.0478512814029497,176171.54997841056
63157,17,3,2,17009.113939360006,0.8069681846783354,0.9070532704823755,128419.56046414036
87875,7,10,3,45405.763497190506,0.6283590900601249,0.8611494781275872,163481.2122094069
40719,11,15,1,20816.006387390564,1.2240930277288218,0.615658062389597,39849.980416349004
89522,8,6,2,57020.36437761006,1.2723158014814557,0.8901409842578702,116797.91625201012
22452,6,12,2,19696.249484895317,0.9745521558929242,1.219670244145163,36156.65324119391
52856,13,11,4,34188.087246444644,0.8659722983732663,0.9181017158559953,81575.04561533802
145963,3,7,4,93565.2698376424,1.25533275738611,0.6599582328774733,123584.06618264152
143846,15,11,5,99467.70893567955,1.1310990754439088,1.2653938518943217,162809.07977588775
33198,9,3,2,21390.20978989694,0.6913488342955676,1.0957642321679018,74564.35573242359
25684,4,13,5,11414.759612573605,1.1032961271386612,0.9435656222313027,43678.6851565893
148813,7,3,4,51317.286154161506,1.0667985130290665,1.249450676739467,185055.8588113413
121311,3,5,1,82782.56562572265,0.9808439823688717,1.005272849725671,123257.5381106867
44843,4,11,5,28393.796696213598,0.9372299388372591,0.6844262687413459,60205.459859225484
68573,5,2,4,34009.167613105325,1.127314219536276,0.7815545369148883,73731.88062337472
61541,4,2,1,40941.76339024114,0.7131658183670875,0.7519653401496252,89923.47046748709
75490,16,4,5,31060.921263071563,0.6409386795646337,0.635289402968035,159689.25925640418
22765,9,7,3,8307.384154347916,0.9922486905220501,0.6927804778953547,48168.30456500828
116848,4,13,3,55739.57957206983,0.6786620770328226,0.7953777214797616,140891.93950379267
36431,16,7,2,10836.748279356163,0.8586031085553241,0.930708330958243,58103.85418304549
96418,13,2,2,43986.58142441016,0.900226357114212,0.9401466308492887,115583.70679152806
149908,12,7,3,100586.01325113264,1.1802806158005312,1.1082411818943254,132190.7301568843
81726,14,3,3,50568.95893183987,0.9707679627921061,0.790602931257713,114808.77102795379
108536,17,8,2,79022.35669866521,0.6669297893748646,1.1592817610099884,170794.10499657062
126858,9,2,2,111463.33038873623,0.8979650694099542,0.7218751719296643,188733.23700540548
41313,17,6,5,25946.116007006825,1.049048483777375,0.8116655253334473,82761.67901012501
63365,9,10,3,34915.03261401972,0.7510918838945161,1.146954401315198,122540.56814996927
83177,18,8,2,71917.34673483444,0.7184709471349872,0.7614219292872164,152078.65422347997
140973,3,7,5,61730.02825817739,1.1890836154537288,1.0956577131452518,136561.24367365366
142977,11,15,3,29083.598666508453,0.6127759450467102,1.276512333064492,225868.59504631997
141450,5,14,2,33881.63502187035,0.6198262542957212,0.6341861551792156,234745.39701873026
89675,17,3,5,50169.15462893326,0.7349949023815281,1.2209509626266026,136297.71254696386
64559,6,3,1,21538.240634011712,1.265877621209766,0.6118848439131284,99803.56139932942
53409,8,6,4,11668.416045156842,0.6165976639799355,1.1596779489397124,85416.98905841337
68262,4,8,4,44324.11411164611,0.9010027609479414,0.9718593552033296,111323.33228723338
139694,12,2,4,89388.31581092185,0.8105657816051974,0.9319636801083431,231517.81142598003
65972,12,4,3,51077.57635671558,0.665650269611308,1.1352025540266204,110969.57204865236
57138,9,5,1,34397.677204297375,0.6525280937904826,1.2253765849618106,104382.50693241307
124689,18,10,5,61126.442308928476,1.0361275564800299,0.9172135544454559,139781.6889295755
98278,5,7,1,76243.99151611832,1.1036824537042005,1.282526590753223,85128.46056711212
120372,3,5,5,66602.00810617227,1.0848543807196882,1.2638112407489852,155362.74146152782
44027,5,5,1,21345.456521268883,0.8295510103849643,0.8485122101993551,72475.63843325461
25806,9,4,5,22178.37655331531,0.9133016380147151,0.6450519072940227,68148.58376900508
83214,16,6,5,71837.92500631332,0.8844184455555029,1.1518795212544153,148079.4516694103
138751,14,15,4,109295.74969359269,0.9628193822314203,1.092687505463097,192871.6523626597
77058,5,5,4,35238.33538725209,0.9105731063640905,1.0201891472510738,103900.9737798182
75476,5,6,5,53498.77089875835,1.1049932788935455,1.0075719480976006,87406.42452892472
53813,18,7,4,20938.65606602466,1.050538422449733,0.9777574234694566,96133.75556130231
132001,12,3,4,85418.88583789169,0.7258366971671599,0.6145876551506024,225182.22081051746
105135,7,8,5,85403.10622581604,1.1344234257102932,1.2810106358540625,131045.17051323538
59816,9,5,4,32919.03328138934,1.249257025180779,1.2650183975486171,88554.8295719728
20534,16,11,4,5880.657674010008,1.2687753877934678,0.7419597704771155,49499.77289179627
46162,13,7,1,41345.77581633777,1.18160977611378,0.8609612318847522,68490.94742257938
90526,15,5,1,19155.999654816875,1.2492945653476828,1.2650956784471008,146197.20474649515
39333,3,10,1,22752.04481489016,0.7148154447026352,0.9369030266592593,59767.95216626234
112116,12,11,2,69357.06170011534,0.7879416933366552,0.9931093137295984,153343.6059334105
73272,15,6,2,41499.24952670565,0.6833148815539838,1.1846088289867172,115662.36800262505
110788,13,10,1,74843.92282095467,1.032358463567844,1.0279083919125447,113151.5791427352
116277,11,12,4,90438.87211605714,1.116901380371532,0.7730080853950688,140294.76011400242
22531,3,7,2,16471.63853171753,1.1733992685149428,1.2073462258124967,30890.173822568115
86896,11,8,3,62034.95248747082,1.193137322402063,1.2489557319909368,132689.71716692045
22623,11,7,1,15761.673753849742,0.978484675976707,0.9184468294303096,44369.22746672767
102929,16,12,2,37960.92426670378,1.0291549929677182,0.786831836460249,163813.06703558302
108081,8,7,4,72276.7334958894,1.1787179844175135,1.2811376601683402,100708.86070750162
107108,11,11,5,73947.86863226444,0.8520694187545961,0.6065867412473162,200476.51735478488
78075,4,11,3,56093.02306959375,0.9172248745356735,0.8003300987710655,81269.48323155026
135202,7,2,4,105862.01769671994,0.8434649951005817,0.9836878134560441,217709.94517825788
111786,9,9,2,81178.29432254803,0.6627847915222056,1.2828533702896538,220578.04166355048
118384,11,8,5,30004.53830061018,0.8646495625128963,0.9031340257961322,191466.16180814695
110129,9,12,4,29099.058990193353,1.1618926747462148,1.286732543055758,173630.91865923503
20816,8,9,4,8779.944438810522,1.2633186804698946,0.7938375525557256,41670.36097561637
119998,7,15,2,26763.154334327835,0.7474133558307678,0.7024055739225677,138030.24017416316
32555,18,8,4,29019.930961404087,1.1541877133809302,0.7525491962559003,67189.03719316404
111176,13,10,5,36956.416353031345,0.9048011375263096,1.2647315337624723,181982.06218565188
76700,9,2,3,65360.44119759098,0.8867022955685431,0.8859068363767624,143149.19461466
33237,12,7,1,27775.152871372735,1.2899098523981611,0.6272453843583542,56654.37630923226
128164,8,8,4,104647.15591778069,0.7428951179104847,1.202173626915713,208593.9118577806
23668,6,12,1,14965.844677646051,1.115703539234449,0.8682226415718513,27980.391863067704
106115,4,13,2,74488.7203367896,1.0571084760499392,1.193512467149909,139434.67060918725
126881,9,11,3,52500.55421021662,0.9729583471452219,0.6457778042037474,207995.02273198555
33418,13,6,4,12334.998217380204,0.8529891237457221,0.8471424410776406,80268.41025152593
48831,14,8,4,43600.23178900645,0.7456554727390616,1.0085798693726633,94742.3237138646
122228,4,6,2,61297.457026644835,1.184642266975328,1.264912162297764,117782.8339230092
120418,11,3,1,65568.76632870524,1.2820091273787968,0.7357168147197302,120008.4075440747
90270,18,14,4,30015.17519623839,0.6320267007526478,1.1921291506202938,159803.79523291413
101200,18,5,2,37486.02908041311,1.2982430706260706,0.6258794278210535,144125.95586826766
47022,8,6,4,36690.78896157346,1.0107847277530537,1.0949065998655585,80851.96412165834
109396,8,4,3,42494.73951705101,0.7700934257519417,1.20619363641203,180356.856398499
66557,15,15,4,36006.72793748637,1.1065430095736408,0.833375026982114,89746.80329043436
57630,4,9,3,18466.886538529146,1.043146093866666,1.1051394976064017,94259.50900276101
80639,5,3,5,17773.861900694043,0.7390078917509614,1.041034730852603,144524.39911276207
40823,12,12,2,24610.543407485136,0.6374283911959349,0.8059827466702597,91483.06208569373
49258,8,11,4,13376.508900592587,1.239553956915357,0.763321249305088,56860.070457766116
135612,7,13,4,67456.68514660579,0.7730462619426678,0.9458012383779767,182713.6242773766
22587,15,5,1,4908.079571620936,0.7366412503364645,0.8896394885377058,54793.7221252736
107238,4,12,5,83306.40723443618,0.6969852958546056,0.702926679241015,202028.99718946486
114134,6,7,2,25920.528329589084,0.6753921285682623,1.0903211753404607,152438.57939059444
138026,4,4,1,101035.40492533328,1.1013043383879975,0.7175554608896287,147504.78262640222
33686,12,8,1,18865.777635151047,0.7151567071747752,0.8750602253249258,50971.12053316274
57902,15,12,5,38805.34079170959,1.2772877843976627,0.7390224795425898,106630.43266146013
74627,10,13,4,24904.098559591945,0.6613326060432221,1.2407527534228406,106658.20434684653
53501,17,12,5,14942.082509391072,0.8979139119572384,0.6524072837457875,103025.77856326335
140065,12,14,1,46417.465321419295,1.25339605591842,0.8643039787616168,116664.65235154195
80773,13,8,3,66697.05800366933,0.9933763711341452,0.9587134403579367,108120.48116442714
64133,4,5,2,23669.47890042616,1.2111404152829375,0.9686270425164,94044.23805880823
136237,5,5,5,57748.87552486579,0.923800036080936,0.9623475116497112,165778.01107626784
104526,12,14,3,62297.67306547912,0.6159337097210491,1.1812861472368217,180234.09077914397
20137,13,14,5,6008.130248201305,0.832829483119681,0.6771788599744807,50857.27006448394
105143,9,3,4,28318.84238273705,1.2187197716718874,1.1513112560906598,120729.56327656283
147610,14,9,5,125755.31334546315,0.9403598562924267,0.8749531778785797,250960.90177443318
141859,17,2,5,39493.22445682316,0.7967348008551648,0.7907422449423906,229667.4728759006
128753,12,14,5,94455.13524499671,0.9308215549030261,0.9849776268172397,183471.46567308964
120427,4,10,5,96187.01430463554,0.9497525244551545,0.9800420291844566,151591.36967732763
119176,7,8,1,85606.9840560558,1.153091531192231,1.1012291717270242,119665.43657247435
130191,3,2,2,110444.50243754653,0.8566154465156268,1.070470210481039,201502.21858298147
105684,15,8,2,38302.6769908368,1.1486636943028858,0.97116779583047,158765.30530126282
137943,18,6,4,62733.94029472724,0.6250651203861332,0.9220638293867278,257334.45101389912
71648,9,15,5,62684.055544388364,0.8012174993881087,1.071770618562217,99412.16517997294
53225,11,13,1,19759.227777513548,1.0810029621454962,0.6769817927402555,66973.92771746268
111032,4,15,4,40383.796034491315,1.2481695067370562,0.6125561272198379,126300.28255562321
102933,8,8,3,66162.82907726265,0.7456780137653166,0.9394353406062181,144892.23608454602
136549,15,2,4,36000.421189992274,0.9690315102565545,0.6946334461876297,192119.77633740415
92244,8,13,2,44819.7027068129,1.0561336719081136,1.0449818133790298,113591.71695286898
41966,18,2,3,15720.094632224987,0.6511160614144177,1.0389613397987298,95274.81222508021
112198,16,14,2,28291.495105076643,1.1318464118058364,0.6034204304282399,156583.0526660515
58167,10,3,1,49744.4441898258,0.9692408784269233,0.9104558188059645,75673.17336477891
95983,18,7,4,30327.631494996287,0.9722122729630247,0.891286331994769,128336.94472174255
129661,12,15,4,70665.61838494512,1.2143633970596812,0.797927906315272,200011.40063508198
118593,4,6,4,69764.13650942597,1.0579210659457523,1.273790243335553,160819.34311928455
106674,14,12,2,41240.41889524939,1.1556134084493745,0.8967312301113599,141550.38001083446
57671,4,11,5,50406.66378504086,1.0377596584951678,0.6431837705244625,65778.12138631105
99007,3,3,1,24897.551587910075,1.1192279829532223,1.278564681362294,93601.50870012972
49797,14,2,4,23761.461703129244,0.6392626583362657,1.052569590480274,122191.04149333404
123011,13,11,2,35613.00141479396,1.0821354567746408,1.1109797789864042,195081.5247384997
139516,3,9,4,47695.34540933986,0.8605389855807032,1.1323119172458758,179729.38141829168
136210,6,5,5,83419.37377799056,1.2262524001176445,0.9258983715832517,200403.71123064103
59616,8,8,5,38844.09434727282,1.087184985890706,0.7513690304783198,104078.23473899269
91015,7,13,3,26046.049775743486,0.6970226753171507,1.0303076672569056,157405.99230029923
114896,8,4,5,25806.52084771603,1.018252018864365,0.9000724062124335,121482.29710569915
76007,10,8,3,24425.564607850185,1.1399338007287483,1.2573762476164023,89109.97678130543
63072,14,5,4,36022.46389755832,0.9808804010562471,0.8467253531541786,113912.75405930991
43614,7,7,4,29993.307056092646,1.0452893919038329,1.074084222652728,61952.71203321158
20974,8,14,1,6940.963704681088,1.138307367536252,0.7517392499665175,21004.540367624373
87322,13,7,1,64249.53422847467,1.1917507843598594,1.0448594438346297,99550.46319038031
59354,8,2,2,24678.802114004186,1.0313061883129202,1.085165230042937,78810.81198566013
89898,15,5,4,65142.26398569839,1.0282428638209355,1.125197769002975,122286.09109055634
50272,10,7,5,25164.545626588897,0.6337175288916289,0.8057788105180828,105505.45172449361
129160,15,12,3,35103.94919837413,1.114661070694496,1.2336194489909387,175142.85618683344
97417,14,13,5,56765.96069766041,1.0332729854746305,1.1188912281963346,122749.86727716673
52514,6,8,1,46608.03966533196,0.9849360440208064,1.0909574435358846,57470.217925106226
75887,10,11,4,56958.90249853974,0.8497327275038615,1.0835664969020886,131308.97706261722
32096,13,12,1,8825.930734918367,0.7965850339836675,1.1847925988025312,63842.54334496331
46986,6,10,2,11298.432590379642,0.8405519945409103,1.1377287775675913,54097.71481513492
109296,14,6,3,94418.71668599333,1.1480448141990802,0.9633104189019173,103533.92023756476
34171,3,4,5,11950.648418128281,0.8749854637767305,1.2759544544065422,56599.35940307433
114133,7,14,2,30611.098805149188,1.2254612922880215,0.7979584489226563,164537.70707362055
61519,14,7,2,22510.56947746472,1.2463334278751081,0.9166254990280095,106081.82110338562
128091,11,4,5,96699.30527969061,0.6645727696790124,1.09572334713397,255794.86868555154
141388,11,14,5,124620.79863456913,1.050049036704034,0.866437894884192,162019.89120794658
139616,5,7,5,61500.162526484986,0.7900733317748214,0.7508354927144486,218726.6045140469
98564,17,2,3,55434.75325029988,0.9577242421474175,1.2190106123807656,175868.24041367284
41340,5,3,3,32965.10307278562,0.7358216541797272,0.9082511867375398,70381.9351134308
29379,14,15,5,23112.823836322164,1.1544023068263758,1.1030810292345612,55778.998417757335
128632,9,9,4,33729.93871733129,1.22149326421519,1.2878589828710836,198657.9349112256
97852,6,7,1,81110.33583423875,0.6707911283984834,0.9579030394195096,170390.20404075598
27657,6,4,4,14168.057396813532,0.9132378826855899,0.9291787489011792,51824.24291511676
58950,4,3,3,40088.04458460078,0.8013478789680515,0.8674468156060702,84878.70228170608
39244,8,15,5,25315.59151644532,0.9986657543700255,0.7262181236860543,59048.818306772206
139493,6,15,1,57631.942529950175,0.8001573080038153,1.0346025608617595,187600.0826474106
64659,12,6,3,33128.81266027469,1.0965395113148872,1.0440951819401731,84224.47792316721
87667,15,10,2,42792.61433741825,0.6241802871408787,1.1749942687518238,158937.0385830268
123853,11,12,4,63336.391371742386,1.1816655835939562,0.8738613057085606,150218.07583433625
67594,17,4,1,40336.12376104848,0.6588689147055259,0.7107387879235425,122936.98005245673
47004,15,2,4,20027.80415617097,1.1851846618954642,0.9612609332653205,95781.55525487376
124146,8,4,3,80263.95197662346,0.6967330639755709,0.8011510297107957,179389.45959611665
83497,17,2,1,59392.457193442104,1.0909190447153603,1.1378270732126676,133689.84349760428
116301,9,2,4,98783.06563106187,1.2776630873837784,0.8010103635237238,166333.75150569688
106532,9,9,3,52721.37477778952,1.1928140853051068,1.2836252829075037,110112.33329434779
48375,9,5,2,38201.3188892156,0.6673964560885468,1.0420058561464058,84936.76906896889
57618,3,7,1,47829.784109781795,0.7609061763534863,1.056730498285139,76041.41549420879
47465,8,13,3,41458.78919562078,1.0288084809799134,0.7430542962650941,68231.83168984157
28915,14,6,4,19889.182871409826,0.9447871253508922,0.9809375794875655,64507.93470093958
117961,11,2,3,49643.526317931864,0.9326558699868066,0.8658283397318995,158529.0923144884
88999,17,14,2,49467.19075525437,0.7227363643150134,1.013535142402442,139610.5457987876
51984,18,3,2,13437.591325701922,0.7578859323502277,1.0691177516891712,84748.70668285886
59908,3,2,5,24127.299159404327,1.297488383070227,1.1932147061266805,78010.07814292549
96842,11,2,1,43670.74882011681,1.1953118673068615,1.14978717510603,133698.08030207272
80989,4,12,3,19365.400967361624,0.926297587962831,0.8110783290474868,121453.06245860766
107408,3,12,4,91198.41053353873,0.8075269999728166,0.6472722870832669,141828.5280461591
139643,3,7,3,123596.423582893,0.9095316943769214,1.2382582881514816,189773.8439016063
87425,5,15,2,58426.15362847994,0.6082972866547905,1.2835190071157032,113206.39863006154
125180,6,4,2,105902.90719959383,0.6804344103823454,1.1291025498886147,242884.49485954863
106013,16,6,2,34852.034901292376,1.1839811898952988,0.8329101850973505,146776.42744497227
64853,9,11,2,27142.75765928887,1.2671833273532362,0.8106574000571212,99378.88110366203
81398,18,15,5,72960.32541027125,0.9765411183629333,1.0055904620932732,156458.0950427342
44027,18,9,4,37973.09676281382,0.9799581894901813,0.7771660965809024,81250.80777322564
63734,9,2,4,51072.432412089765,0.6592930926393175,0.9045654288890586,130772.497093012
87799,13,5,4,22026.86879016603,0.8485974108323979,0.9450507149370158,113289.93499647235
70250,13,8,1,32750.502644865177,1.0315390471473664,0.7865802601530989,79161.78104069908
68156,5,2,4,19031.6921719229,1.1150458912315449,1.1958936106354954,75030.36223442397
138174,15,11,5,117294.82083981426,0.7229773457284001,1.2311872230982108,206546.34537467395
109579,7,11,1,30208.771073348333,1.2540620432239518,0.9853045454857319,104336.8341071498
41292,11,15,4,12374.228273383767,0.8108025641923557,0.6857342678634936,82980.56882274174
39075,11,10,3,15485.860319678035,0.633956081372961,1.0148766379055012,69208.75640356506
131527,11,14,2,58667.652273434214,0.6695282588378033,0.7987131223707116,177005.2866555764
63653,12,14,1,44270.08346216093,1.2013768732431254,0.6480258457249317,94208.92275242112
73974,16,14,3,35092.1720383451,1.2520787484193145,1.129852650033789,102339.80945067597
103948,9,8,4,47205.021056442645,1.2148121692531184,1.0316180576166842,160464.196081032
31599,11,10,4,10765.25866048974,1.165944663122806,1.19614493828155,51520.64996101046
128725,15,11,4,107765.19411192014,0.7261270354225677,1.0661397176457934,192137.30100753385
48788,6,7,5,36779.76156793277,0.7686269094718534,1.1808397127192531,77512.33486392841
32936,16,15,4,26382.740655737118,1.2199474182185122,1.1730689993323895,51637.65295923444
23087,8,14,2,5613.566267026353,0.7268434477865682,1.2301555588408344,42854.66259476445
48080,7,3,4,10772.212910500491,0.835999087943224,0.8146917146028455,80177.84806079864
109563,18,6,4,50525.96570389499,0.6302758277634494,1.284710767044756,200419.94753753892
110010,10,7,2,64532.56629081329,1.221358478917833,0.7370483435419075,124369.35362063855
95777,7,4,2,56619.292130856964,0.6462964191144449,0.7561098835618217,167725.59736341433
114718,4,13,2,48294.43405459291,0.963940548703167,0.9459110404051216,160367.01753429562
95521,4,2,2,70421.91412954513,0.9405128991238083,1.123451139899022,109647.3542513008
35517,12,12,5,26451.96415891985,1.2380279025320968,0.8631358239551459,71840.14593002095
115559,13,12,2,100032.45902008432,0.7075910366406765,0.8367260560140501,196905.1897562982
20775,7,7,2,14143.767582819406,1.0939575926595515,0.7324008622660287,33459.42797141327
34868,18,7,4,13336.739239728326,1.2292770709479404,0.8387848711061139,81195.49008721013
35752,10,8,2,14852.770573764492,1.0616546665551765,1.2912882404425312,55251.63636841237
66116,4,9,3,32647.9435560201,1.1901218069343877,0.7116668762425434,59585.616058333006
22007,11,15,1,5267.610642693623,0.7196513244045483,1.031541930145975,35244.63306623961
142408,13,9,3,50376.625792102015,1.0705557492476483,1.1677628541666971,162230.65778105936
85690,12,5,2,26088.089925010776,0.7805769795212814,1.231261380912745,100430.00009334719
57761,12,8,3,37640.80456406208,0.739830455269745,1.0406349741113692,109683.209137489
136183,8,2,4,102487.707985573,1.2973324215346071,0.7713775750961004,151919.40729956824
132427,7,8,2,112558.16452943302,1.1644380974009683,0.7452490786694589,174443.80350719634
142191,18,5,1,94826.48952777605,1.2186194565232924,0.7907266454956756,194176.78368775148
93268,14,12,5,50461.141810378285,0.8710092597723278,0.802121125867628,140351.85747238228
115415,4,6,2,60553.89373986182,0.7266925804893145,1.147959826781008,153540.27782063442
62038,9,15,1,25532.097083286906,1.113667522490111,0.6035669964547984,57401.95565947017
142634,15,14,5,121631.54351350408,0.6171619029290092,1.195754241079985,247036.40126953874
94410,9,11,3,76562.87984619988,0.9012663584266325,0.7253260194817895,153772.00649034718
73577,11,15,3,53661.42333911048,1.0077110634507749,1.0195004453474263,95981.20600757134
113849,8,3,5,28985.328664267574,0.6041388813350491,1.2666678834814205,182417.4966241113
63824,7,7,1,48173.98658525337,0.7990896602847888,0.8033774249115385,77693.26776669858
122878,12,5,4,80892.5158417552,1.1313319541515665,1.11863691413923,122493.59443685341
92644,10,14,2,63721.3869965871,0.6566807733305902,0.6768808123949297,136655.76225297814
75517,18,8,3,67250.9776424933,1.2676578967433212,0.9342671942839536,93390.77221450968
99957,10,5,3,25915.08118329119,0.726363971006187,0.8980008662875021,123735.24199197003
40387,15,9,4,9630.16615901023,0.6180309840891327,0.900114559278635,94058.02101750133
84713,18,14,5,66762.26650582673,0.9941497166679345,1.182041502607762,110410.99174002979
86836,18,8,3,71663.13459843327,0.6358659068985845,1.2629027685826109,153206.13140172
149578,6,2,5,74193.69533375381,0.8292954933258151,1.0684222468248703,261299.59417207784
73462,9,5,4,18943.74323668651,0.8131816237551122,0.7372198238929846,123671.38740390858
66185,8,14,4,55791.3092101088,0.7840285862055858,1.2112772172613822,114289.06287188329
132105,8,4,3,39691.39504639127,0.7885671567071162,0.8858816912003327,164715.97067277905
92370,11,12,5,45618.065346761665,1.2572409974984986,0.7378607539447362,124876.4526057914
36082,6,3,1,9471.011138438638,1.0056495583161875,0.844862901204704,41585.472098379614
136636,13,12,5,64803.08112711647,1.148724122664793,1.108941580257128,223145.48420796124
58856,9,14,3,47773.77645496781,1.1628217235485714,0.6972908702179159,78587.95065968641
52821,16,2,4,24541.514155587694,1.1085063824343244,0.7692307041414996,79326.21402041282
43991,12,2,1,35121.914495963596,0.8043478829384662,0.9589852156616607,79370.58426180045
29161,8,3,2,14458.087541596671,1.1952706878083577,0.7942708076525844,44674.5403295124
44381,5,5,1,24066.13182345097,0.9157981151380148,0.8549960184250058,47889.96842459363
56155,14,9,2,47673.364361473425,0.8437799141886553,0.7622809479936786,98583.96901888723
107464,18,15,4,69231.48266685988,0.994051672155615,1.10712476079377,141441.4395583268
65075,16,9,4,46243.23683595137,1.2918791495868929,0.6782556175924223,109121.08934680598
85867,17,3,2,60995.108922013416,0.9368361966360989,0.9152758726882471,146390.92293532606
50247,16,6,5,21514.36716493441,0.666139466562708,1.2935111940451438,121141.29650144176
90926,3,11,5,77268.97504847552,0.9005808963081201,1.0675006000854295,158905.8664735313
97960,10,5,5,84778.74304235868,0.7266343120092968,0.7826227790240837,190562.3755878391
121814,3,15,1,104943.33711621609,0.843593319293042,1.072640160268616,173551.29917939572
133418,7,9,3,109237.07375865239,0.6585827904012941,0.6793598717193865,234618.2042298673
67266,17,10,4,57307.65636715437,1.1736786117628202,0.9607354576150215,124215.30786064191
51948,7,8,2,13477.439862074247,1.0575517990085275,1.0702205575726809,79464.79417989487
97728,16,14,2,66976.15917184137,0.7979134449652364,0.8335827951114503,151305.56056439382
136263,5,14,4,42722.74549175279,0.7951632349054415,0.6612265301519837,160561.0867504925
97525,6,7,2,83226.25555230978,0.9714753155951332,1.0484499581825784,99171.1937733388
87021,13,8,4,49000.56466246943,1.174744463426505,1.2304802052157044,119658.26397334809
112202,4,11,5,84822.25490141538,0.9841798226647671,1.298411921779945,110235.4036253922
92151,8,10,1,37208.84514884263,1.2535136650371024,0.6843488000474944,137029.6331586414
58885,11,15,5,30127.457768372653,1.2640449751287604,1.144232028890316,97695.60557317152
148170,17,13,2,99488.08699564642,1.2727906810720242,1.2682157039245547,207927.09047311178
48714,15,8,4,19936.846758960608,0.6739882953122202,1.209790973365485,112071.97743161827
81219,18,13,5,33139.70347378469,1.0749143942328754,0.6667243842700022,104817.15069909269
134755,3,12,1,98547.81766349863,0.9094285497284784,1.0437990530491774,176542.14912290193
98903,10,12,5,32386.797183285784,1.1591085592157884,0.886056355492791,111274.3781379291
147005,17,11,1,118168.54711572817,0.7171781605563067,1.1739257833040857,234655.56647899642
108899,12,7,1,56464.596586038635,0.6242707912564328,1.0890992964960806,178502.24592142052
147637,12,9,4,32405.353406316575,1.240381204163092,0.787460958848496,232784.47683819305
130466,13,7,1,47898.78882674087,0.6970661031992034,1.1637082269561292,183442.63010981836
143621,6,15,3,32192.45825337655,1.2689021280282744,0.6044385806213238,159898.94813588198
54369,14,4,1,13206.655708702185,1.0756684284165918,0.7111581391368273,88428.16932104294
63679,13,11,4,37216.43178423566,1.195332961463909,0.810167817455282,110969.00877051655
100595,10,7,1,49450.16540076339,0.6812459881395182,0.7053312859541719,187222.8403446436
134302,4,13,2,115348.4862675201,1.078953690848537,0.6646342055753114,143811.92382679417
67367,3,12,1,55640.28824546459,1.2974553146237726,1.162742648433139,63309.437378361166
45996,14,7,1,37966.21918573845,0.7249546142238472,1.0987884355800817,87631.93621083371
132479,10,3,1,81772.89648921844,0.7670952731467373,0.9018410229561701,150743.15475511792
147910,7,11,4,77457.03105651354,1.1290834102185547,0.9884967074393434,214970.08413339793
25409,18,7,4,21378.9352212863,0.6716078795049996,0.8498369996572772,69614.9638511398
78197,17,10,4,52150.842216689154,0.8673442724111107,0.8853229046476288,136984.67562755605
141169,5,14,3,115093.846168574,1.10981236470711,0.7664864697947978,145351.67784865285
39974,6,5,5,23202.39792377248,1.1133668913990604,1.1792095116496406,65308.05556517822
128627,15,6,5,34785.92631180217,1.2587858004350312,0.7684848868344023,153911.7102689917
20277,17,10,5,10584.320130764774,0.663293579943388,0.9298854901845437,62606.261740464135
126157,15,2,3,98977.75587175545,0.6867030118209408,1.2343264063002415,202386.48021110997
32691,12,11,2,18170.49110091299,0.7811513741485367,0.6399778341056986,61286.88748331782
30820,10,2,4,16667.743617908,0.7864259333800201,1.2800268202577119,63987.36285752909
116035,10,7,3,38994.99544053203,1.070699312456892,0.7158309534205829,142774.53962959087
128120,12,10,5,111141.38291424746,0.9305268108067635,1.113332224561095,190500.46848348583
121953,5,4,3,73198.48884858307,1.0677248320240356,0.7217180972866769,164419.78036022434
70285,15,15,3,28506.77760341593,1.1424553965364797,0.763719453231083,114485.090554575
54967,18,2,2,18448.652871947863,0.847579447876461,1.2950597997495226,118588.449320321
92093,9,2,4,50124.17588031525,1.1580250280224607,1.2330293302615978,130989.04911445717
66215,4,6,3,47343.54037600164,0.6194177397501406,1.235872732734744,96867.54135383487
92031,10,10,1,52739.95817479524,1.0821362358685467,0.883112038241892,127861.82823835692
122870,16,14,4,97108.02117778972,0.6437355003344762,1.1682356962644183,255105.78267216065
133677,3,15,2,80366.76520612392,0.8731692239445558,0.6285146304280289,207278.5967999509
32326,13,6,2,17904.643143255485,1.0921877840599026,0.944144941431283,54111.89189932269
129261,6,9,1,89800.2161510861,1.1955185129536137,1.1398417980508655,143624.93980807113
59800,15,7,3,14165.342085341916,1.096086619411808,0.9543395171887529,116270.87065548658
118609,12,13,4,61855.36885733306,0.6488889525580884,1.2807438731105347,173668.28483312984
77500,4,9,3,18769.733657303957,1.0637068610984257,0.6280376458325567,74592.0625338862
56919,7,10,4,27892.36609481777,0.8607811502506001,1.2033283014215008,77328.92154004074
128483,14,15,1,63052.159529959135,0.7491586014115443,1.2523345091392495,193085.9133412787
85635,13,14,3,35281.527265916986,0.6401229114548083,1.245902966277582,155513.33656704228
119722,7,9,2,88825.01041164056,0.8676412429347312,0.8864433525434539,142072.8397662992
40058,5,13,1,12119.497885877252,0.6863268707221507,1.198439939852586,65600.58007296218
95544,5,2,2,51972.46525270962,0.7913528654645903,0.6841914764509897,148748.0732356853
27387,6,6,1,13700.494340552264,0.6888782568631631,1.136330857550248,40534.061524914214
101454,10,9,5,83728.42111857655,1.0515804176476253,1.2005067054891736,172480.07999424895
120675,5,12,1,86381.28024784234,1.1873741930110242,0.6070746825062012,120732.379141539
95841,5,7,4,36301.34132711692,0.9060052609912249,0.7888426389247818,157181.15604538604
138328,13,2,3,87172.31426851016,0.7899505431181112,0.8252876745722016,225319.5821380805
144878,10,3,4,71698.81172352006,0.7466058043065485,0.9471898552782392,174653.37707088137
114234,9,4,1,84518.30171952654,0.6102098069606757,1.2335124754659028,217695.78022018712
82212,9,2,3,66688.60069996802,0.7428317988071538,1.0997076978154965,134455.8572548515
29786,12,3,2,12114.599783790098,0.6508309925693254,1.293858696522126,70061.17558091378
119645,15,11,4,25311.62507750315,0.9251212063341923,1.2355231115445298,153216.5433955227
23352,3,15,5,19607.635310319605,1.1173522985102564,1.2372663206186796,44969.22367288655
113996,3,8,1,45074.239414634074,0.932930444072722,0.8363958907437616,120883.48110317276
41246,12,13,1,14399.570168793525,1.0827696054407363,1.150050173119951,57186.04183424894
23955,10,12,1,15251.480218433775,0.787903159162314,1.047887312819221,33266.19968434933
42456,11,10,4,30958.702552200484,0.939502486702682,1.200689151104146,81429.82020738795
101689,9,14,3,54489.04909360313,0.7549718261468976,0.7158809178913306,163277.43990102128
117865,13,2,1,105472.62332700891,1.2504150643751237,0.6716728965356084,122940.64648216902
113547,4,8,5,37840.25887642375,1.0686432531809715,1.2409793454654867,179306.80764313551
72903,16,15,4,60045.09120807965,1.2714933379466333,1.0770583738671093,76576.64841073367
120231,10,9,5,26676.9966273449,1.1061215916164766,0.8006428510826153,134529.32032070402
41331,6,12,4,27453.76401592925,1.1845973043783367,1.0346898370839388,58257.4817693725
21481,3,15,1,18744.550304277458,1.1964843094908542,1.2071087287059328,16395.39651080896
26707,7,7,2,7430.157521869359,0.7036858190771154,1.2623801300008184,41761.57427412569
146531,4,14,3,96123.79363863007,0.852237163288058,1.0139392238866534,239996.0928060026
93160,9,7,4,25323.6519652281,1.2369703647407881,1.032699698262317,113004.37768734824
146081,16,11,5,100942.76695545456,1.0517286197452689,0.6210030251269786,166763.8752144236
116560,8,11,4,91145.48270566565,0.9243589192193447,1.2586096606334045,151548.10111763884
78036,15,11,4,40575.04125344067,0.6519814022568038,1.2189082666050763,134159.47886747122
59555,16,3,1,34894.17612612318,0.8403131819060777,0.7637001411390523,85069.7315325413
22925,18,11,3,11549.33909739727,0.8874601800146436,0.704473418834522,60926.53372482954
46626,10,8,3,38689.57122829859,0.946256404701898,0.9759983985273507,60368.598685448815
138106,6,7,4,99192.15677780702,1.251353697652264,1.1288842889487412,189726.57691138308
87428,16,5,4,71678.86644986185,1.1148143110407336,0.9985812918847486,145845.5600507431
127040,7,6,3,69707.03109509843,0.617638002357983,0.9585225220960834,206734.05773698498
63343,6,2,5,13775.212793139217,0.9311387604349818,0.9375611207428386,112599.57630268601
121867,18,12,4,33606.25038554364,0.7927607022744141,0.6465924465603601,175648.71524782458
72099,5,9,1,19951.604737665744,0.9499513943342482,0.925840211542895,88565.2263300377
139861,14,10,5,89744.6209742903,1.2878798031939174,0.7410712355162062,182059.9638582893
118926,4,3,4,61755.125624638174,1.2556378048139436,0.9668071270598446,148539.58879849728
108873,13,13,5,65845.83455853691,0.8303460824363318,0.8742635997265941,143493.4702213214
103555,18,13,4,22728.667876321233,0.750620107502711,0.8556481320983782,137364.79352063657
128452,16,14,1,25915.398208515464,0.6091536232538921,0.7180639877143374,196101.1317033156
100873,17,6,3,82232.66702913163,1.2113977639118616,1.2035072234768815,107784.00475718365
98543,6,11,3,33544.832535169546,0.755832889716677,1.278392401242845,130907.96200265367
97924,4,12,5,27137.907397047504,0.9438090985267269,0.7094378605059856,99486.52716667189
35577,18,5,4,17294.649251058756,0.9515653643218435,0.6943108715194668,78939.17321429704
28506,15,5,3,7309.622632698874,0.78635815252849,0.9212860818360908,72788.05810889698
139505,13,4,1,83094.24771049105,0.8620777279503684,0.9227811391251228,191894.10388935078
103721,11,3,5,89346.04298067544,1.2231103472064824,1.117533069589687,128359.03812373015
66099,6,10,4,29062.619161251685,1.2755210128925074,0.815349347398881,109548.39369626346
108781,11,9,3,40052.35210440328,0.8403825507501123,0.8234072558965305,182516.24365300033
131815,18,14,4,110567.71453966403,1.0328189438347952,0.7658971022203951,158070.37010907126
63680,3,9,1,27549.32046699127,1.2257867630679455,1.150605234762144,57078.80708357345
80866,14,14,2,23255.083385150654,0.726031816766895,0.9075073297327259,101655.91289433559
31524,4,9,1,26362.444148818246,0.7537756502670175,0.7076494646307265,50227.54678235941
124845,8,6,2,64557.31534194531,1.1852830484143682,1.0788362233856605,141315.76487514365
61198,7,10,2,42249.013456343055,1.1739669973548743,0.9214213133597191,88108.85333998685
134265,5,15,5,96673.83131408256,0.9986425913015595,1.1119094287594646,155214.34484528567
82465,17,5,2,39640.653174058345,0.9580537587890359,1.2462109502296432,145888.16065403196
45109,17,15,5,31660.201773862434,0.6115204747091126,1.208784436849649,93755.47571261207
92463,10,12,1,26469.062956267837,1.1484712527410368,0.675204081520836,107235.15505793254
92082,7,12,5,66577.22176233902,1.1541872044551362,0.8019894173530071,120819.06125728243
128511,10,2,4,66454.96167180147,0.68274762856995,1.276591910962343,196997.58264456657
134736,10,5,4,94608.29513772618,0.6796374586005671,1.2719969018480812,269026.82285516127
148306,6,5,5,45977.546174780546,1.021350077802881,1.0825307261671528,173307.88065556283
116767,15,3,5,78338.05772615527,1.2138581673935338,0.7695872237500772,140899.73606823426
87595,11,9,1,62020.95146352684,1.276577754674376,1.0047868205445163,126990.71291041737
119623,3,4,5,86090.99423278078,1.2848371501034839,1.2661519263304506,110877.74286829226
60086,4,2,5,50053.60676778401,1.0584854295098745,1.2590796723094502,105269.75574580292
31200,7,8,3,16653.135357309242,0.7247413534636722,0.6281944872329831,51122.51515579027
101055,10,3,3,81231.9918726634,0.6446454640495642,0.7754523776773222,207624.8061005777
149857,3,7,5,133253.51226945172,1.242335432453002,0.7304912861037098,167844.60653076458
100430,6,6,3,20513.390961419853,0.6132964438735518,0.6612899568168097,160835.79911944896
145365,14,2,2,112777.4919922449,1.0502292900779915,0.6508915349009408,197293.1324478706
25474,9,4,2,6172.193215262388,0.9077564204865584,1.122490302760696,41417.98983717092
137088,5,15,5,34418.81280196819,0.6391059133399875,0.7888989609512882,155460.50588836413
136568,9,6,4,49929.158552631525,0.7834218808056941,0.7006511676739535,149662.25933977443
46666,6,5,4,37454.86042202282,0.6953755299331276,0.9310505539551077,82888.16274520593
73486,18,15,4,64891.55480618165,0.9854071061976108,1.0335493543967507,117434.61699831557
38012,3,5,3,10433.503499982762,0.739376373361811,0.6150309820911766,60288.26737855322
53735,3,13,2,36290.820660963436,1.0868746833497298,1.0277499674241795,45845.370631757214
56608,7,9,2,22557.299639712972,0.7452202145239324,1.0407081516827774,93605.60181521079
92373,4,5,2,35273.37750879448,1.180404686566133,0.7400145204771139,113647.15981477476
100131,14,15,1,36676.34101220503,0.6363932496655907,0.9445010156860804,167059.13488864986
103347,4,5,5,67451.94088264747,1.084287390602547,0.607945245179594,120327.0767918724
114521,12,4,5,101501.33385187874,0.684489952591793,1.1551424549463851,223701.47260779893
74479,17,12,3,32641.696423532157,1.091874818431649,0.7133991814895153,108328.37507527322
115029,5,2,2,80158.96526702995,0.9078933546165096,0.9735340389945216,140614.84742325475
53423,14,2,4,16895.565344805724,1.0075025219345481,0.9414797368207528,102062.90984207045
96277,10,7,5,78908.00045130184,1.2683034828000257,0.9759486583063683,103165.5134131335
91313,8,15,5,57689.72898274674,1.2321912823668364,1.123828179216395,96387.98851435794
128733,15,6,5,74661.69423826777,0.8668960615937089,1.1462693739808278,153079.3602075642
130976,4,13,3,60570.76342473936,1.2909828286907754,0.7368340065230082,136341.19574465288
87719,16,11,5,50621.09137656673,0.9762759015122815,0.6110350393098862,161189.5974128271
33807,11,7,5,19237.975866131233,1.195702727035875,0.9667214447710132,59166.687000274134
33014,4,6,3,8341.991653704488,0.9469844044737317,0.6341206767501751,58602.04754641529
139607,3,11,4,66871.5011176632,0.6900291978126608,1.1935035027932748,167657.47548649996
93269,9,13,1,72247.20381939357,0.8814431922935873,1.2020059191213606,133193.8580368493
30523,15,11,4,10524.099421924566,0.7720379816186239,0.7068816040876118,65954.60442603112
65946,4,11,1,40351.77577605378,0.9825671536652583,0.9666841845499391,78231.97199115624
110755,3,12,5,91678.80184401045,1.0773243581764795,1.1340140854740506,110221.27771541814
31030,4,3,3,17405.074122719318,1.1969066078781672,0.7715895729343127,40802.135548249564
89711,6,14,3,25137.394172296994,1.0906210964236915,0.6703222292845927,93407.95214177966
129561,10,5,4,55149.957374834616,1.1913138198090072,0.6924189355250766,144584.9322883181
144993,4,7,3,62384.93232237231,0.9915626482723304,0.9953892137794687,179998.55688698488
87541,3,6,3,65318.07182844877,0.8290871082116948,0.6158434347153521,109367.80416117462
56509,18,2,5,31049.03571704149,0.9872311202538488,0.9108123307829862,102010.4138920289
48311,9,5,3,29377.50917770305,0.8848119952400312,0.6917847643457175,78541.52814557153
104573,3,6,4,45059.97642891498,0.7884019135258667,1.0071208862578633,151128.12394319568
101751,3,15,3,90756.02144482863,1.2522592512751722,0.9149541432266977,72569.02741149887
129423,14,14,5,68931.43775452988,1.169119549330469,1.2767180577662705,158614.7638117449
111252,11,4,2,25009.177186681747,0.6440074374164351,0.6223039855922585,178255.7057077415
127119,5,11,5,37987.073783168395,0.705480935470587,0.920660246969688,163753.32449467445
22544,6,10,3,20185.931324320474,1.0508320338755457,1.0659753930541878,30590.115464641876
69560,14,11,2,25565.67816363981,0.6917495265480605,0.713089450108604,110870.7398256671
140395,7,4,2,62947.38135196808,0.6347665243235546,1.1904591453028632,216469.07550037483
55809,5,4,2,26781.303742963108,1.0529998782283752,0.8947539118598822,83376.78853669805
104122,4,2,4,87206.67789741915,0.6157599964683245,0.7350244358188427,183457.34139204765
136510,13,10,5,108070.50140279518,0.6190304448134764,0.6227749793272757,240589.9639154201
122248,4,8,4,95286.70555879666,0.6382767857370341,1.0173423373834167,178241.2256501816
127936,14,14,2,69108.17271502114,0.6892112622538175,0.6820128261388295,165244.20843684275
100616,11,9,1,20207.88857365635,1.2194596343245343,0.8999868194542608,94811.84213553248
27031,7,4,1,15358.923772448907,0.8734723966555067,1.2799599053604747,51010.70012487634
49400,7,3,3,40439.37496314017,0.7896484897455516,0.872759288032285,97342.01363656746
47917,12,5,3,23814.929226816384,1.1592026395265198,0.6818955959872846,93381.69697900183
142489,15,8,3,103886.13798603452,1.1894146292027534,0.971285295475343,198221.31176807306
100254,13,8,5,50412.80392877686,0.6205614323363244,0.8040456011484727,175861.0825434962
24031,16,7,5,8209.100691359967,1.0603632758075179,1.0438086009941463,68519.20933777196
125510,4,3,4,26225.067314482843,0.8062798906158308,0.7325184286091239,189385.61214191772
76581,16,8,4,45481.24652455781,0.7604923225411251,0.8537735076492965,125284.88134761539
102326,15,13,3,25535.02096722924,1.1960848795284023,0.9721593385865686,151669.0902831187
133603,14,7,5,27658.949179754047,1.0992360041028042,1.1638022964822983,198047.99895996583
82511,17,2,1,66939.76730842778,0.8217708926158466,1.2973669614444325,157851.44451830693
52519,18,12,1,31235.999941875467,1.1341540079492791,1.094755279607148,88250.20004478258
117091,9,8,3,62491.02514854075,1.283531060376153,0.88735813216956,121853.25751138876
98873,7,9,4,51749.94290437071,0.7665137158456684,0.6253866144425184,134946.18985290648
102653,16,10,3,84708.08088111652,0.7660069288514959,1.2184114320580761,203494.1829938514
92029,8,6,5,64104.82669004274,1.1181822263087868,1.1539533658591914,100826.16074508902
128903,16,2,2,101969.64060916357,1.0888264760629707,1.2331082730520602,137478.47325850918
68115,14,13,1,46192.03719605782,0.6486018752634978,1.2843345160420376,128649.38679798055
92909,3,5,4,20742.31275726308,1.247207321681449,1.078580989872993,120365.3779466345
125767,11,4,3,26410.835385817445,1.0199415633121776,0.6164192455062589,151075.02970268892
42268,13,6,4,18985.143665723746,0.7855793233742874,1.2591907139714427,81396.02055445427
62677,4,13,4,21528.949299188727,0.6547364891257408,0.9294080227343051,95770.57662649281
42326,8,14,3,17036.86408040169,1.0852864851216295,0.6640033134896213,58556.51524255029
115382,6,13,3,40777.094454789025,0.9152419826298548,0.6940343228506082,172480.0421716921
75466,9,13,3,56648.13645195965,0.867393526220008,1.0951612931218215,94929.59589685497
95405,7,9,3,45929.08076467213,1.072671091810501,0.6741652828857881,121015.45230849666
112867,16,7,3,73721.60242903019,1.1558787103845631,0.6682441890063108,113095.46256344712
99716,4,6,2,72780.99185553135,0.974420077221495,0.8834476981651493,99428.62356277765
112952,8,12,2,75134.32193397662,0.6141012094825095,1.0615399423176874,156140.02042088285
80945,3,4,1,38813.24041941768,0.8719030296882415,0.644765160694189,131440.99359479785
141084,4,3,2,85412.87483031212,0.6079147169245788,1.0671187962767097,253214.7108198898
87598,15,7,5,50658.237391297655,0.9945677030340775,1.2008138745181964,148149.51240629193
130339,17,14,2,34361.00551213599,0.9790442013791257,1.0386904362936153,174008.9041869751
102850,7,8,3,70215.9203807824,0.904828689435943,1.292248519540165,160254.77814526545
61607,15,11,3,38368.94019928926,1.0879755276987335,1.0755300117349538,100369.91973475715
58902,4,6,3,41643.19971600302,1.142053220842262,0.8553443503875975,65305.0808273179
105973,5,12,3,78515.50673167544,0.7784395864572645,0.937339372911613,153042.0954353697
122452,16,7,5,48262.305613897646,1.061595823953204,1.1317005855165345,135235.5822053855
31398,5,15,2,8692.373145124004,0.6908017945756124,1.2827790544038506,53929.29049492467
74500,8,10,2,46215.958896343654,1.2399418686006518,0.6490910711335908,72968.01697756926
63926,15,13,1,32357.826136312637,0.6544107657013546,1.1024775007754966,102385.89691136639
48580,4,6,2,21960.26834012982,0.912616554846669,1.1915703419682615,65632.01780914488
95084,12,12,1,62444.52093636687,0.6036057117142393,0.9313934482975132,173821.14527448028
138094,3,6,2,39074.977995689434,0.6004459780144986,0.8298570688270799,171355.12626701203
32018,12,14,2,28190.320387044438,0.9468241518356608,0.9403737319438851,42199.84267158956
53338,5,9,4,42889.39421141849,0.6070483935981851,0.6184578691413166,94001.101731585
46234,13,10,2,37373.91668553373,0.6408381215674004,1.2971846620050393,89766.14153634579
131982,16,14,5,110228.96478202043,1.128423455625036,1.2848711509126902,191582.49415348558
76650,5,13,3,68907.29053267678,1.1716377949098709,1.1537161599566341,62588.83005147971
142372,6,5,4,33011.588580535186,0.6367132707508442,0.9105433271434018,229297.7537645566
125711,12,14,1,98727.45074749662,1.2095464026193756,0.811236845376542,106276.70027888696
112359,16,11,1,88809.07103700335,1.2270996594261896,0.7997989470275316,125870.74864691788
147456,3,14,2,128596.98013989063,1.1013386606087634,0.8340004410371838,161291.4608997351
137187,7,6,2,58022.56722472836,0.9476557512903162,0.8351160970101073,199991.73262650202
107429,4,2,4,66761.34106235865,0.8398207925708665,0.8607765522058526,158150.12572634962
107756,6,11,5,35258.2698488745,1.1028657678604397,0.8546994570089885,174984.0529113314
114686,12,13,2,37330.91827793264,0.6377892796686001,0.7849370208797046,196127.65781305052
138216,7,8,1,123476.26382690234,1.2432666321986419,0.6110493536823404,139286.9346403748
101274,16,6,3,49982.86081898582,1.2990084143541505,0.7799000813053658,151658.26030514203
81832,18,11,4,35007.060805497844,0.7448511199483103,1.243182395017415,159615.2310343669
70408,16,12,5,14257.263584924707,1.1993314422262267,1.1166601823274633,91535.30500437034
32519,16,2,3,9888.096601286068,0.7635793848814786,0.6546269653772065,71955.4460533979
78691,4,5,4,30841.548006774243,0.6785779697708205,0.7241684689774291,118112.86756805993
65584,12,9,1,38682.18212297201,1.104562178395139,0.9064139558417299,68913.02517077842
42724,9,6,1,35557.57080474302,0.9300188053270934,0.6402010357010977,72677.61067860949
107244,17,9,1,88263.01038253642,0.8396270663189417,1.1539447619422507,158748.7930029965
45319,6,12,4,37654.422090372194,1.2130388676302695,0.9923155829907304,50259.88161729108
55287,3,2,1,20416.3355988643,1.0706598694761182,0.8100183446882655,80021.26523856103
34096,7,10,3,10406.03316909917,1.2129818174195401,1.2141663317447469,57021.10474979903
28834,16,2,4,12787.602966755963,1.0497682991431967,1.0829873108425407,72052.97827061318
107942,8,14,5,64516.03152505467,0.904392988994847,0.7744351468357717,157614.6791141792
69809,3,6,4,39888.47696698045,1.108891032800266,0.8823458426456796,96137.99383317982
141608,4,10,2,108030.51919357813,1.2459865491454023,1.190452780404745,105040.31369009838
24935,17,2,3,10437.408855683196,0.923596933817658,1.0187176038239256,70555.7808875096
63557,3,14,4,56551.06956096477,1.0434249250229444,0.8727828100970874,81537.6505976259
72267,8,14,5,23383.606114078637,0.8134662347377817,0.681927644334434,91995.87282138808
118705,8,2,5,96312.43116855156,0.7781870686182215,0.9099415919494547,176204.46565705264
52687,9,5,2,44010.89121191846,0.6851368976647616,0.9930025525301358,89782.50977026438
61141,10,10,3,25175.069543122925,0.9211763893954892,0.6611935098267542,84576.50023806204
81442,11,9,2,56971.472274952095,0.8649431490102191,0.9621036750211303,142769.8753279648
98146,18,6,3,69688.2800868181,1.062425664945732,1.139075611362232,138442.3877919823
20717,7,6,3,17960.98276170824,1.2013596498721335,0.8192597015132165,38036.05486413398
26524,18,3,4,10636.892626232346,0.9627320115960621,0.7690109977475504,63916.592944500786
112707,3,8,2,40204.33544548894,1.1920346573340304,1.2230937299963802,152595.71806295018
78605,6,14,1,62672.524609979155,1.287135109242742,1.0522414333763295,97347.70882781011
119017,14,4,1,39263.97816516973,0.8186378317302545,0.9567697761377263,177844.45542305073
140750,11,14,4,28362.512810722143,0.9530126768621032,0.735546838480426,147290.35012023497
53346,13,11,2,12634.445332215106,0.9803799788889664,1.140342404042509,67729.60557055805
133242,6,10,5,114961.7569150498,0.9097771581603594,1.004142639088068,195749.69256445704
101016,13,14,5,89027.96933859748,1.2059039515511816,1.0409640285193584,159121.30109425727
73983,14,6,5,39485.859926020225,0.7069482946169892,0.988911538226757,149120.41591252157
118253,4,13,5,104263.88886261001,1.1729679340827537,0.9770085632260631,106789.20875590859
100497,10,5,3,20252.905900731937,0.665987442115491,0.7812884140478253,145662.69412269208
110896,5,6,3,33290.93315958692,0.8031387572673808,0.92386674162966,168748.14555367932
111906,4,13,4,49382.59744561304,1.099598248799652,1.0942942951176762,174077.42362634552
62751,4,9,5,22468.892325732082,0.8633923691239771,1.187627541133926,88553.43644591715
25466,11,2,5,11483.702872678128,0.8585603237555446,1.1357798968149309,64003.270431847835
85022,3,15,1,18061.539706383857,1.2341299923607036,0.8999099751465459,100021.68527353497
92497,11,12,2,32751.341826645094,0.7189593084162051,1.1051995435270277,116928.3685030122
95373,18,14,2,36551.55253318692,0.7817785681149222,1.138054267423695,159538.68899316792
59658,4,5,1,22661.00731233108,1.2769301553241272,0.7937215107255644,68535.8043557568
131986,6,4,1,78536.55848064768,1.2595986847957064,0.7527258965508953,108643.41327449642
58172,18,12,4,50420.894140925084,0.6600840340453986,0.6913898298715335,133453.79927043495
62179,12,9,3,49987.19719810444,1.1306202323847505,1.2197716032301535,79312.12595462777
91724,12,6,4,64969.10894420393,0.8058826480215786,1.1040472904383625,136627.6684132144
134433,18,11,5,89470.7676965245,0.7225836227895419,0.8531197890952648,268101.31235347805
49140,13,15,5,12049.930547448526,1.1710475384795025,1.1373268421529708,87276.5665315375
90803,17,10,1,25894.11533502871,0.9292207120446287,1.0089195723432547,150508.44285458061
55030,16,8,1,45102.52820096283,1.128587117674671,0.9271575641029257,83789.18888985457
142211,7,5,5,81109.36609812424,0.8681099428639222,1.0997303170135773,204352.87016549794
126202,4,8,4,74996.33943539488,0.6861623083892925,1.1963920467521976,211472.0018515981
43036,12,12,4,36256.075364961274,1.231128602974219,1.2888096840996686,76034.15775813437
92444,5,7,2,81329.78711665233,1.1311886385649048,1.2917218485334465,80260.40309972971
98791,15,14,2,45568.15336182199,0.7201564709464792,0.6567276625924781,183150.3694304539
114330,7,2,5,56215.89020301133,1.1666773498622565,0.6255944299431175,114109.8244742384
80266,5,6,4,56316.9493840617,0.7369616775573185,0.7500674188152684,151985.88462823894
97728,12,8,1,71049.4197917654,1.0019991545465659,1.191691024750448,158617.4387992397
41448,10,4,2,15835.188399571773,1.2582310266373224,1.0189263683015273,54218.25718340632
48289,15,4,2,16881.34196490848,0.8733831037681618,0.6642008596586862,90167.87563322313
62210,4,5,2,48545.19567977424,0.7652956445043039,1.2568738361531415,100718.29716226578
96701,11,7,2,80619.24870731274,0.6240813553607311,0.6132463026713908,188470.53665435716
48291,4,8,4,32640.543363971377,0.957935493129795,0.9355066010321833,77988.41219245762
97808,8,12,2,52293.5999930946,0.6191434267297935,0.7661751970804802,188113.5941765112
26294,12,9,5,20588.98456277291,0.6798032597183854,1.059825623830788,71409.38373317341
102987,9,10,3,92552.00264349836,1.0503099740607489,1.048077704085757,113485.37411163677
85170,13,10,3,37541.14851742363,1.0826132541929039,1.2668351967923845,125115.14213608435
22818,6,10,4,19410.953042404777,0.6438322934942258,0.7994603624518256,50506.33443347513
127210,12,13,3,105210.8924853392,1.2008458399820254,0.9748456189163246,172449.65263325657
23858,14,8,5,9821.83059565255,0.7577348107781676,0.7217919140848966,57164.89137166617
99198,14,3,5,52260.27165692388,0.9501239994234996,0.7098254387734827,164924.13079031615
30855,3,7,1,11705.000481309193,0.7056337759445596,1.0916025972109287,34050.821487428366
64797,10,8,5,56162.71001040301,1.1450165739835771,1.2427047309234691,73748.10181863258
58952,7,3,1,19590.055081577993,0.6295438308173106,1.2217866186697313,90366.49181993898
72975,11,13,3,61227.55573143268,0.8177387605651731,1.0962949750617217,90324.94013533555
65081,17,14,3,43407.009063806014,0.8210688329574672,0.7583003594897212,114596.864567926
144788,17,13,1,102994.62925613712,0.9644548482050748,1.2154048224032086,143277.20333717598
56470,5,11,1,28101.18631044891,0.6450033897815115,1.11158309948424,91351.1959512158
115795,18,7,3,52982.12136521643,0.9510198310269473,0.979196020342868,186526.9291854658
123365,10,4,4,65139.420912856745,1.2879844559723166,1.1030981810594331,142822.43489576422
109491,12,5,4,22556.438659389674,0.8652024734005912,0.7473395506774402,129805.05244236742
67616,15,12,4,52593.56566256599,0.7308777160017024,0.8286818495285713,108580.90339512771
107058,13,15,1,34860.809375711506,0.6367515472973528,0.7797053465032252,174921.77929213695
134941,6,3,5,37288.95138779075,1.064791126048315,1.198601913798116,201744.7059966705
21063,15,14,3,7627.8827549996495,0.7505650603144943,0.9189140806241327,47765.29063681172
40235,5,14,3,35844.71053850904,0.8032850965122327,0.8051385193987632,58967.13493259567
20950,5,10,4,14096.952413723573,1.0688292601832374,0.6142323112588652,36802.55002316915
97374,12,7,2,64217.37407025781,1.2823957448008447,0.6933486508074125,129925.31060441153
97356,15,2,3,63812.995516851406,0.9074295354052622,1.1035482062151674,184167.84219148275
46608,12,10,3,25583.964544275863,0.6073201565694611,0.9519324343521458,80237.87058972762
136868,15,5,5,102115.1925504765,0.8846961319758542,0.6834806815508699,210206.84917185188
70091,9,9,3,33845.95086953632,1.2525146163476364,1.0908398225267133,86433.64413778037
58074,15,13,1,40491.44530350397,0.6891906234174261,0.7037859828670573,98589.48763109258
81395,18,11,5,26712.339455552436,1.2864583395974853,1.0937347899928085,145718.84348423287
53237,10,3,4,25827.26772843776,1.0953006379229797,1.0921191057303454,71253.13293198419
27734,6,7,2,13584.844399750578,0.6629571896694704,0.8078905498061734,46560.93743646175
66963,4,7,2,26735.75892506013,1.000638259793996,0.8033828524896582,89979.96819580974
31763,7,10,4,27641.949517369725,1.181758239257165,1.20215530633243,43912.9386271348
144739,14,11,1,81468.22506923988,0.913694486089893,1.2376389899505778,235718.08195253098
67130,6,13,3,48895.52710654772,0.6614527741185703,1.2475746715227012,123640.93625047285
79863,14,11,2,51181.19755499502,0.9953909239881147,1.0221467221424434,108054.63714461356
119327,4,4,1,69334.40739368579,0.6192665862696797,1.0053909431894439,190029.9412249239
70086,4,4,1,61507.09885365611,1.096105822487301,0.6995022459167067,58705.34926503916
74651,14,14,5,54250.02947399914,0.8463373511739594,0.9406351248402104,115712.36404978673
119876,9,3,3,40635.094450868455,1.1623633337730341,0.9650790183479255,140336.3422057974
23074,16,2,1,19555.65946037705,1.168291994930233,0.8427094170516257,43395.18034705734
62170,18,5,2,33896.46587178278,0.7947508270702818,1.0087453652656948,106587.75957258433
126482,3,7,4,45008.063529947,0.8667345439622868,1.258597010924662,197492.18720653234
80599,8,9,1,45482.38185227022,1.1851605368981115,0.8129690735916903,111838.64890844925
88841,16,10,1,30548.775808217728,0.6682154543768881,0.9489761081853119,153874.46197504306
97468,16,2,4,37313.93884346285,0.7642583293006926,1.0912888147203383,129165.22946590919
82657,11,11,1,46776.98113704785,0.6501972379809688,0.9853166083998322,103718.5133353858
126475,6,6,5,53336.07465522638,0.791470735964561,1.1673302972514155,162328.3733531014
38240,11,8,4,34207.5129955727,1.2711659270373101,0.6401946555743729,67343.10796096842
61452,8,14,5,47304.433824489075,0.7081832041391225,0.9558138090960835,108771.64964498524
53733,16,14,2,21903.091401121696,0.6465618966731431,1.2176730937834188,106559.07828266444
105403,11,8,3,76566.68821982252,1.254211836971003,1.0398663959767185,138023.36396881615
128544,18,4,2,41199.88016316447,1.0067764453044963,1.2228609421635206,207300.69032104377
107104,18,5,1,83961.10711618616,0.6048206733630285,0.7657578507331938,191883.72673951145
121511,3,6,2,106396.40783705053,1.056601892362706,0.6434932732376393,115439.24052104287
121249,13,11,4,80391.89513649313,0.6501455067768801,1.1001838365413652,188222.81689664684
144276,4,3,1,77578.30805442153,1.1762788440652634,0.7887441330613736,164046.35257580463
36481,15,9,2,24913.382972133724,1.0624016508807312,0.913972773191507,54059.55374446288
97885,10,13,3,39018.29473158821,0.9260611834185724,0.7003349133204257,154928.48559894
133122,16,6,2,61827.91858334323,0.8818604834265813,1.172808033707554,170804.16837288067
58677,5,14,4,13968.198046762134,0.7316278274833246,0.9972040793506798,78219.17916485984
30115,12,10,3,21788.04814295095,0.8249256358261376,0.8282566217450765,55827.98871150523
92210,8,2,4,45055.03076136356,0.6265607649428943,0.9317937808858691,132274.46805587487
134326,5,12,4,77295.05180825917,0.7348939829675154,1.235664115823736,236847.18593873546
36202,17,7,3,8060.570628022297,0.7142223470102705,0.9053367551324507,68764.40674141828
65169,14,7,5,52011.26471524696,0.7386717160337115,0.8879680116259754,122019.68970682367
53680,18,6,5,33350.19610694554,1.1007948990886711,0.7633987022888566,112163.71225795157
42057,6,12,4,29343.542761793087,1.0205515640966176,1.0082014712627225,50001.46310896756
109768,5,9,4,55742.90764428502,1.1527452786996983,0.6906884661734596,149383.99722325653
90558,13,8,5,48667.52389754562,0.7133988175841914,0.6580806376197617,176070.10720791854
64308,3,3,1,52285.975829165756,1.2123438533490516,1.1491662839826,60906.12893063785
59934,14,8,4,24117.83675806215,0.9732461513264214,1.1142372355175358,82575.67536593911
100798,12,14,1,26309.316890526152,1.0794270169762654,0.6482812397929019,96365.92666834821
134981,7,12,5,58193.272110582126,1.0739893495130293,0.8068470613175114,127002.57165465869
84943,10,7,1,65480.51819170129,1.083246033641615,1.0485157944713221,128857.69660692615
106415,4,12,1,61496.931169836564,1.2495974812935482,1.222000039045739,130857.43002270503
43734,8,13,3,16722.970138618035,0.61255787052153,1.2066211550541328,65763.08933130185
29621,13,15,4,22440.436901861754,1.0677563386498579,0.7852240100957665,47394.85431987946
49599,4,12,4,24979.296341921432,0.7397080935259122,1.0731428829361573,64941.184533071726
36606,10,6,1,15777.600175403406,1.1217686012101216,0.6826360719595558,42946.054209207694
31710,16,12,2,21309.551679451743,0.9787298449949773,1.0168345285783573,59899.96615696641
47915,16,4,3,41426.13031771482,1.243890683453948,0.9767091259547829,87334.85259049262
47316,8,11,1,15576.422399512705,1.0704116860426436,0.8707348978701116,59278.992271618714
76863,11,15,2,21035.747872633565,0.6292290163684234,1.197387171258812,139937.8411980791
145338,16,11,1,29270.63856390291,0.8098687435192706,1.1870194216339605,192814.57621730975
143128,12,15,1,126674.57438979181,0.6442796089452114,1.276756274033755,232675.013875935
95420,14,12,3,24744.092609803,0.9080902449900355,0.6533950599812295,162954.62736269232
128138,5,6,5,79891.70365279658,1.17145753103539,1.2726633901748836,201681.70306633782
95823,18,2,2,71364.83589374466,0.6650277945173546,0.7319686983994176,204756.7711416242
99682,12,10,5,25373.61700098563,0.6705576463127665,0.7248529848369089,127931.79321746597
71332,18,7,2,34383.107335171706,1.1427510090573005,0.9985050304007375,91154.32025626439
29889,5,8,1,20661.94822253589,0.9765907724248961,1.0132681849474432,32085.220523779743
38055,11,9,3,14723.488018431424,1.0593639236989825,1.0005567112432514,66618.25511059446
44095,6,7,2,31490.677140133666,0.9677944373932463,0.8453016377140548,73189.98107126048
39461,5,4,3,23318.705480639044,1.1178083096791571,0.6674065111587005,60165.95020503119
147140,6,12,2,42799.85306785942,0.7032577932177558,1.1800459593651296,186035.70448699483
21661,4,8,5,7744.180797564426,0.6040081042032921,0.8528619775038897,42076.92959297481
142267,16,9,5,112503.48465490417,0.8789059155933922,1.2230239665405378,211526.97216411273
80081,7,12,2,49917.91448850071,0.9573030529728248,1.2504043233731346,101768.92624916721
124677,17,4,2,48372.21916237323,0.647163414244941,0.7384349932567217,201060.83324809012
139543,9,2,5,95396.67792995942,1.2723737105907258,0.7729511025681584,207496.5364042876
24959,10,7,3,18171.34820712131,0.7161187616246609,0.8569824789975719,58284.43094432537
53450,8,15,5,43116.84798043859,0.6298906260241539,0.7901895763211725,121498.9765369065
66362,11,14,3,37680.354465807315,1.2619386677519477,0.7444189110054222,103401.1053917716
30245,16,2,5,7102.3026117451545,0.7163754546034077,1.1965307105705423,87195.41160774359
82124,9,2,2,20253.26474685748,0.6755809368212093,0.9648949134890851,136761.85247673382
34131,13,13,5,20282.238131085942,0.896353972254099,0.9915486411453608,77287.02968358605
137620,10,8,4,104497.85617858388,0.6887053585801776,0.648086553918307,251719.25223580227
78353,14,7,4,37090.335830200376,0.9011117272125495,0.7192292028086467,102655.2874093642
24263,18,2,1,13088.576714471425,0.8149456148845359,1.0798930120824841,59728.919892255246
108073,8,2,1,83627.47543524601,1.0591928715195926,0.9050401847624666,119387.73045133092
59973,13,5,5,24158.884017901306,0.6614185991495223,1.0979221174006106,108616.01295423957
88013,16,15,2,59453.63126154614,0.9355082408060368,0.6276820355113487,128694.80771123845
117476,16,8,5,86587.04354581829,0.6665249597221574,1.1214159077549395,252035.21286338416
121151,18,9,2,32075.6716855119,0.6508664764346593,1.0973953997558723,210863.5452811373
106621,18,2,5,78161.15704125637,0.6388994829298974,0.62097179005169,205075.294071245
97721,8,3,3,76651.11670789088,0.8599135752664114,1.108139214158421,129806.60094730294
87076,16,14,2,57997.76643513203,0.9281177827410747,1.046824421225354,145359.9951534395
73269,7,7,5,63748.53166888622,1.089594041970939,0.638702780796806,85540.79708863568
64147,6,9,4,35075.91775006316,0.6614783956732893,0.9514576975929145,114943.44019048761
85349,16,2,4,49525.46087325083,0.7280340874392094,1.2765580254827849,180189.69225548388
111855,14,7,3,23558.389004184817,0.9120581732064856,0.7232809263007258,144030.4388690902
135564,17,5,3,109126.63218336941,1.0781694942784628,0.6617135980119637,150128.22436314664
70695,15,9,5,27472.187037997483,0.6904818137710957,0.9454550250731969,132506.53634381248
48656,18,13,3,19723.73184684861,0.7459919549536184,1.2177945159359431,76537.35873107324
113324,10,10,5,25502.8948164603,0.8236042768479284,0.7347132054868593,174725.00512158222
65124,8,11,3,39101.8375689042,1.0124786892619813,0.7242498155767984,97345.34915541254
91943,14,11,2,81040.6707237732,1.2155304035740584,0.6372114291559862,140744.469706471
66152,10,15,3,39723.66683707047,1.128297946893243,1.0843123392158136,78069.89862476627
66707,10,4,3,55766.32688320927,1.1653238026980035,0.9905974027181466,82571.72597220678
115120,13,6,4,96928.2707636783,0.6740880656239547,1.2613342631245343,191010.68300605536
123179,13,6,4,28804.518339914375,1.0439478946195044,0.6454802792723525,148816.01125494298
70132,17,8,5,59031.085777220695,1.2191579000703932,0.7162606846813794,132786.47459151686
70399,12,5,4,42105.45898131528,0.8927069297375636,1.0806915995963142,125643.08050255264
127363,12,6,4,65900.57909586039,1.0044720639904168,1.0093826423472776,192076.63755232733
53010,13,15,1,25131.44834522212,1.1776569610244096,1.2583579661354731,59237.3615555061
85451,5,15,1,19464.244540898628,0.8569791314854859,0.9011123330712689,114755.52361606386
82884,18,8,3,74488.06632712376,1.2910301578585026,1.2317337584156767,100226.47224043116
51703,8,4,1,10358.738152435273,0.7586832963722197,0.8874853368765558,72275.03484086058
120853,13,9,5,78485.82066507907,1.239520212970699,1.03034827221774,165071.81634533996
20438,8,4,5,5157.686958984148,1.2561325495871358,0.9863622170188775,54235.90250132514
27662,9,12,2,15939.020789844664,1.204896109063508,0.7995555912211486,39502.11277682942
136214,16,14,5,119549.3949668485,1.2714638876819997,1.036652099849329,138316.07119029286
121734,8,12,1,87538.92613130386,1.0654326200411233,0.7753681611841686,148961.60995440857
100174,18,7,5,73651.59969657521,0.8402259152541034,1.158240152369935,181049.85572413262
120861,16,4,4,66565.17037414704,0.695244108580085,0.6100063077994984,186569.32907458695
110780,8,10,4,93326.13062366047,0.7978752369138353,1.1361295123404935,207852.78447575832
23672,18,5,1,18778.217865562685,1.1293455280200566,1.1267291440645377,48046.95353932856
39499,3,4,3,22239.174639591925,0.885643134896893,0.9246801487897781,51585.876905927886
110526,15,7,4,73714.46662595271,0.6184067575617428,1.0371422998352293,172774.1499784749
139940,15,3,2,67154.83381679065,0.9048959770244627,1.194286740129007,162868.19957615287
93255,11,2,5,18786.63531119008,1.042202705959868,0.7637771913259613,136155.70321547688
62594,7,3,4,45310.01487966672,1.2794060484433225,0.6200393923274485,96463.91334092953
128940,4,12,1,36756.07675694707,0.7452681114900436,1.0963900415704322,180428.64205202513
55092,13,14,4,28135.775695980406,0.940195777211027,1.2872666330413258,88004.97978199758
119938,10,9,4,59778.40962403669,1.1218195546667489,0.7987649227994027,135994.29016838933
54852,16,7,2,43923.701682953026,0.964228732238559,0.9639474764299384,90290.56437980321
53187,12,7,3,33070.394658604026,0.9430210573601701,1.2512197625917671,86514.39420218156
44130,14,3,3,28228.454278564946,1.1497767919930915,0.9231362978351183,83052.923682906
28626,14,6,5,15618.416250866936,0.7144037438904787,1.0549057705627007,72262.23327352428
63611,5,6,5,49321.910135840095,0.7639669706586619,0.959167782636348,129337.64100446204
43636,3,10,2,16836.35340342855,1.0610302974228771,1.157281754522078,68558.50844345165
101529,13,9,1,78353.32908213136,0.7645260549274651,0.800222521282625,148987.47724821902
78788,17,15,2,31801.89528092107,0.8580433516492771,1.0308627868336355,137687.2255117979
132924,5,5,3,98281.40467483613,0.6393410900180053,1.109944275388779,200071.64554556223
47714,4,4,3,19303.867151697723,1.215692899510468,0.6302570323433196,78714.57894302244
107343,16,5,3,85775.16859423216,1.1466124369862585,0.6851782663911011,132979.8122086027
125329,18,6,4,63304.43335779823,1.10836549120495,0.9020932738704284,215113.72363833117
28396,13,15,3,21661.965535833533,0.6799653322708764,0.7509320367081644,55215.29679656607
62136,14,8,4,45485.56187371536,1.2434808095607492,0.6246040586851289,103271.85519068001
80941,18,7,4,47114.46019993138,0.9514803065832447,1.095098279477423,142994.94135905054
44230,10,12,3,17330.663430401335,1.2491227024901894,0.998135502970064,61187.244042532824
58211,13,5,5,15594.229455779941,0.963032372362961,1.2223012814613141,101959.23615895341
65383,17,4,1,42049.43436818446,0.8239321435344298,0.9713991605418135,113586.25517943413
139172,7,7,5,99039.91329526593,1.1605997063458928,0.9791553988019976,187563.4712269823
119704,14,15,3,81139.9660774145,0.9199817893657558,0.6913469686231548,197320.84705667652
112393,16,2,2,45609.13637421737,0.7450423428948107,0.6964397540087501,211532.26776961304
21072,17,13,1,14869.721823696495,1.0508118610404822,1.0110179057433784,48799.04351572615
118148,14,9,5,33050.31918057142,0.7834945731589069,0.8023682277910288,156640.57541172544
26050,3,10,4,12247.737373412621,0.7278800831148324,0.8890655312037627,45611.697699042204
94547,3,9,5,52861.69244790112,0.7453511498597982,0.82684895835047,171582.20122105585
55461,16,15,1,48343.37614726802,1.2699704342159424,1.231904064043893,76440.85927364354
137924,4,2,3,116270.09635868865,0.7298515486487137,0.6417012828490966,203782.09006350648
113000,3,11,4,87616.31706678106,0.6339581062135293,1.1210634420591394,217734.18494151055
49079,18,12,4,16187.95568631365,0.6560679864061543,1.1325547336178468,114895.34284275651
136819,10,5,5,65097.899740044406,1.1779519058937566,0.9804671783904744,200237.93104080152
59181,12,14,4,17817.089000690947,1.1303917666164507,1.119611315695825,90811.00494944058
65939,15,7,1,48882.723291944174,0.966374534583743,1.0796960678701517,105694.155328658
42936,13,2,5,15389.612821528666,1.0404239320995665,0.8482459250767876,73271.47086098141
53269,16,7,1,42615.55833254646,1.2879849988522765,1.2686254936379309,77363.60943314433
26163,4,6,4,7656.8216688879165,0.8116343939700243,1.0852285409829077,43384.079484773894
41474,8,13,1,25735.531064531926,1.0135291060757272,0.9481149102950535,54062.09194727405
31306,10,15,1,17021.02499449972,1.0172539731695311,0.9834846964488271,45719.57765031395
112421,7,6,2,58429.79530472053,0.6764559081787825,0.6450378771353603,150045.88046188885
107202,15,13,3,59851.166590862565,0.6720455102149782,1.2469035612815014,164223.57257673948
136003,3,15,4,92194.608422666,1.0740354443526043,0.621477553223236,187385.7391632499
80579,16,14,3,68528.19905950416,1.1031195407419294,1.0012215379183866,129156.09788495222
82302,6,2,3,35304.8712755396,1.1590502056999714,1.2904802120642622,136351.64007391725
86550,3,15,5,23609.975450024696,1.0371017416322903,0.860511139120311,102312.98168931801
111718,10,9,2,59209.79527409286,1.2246848734910443,0.8827156112562775,108871.04862667668
81015,16,14,3,47627.43986247711,0.8148548151943449,0.7101441603691737,118634.34905497011
64044,10,7,4,52477.895082727846,1.2363034736369634,0.6685106834451424,75986.46523613762
79587,10,10,3,27784.16193091562,1.2238197913898476,1.031055772501703,133291.9169303543
53860,18,8,2,34901.72172641099,1.1217843796193803,1.032215404718445,92906.65261676598
39392,16,13,4,25535.951044511028,0.7332941371954895,1.0876409045534705,77094.67581200328
98027,7,2,5,75169.21443300224,1.160068935342488,0.6736484268860096,141481.82686146704
20109,3,11,2,17654.021259080186,0.9373816861147284,0.9630032494179857,25002.236331747787
87271,16,6,1,25685.981383640323,0.6699151199726046,0.7094528184572104,138435.68377691912
31315,3,7,4,11336.54923860107,1.0420867513936942,1.0477250509478817,60745.51219545041
123654,4,5,3,43591.96561923176,0.9071094408864866,0.8191055409382504,167583.93142195995
122094,17,7,3,64607.07375383193,0.6856511274028845,1.2782178626628642,170642.79241949503
119694,16,5,2,52246.21266003018,1.2244386015510242,1.2013083086481164,114969.61588055542
142901,15,11,3,80880.79049588529,1.1759190676994518,0.9874706900805897,158300.0255251921
102687,7,5,3,35876.87005693347,0.8470810880079365,0.8890484849359384,123932.43998228443
84443,11,6,2,64320.89086276018,0.9138894644417326,0.7617313992649756,148422.53805031124
137559,15,5,1,38836.09168038666,0.7380018963332085,1.080460950811692,159321.46739999106
70656,4,5,2,34644.50398121504,0.6369207620090181,0.6198660540541681,103075.90420634413
126284,9,9,5,59025.929126391995,0.9921401212561851,1.0491542792200348,185265.2510906344
45082,17,9,4,35764.010918703585,0.8169769092142367,1.221145319974911,81109.93342076479
118057,18,3,4,105908.57780040233,0.8936655895178138,1.0969301090083214,213422.07833202014
109668,3,15,2,33939.76814691136,0.81649167760197,1.2779217914993524,169431.42024375402
118719,11,7,2,38304.86424195526,1.1539155547872575,1.224122211709037,122951.03507104944
67686,11,8,4,37988.456007979636,0.6750086745986705,0.8792532401916866,102293.69771177284
57736,7,9,1,27788.556809811947,1.2410879196536015,0.7738652464456159,86454.10387604302
67722,15,5,1,22089.86131244094,0.7107594517955962,0.6609522301280204,105221.64850714087
21637,7,4,1,9622.549383575983,1.2338201459924685,1.2520285456744937,40597.015548779935
23688,9,2,2,20963.220341142547,0.7897295896871712,1.1965917658873508,50720.79361154915
53163,7,14,2,21713.735686118092,0.8836486051467638,1.2590937437296446,54934.425453458985
94927,18,2,3,47078.64375876339,0.9651179939606062,1.0011267366311547,174675.0999552211
123002,7,4,2,94901.19437812887,1.0630258378056558,1.2529044406800818,152790.68238866152
50737,8,4,3,44752.30149813549,1.2075184803841816,1.1401827499893,72818.95849485503
25082,13,5,2,10581.063224436373,0.7817614568133899,1.1537459354058224,59924.19992788512
101004,18,4,5,65660.80217313251,0.8993028569705045,1.2359720778281704,166312.5370878258
149392,11,5,5,76926.89583114439,0.6836331948868728,1.0579962516516903,232914.33862923915
113623,7,4,4,25721.022440562178,1.2335647151229439,0.9542959020038653,128830.37149252777
61262,11,7,1,12490.259824824658,0.9538874460134251,1.1881470173436235,66677.93508052218
62017,16,13,4,21158.757342583813,1.0583236799727436,0.6581300092354945,79885.17264144114
145443,5,2,1,58066.914001785335,1.1331062455221401,0.6459825968988341,138239.7716095622
62825,14,8,1,25300.1582999934,0.9991175143170248,0.6137508319980739,69609.22813907094
31715,5,11,1,23204.46782220127,0.6579368471792244,1.2965701323496117,46553.96201268733
92958,18,6,5,72807.07135740452,0.9828664506774583,0.9773771943500162,119617.99171696346
35262,9,13,5,11726.872254135222,0.8913446624155897,1.150995223656257,62831.22377867276
67927,17,12,1,22125.562850445007,1.0305153205972262,1.2612405382057699,87888.84421895274
69783,15,3,3,19192.625689555683,0.7909155757774202,1.1687561992682074,93227.4236091324
75315,6,15,3,39043.86989580443,1.148180005927317,0.6597062920027121,74333.12450225152
62332,4,13,4,19478.02450773216,0.6011006133996445,1.222966114703861,116673.67453150291
50910,11,15,1,28363.655572365828,1.0807828037194316,0.6164801609665835,80693.23636382028
112849,17,2,5,97618.86295986676,0.9476237667271694,1.2319420689430067,172303.79629571678
133931,14,6,2,65871.12912164241,1.1467339470396243,1.044979042589369,175854.83819708228
113037,8,15,4,59504.698879159296,1.0826554784210536,1.2174033300260039,173791.67640948418
35798,5,13,5,21196.63059322377,0.6147043176018104,0.7678175104970475,60591.482631999126
94132,7,12,2,75607.0462801935,0.6724141280589198,0.7320217902377564,151130.57427912322
22734,5,10,4,7471.21658342151,1.1912002385349867,0.7380640709891362,45444.18136618416
28006,17,9,4,6550.298959588575,0.7532172467946284,0.9358949776829057,62261.72369611694
85135,10,15,1,19046.529690626518,0.9704955810351429,1.0948453462713135,132143.0506028649
145038,7,14,1,118524.25271105899,0.6976872774339731,0.7962190580579441,195372.5896724376
73184,8,14,3,59433.49936525284,0.6651573037978107,1.0118326714978318,120236.01236730245
103798,7,12,5,77771.85919819055,1.212840699357875,0.9046957422480597,153466.56857384564
136511,8,8,1,66404.03052437412,1.102737723612594,0.6701073635319875,135312.1013305361
135632,9,11,5,69899.6912669054,0.9152658215201993,1.0553599231922863,156107.2495462048
59647,6,8,1,32578.364513229095,1.2827164604571684,0.6630805256139057,72577.46070094519
72771,7,8,1,59921.74840609772,1.1307231269376086,0.6776697822086023,84062.21861821746
22567,8,12,1,6428.081901548473,1.2972430289936856,0.9677415681697668,38453.473625006896
103320,7,4,5,77927.03769037746,0.6559048763279369,1.2626094317162317,165354.4477987563
31041,16,7,3,24315.64698522416,0.6601973281497637,0.6523047953141365,71012.33444714457
75819,6,2,4,60273.6584450547,0.9664966828918152,1.1889825068366102,119972.7980041035
43244,13,11,1,16849.729550150863,1.1594247787794,0.9536872490336683,60931.620123527
128632,14,9,1,39429.0528664948,1.2536637946054616,0.7136357905934999,125165.03030406462
93663,13,4,4,71071.03984972689,0.7204384048957715,0.8558220293538004,173137.55976637354
141359,13,6,3,98159.8632683752,1.2864252475317497,1.1687971294343191,211484.68245327356
136954,7,15,3,37992.75756283657,0.8073143180064489,0.9598325903605267,152630.7909136465
90373,3,3,4,68985.4748359568,1.1864662762333427,1.0618906437792477,87386.61109240232
132904,4,12,1,115744.23421563627,0.6911036298258628,1.0376573086466978,190659.88643623042
146424,8,14,1,91166.54505473444,0.8191052528864886,1.0111390304182315,218871.24827626537
60211,6,9,1,34566.547600151905,0.851726950398495,1.0650591276779258,96098.77241781642
118652,18,13,1,85395.2153325758,1.036987293232339,0.8642137753167818,124766.34634934108
121279,12,9,3,28531.35827630753,1.1207133970173295,1.0133836616019378,133535.46696754417
111433,8,6,5,78759.5892022019,0.9876110745065928,0.9834512846223775,188057.58506787417
134592,8,8,4,48311.40121629935,0.8058996115499715,1.2333260947137883,170321.35676140274
24985,18,12,1,5609.287071671666,0.6345455044740829,1.2020016203033403,51045.81665546971
137138,17,10,5,68216.67901018685,0.6714772879776967,1.0283489077003747,204477.74304974457
123570,17,4,3,96893.02821663655,0.6360328725366006,1.1459414670494332,269518.3159787661
136744,8,13,3,92661.14116654775,1.2971589022012555,1.0671777966165692,122648.86715643445
68786,5,5,2,30160.51626718182,0.8316913992007559,0.6760588248976032,108299.23876476179
91296,6,12,1,27417.33418555987,0.6672854980440087,0.961628211763955,147998.5115903284
132695,15,14,1,88594.24393702755,0.6670556907595965,0.9428545328277478,247392.79054600906
53138,13,12,4,33818.010287387,0.6823520158834835,1.0396249383122842,94100.10596002634
57439,17,11,2,34818.247173516735,0.8914790704055569,1.2016089865716588,86254.07010001967
22400,12,10,1,7398.462368513444,0.9474136169171132,0.7555754792525824,44573.90429947005
47516,12,12,4,39847.56837577084,1.1946602084256954,0.9631336327291338,80408.62075578122
79616,3,9,1,41744.35197994484,0.8659409377440643,0.7811784696021052,79919.47062874414
119493,17,3,4,36852.243706220346,0.855518857329425,0.9359464005277873,189544.72626984125
51784,11,11,4,19772.897991300713,0.6415533494714549,1.027644867726892,97496.3479612871
91282,3,15,1,71497.27897536274,1.008613918970491,1.1563050888345416,75828.72179556647
64961,7,14,5,54185.18004899304,0.9261779375592202,1.0694514736767184,85333.05481712542
142775,16,14,5,123817.14833638385,1.1970830681940767,0.6809688639731264,181181.24605489508
79097,13,10,5,24970.662121555382,0.7980343378041582,0.8851045617856057,128671.79343706791
77011,7,15,4,53981.21720196634,0.7634582814449493,0.7499596124284162,130617.959761643
84839,6,11,2,49672.34732628264,1.2023314671413363,1.2831253852186542,126397.84646624213
123288,10,12,1,25189.442418462982,1.2398408245827326,0.8262355568405457,133485.67213012624
37635,6,2,1,7756.723305583111,0.908136226061066,0.9454386113506081,54156.05272965143
148443,13,3,4,50470.4947537604,1.2805962558970205,0.9001784827221475,148766.10694005902
47458,18,12,2,35087.77452749483,0.7878069605490668,1.0213367064969245,85604.88892826717
68124,6,14,2,32656.726186169868,0.6505260649457791,1.2177889979398984,98785.93417136943
141400,14,6,1,124627.09542077908,1.1891245694435004,1.272362355418858,130349.07030772784
29000,8,9,3,17955.268862493795,0.9816835865976041,0.9828671648317033,43762.033121945344
23174,6,9,1,17370.131124960408,0.8893222850018416,0.9047833179107522,35718.83637723156
73950,17,7,1,42318.17950058572,0.9808018248824317,0.9564408240480959,109576.19110341043
131554,8,14,1,51729.33441130491,0.9784454826289426,0.824044729941077,190541.9347190556
42820,5,7,2,29533.744004209533,0.723629470337009,0.6101689135147158,66025.55292566717
23055,12,13,4,5029.767362120161,1.156087501580096,0.7174877074471526,49715.422096222246
147728,9,2,4,84868.0553000509,1.2267120223621621,1.0978146167474243,222457.62004047132
63109,6,5,1,49042.48778437192,0.9713935178512161,1.0065703936865529,76909.1097496551
116851,18,6,5,99322.59803665463,0.7971248989111608,0.861939372204927,236406.52686574066
102055,13,6,5,84488.1918182238,1.1835082954632337,0.8300635668235679,136167.72483777613
44659,7,3,2,32086.093229517912,0.7970845812725256,0.6625403877601079,72332.01993786033
74377,9,2,2,47235.80545535152,0.9081835108254445,0.8299293092163945,108197.10179419091
102486,14,2,5,70425.38942671806,1.0499098911151528,1.219410320845152,147473.63889203346
84681,5,8,1,59996.657700943586,0.8263978460377845,0.7480848789109565,127688.5938727511
43808,3,12,2,37221.59740286919,0.9212571612251834,1.005975347446316,42087.93164694763
121985,10,13,4,78503.9020579094,1.1974893603210572,0.6784320725437901,169282.5967348103
127468,8,3,1,95644.14689577151,1.0990909466452592,1.178245358786004,148007.90312968113
20422,11,14,4,16541.51752460997,1.1183035161718364,1.2986220694128239,49937.21120031609
114049,13,3,4,58019.559230180974,0.6591979237535665,1.1393817798754404,215826.34986175742
77573,8,15,1,56874.20239107744,1.2064864807353284,0.698973808098888,106809.27259296204
118262,11,13,2,101988.89599577094,0.7320879863657539,1.135670630590838,185508.61714449053
143591,4,5,5,30057.95253003875,0.6578871882246197,1.0753285977181901,163131.12334430177
117787,5,15,5,69068.92654903173,1.0165562174044602,0.8252843501982255,164618.3889573707
123625,10,3,4,68790.38862924516,1.2414421344597724,1.127557653269911,132403.0772383891
69675,8,7,4,34738.281159022554,1.2795727186280517,0.7444539860423138,100550.49388934574
45252,8,3,5,34406.66174768733,1.0546330321348032,0.7560461212830154,87144.049143708
129465,3,5,5,67153.97640654106,1.142390882857061,1.2732411122075948,171110.6249095943
69610,5,9,5,41978.76627323076,0.6692299270234985,0.6551903254191763,100556.62657113717
29126,17,7,2,16719.888481250866,0.9222881175707857,1.272637602252156,71403.69835109837
121682,14,3,5,27554.013138365746,1.1687311145556238,0.7135260428129736,169070.64698653633
80713,11,9,5,47755.59851421116,1.1808670756683526,1.1752470024784678,99440.80831595123
131194,9,15,4,52542.802547049265,0.7096980968736077,0.8102607151339095,154237.61494481127
54729,16,9,2,15270.821057574496,1.0895317122886297,0.9351564094391801,90698.50554504717
47373,9,12,3,30568.695359403526,1.0838693700187578,0.9594625277889413,69082.91408620882
143277,14,13,1,61091.3849830991,1.192730027729648,1.1338530058495309,144067.87054994155
24486,16,2,2,15588.773215405647,1.2974148601592872,0.9005149505917691,59995.835530919976
117565,14,13,4,59858.679349666905,1.2831545068600505,1.134721853227559,111377.39970356178
148732,5,5,3,44027.35214046598,0.947226914751715,0.700938732722902,195371.27069673737
20443,9,6,5,8214.357527715969,1.2607061179203058,1.1844232647682125,56992.30559272664
111656,17,6,1,57086.995588634374,0.6848498818840882,0.7786439255670787,154215.95613742567
129248,12,11,3,84425.0453144843,0.7372341205214588,0.9063185692404161,194277.31795269856
76522,13,7,5,52854.316715672896,0.9809534641555311,1.1442426104627905,107771.6478581597
140515,11,12,1,72119.6231565298,0.6775134129491329,0.9431387655080513,202871.7927921694
64642,3,3,1,16577.95545823332,0.7135225188768807,1.2643862716620111,74542.07901388788
146347,9,3,1,100088.6454877443,0.6410806336661118,1.0523628932252316,211522.36212347425
112804,10,7,2,40267.95388946766,0.8450642430233238,0.6964514502961504,181307.40736492927
39255,15,8,4,18252.810200115102,1.2563834199950366,0.8113542556626567,60553.063109987736
43302,16,9,3,26370.87952977753,0.8626748871442169,0.9534394774953241,80638.10724116178
91595,13,7,3,62733.43169065502,1.021320453547672,1.2931711973021205,161258.42702910397
28114,13,10,2,22280.77966095075,0.6368485420187393,0.9931126706589413,56138.21306164808
77783,5,10,1,63377.38857445927,0.9062043135828507,1.25797979318681,80168.77416386583
40831,6,6,1,23798.95147210182,1.2397534525279545,1.2179792328461505,43233.56441322154
57841,10,4,4,47063.62062081065,0.8540596657592188,1.1854368535847721,103032.58797952367
25014,8,9,4,7485.733204859072,0.9108037842569723,1.0227996417454408,41918.65074063396
76272,18,3,5,24844.89102492804,0.9141520325569661,1.2087390613050564,138555.39880540312
88312,14,5,2,67580.1165730551,1.032747390739336,0.6253193570963362,141513.47273711412
73627,16,15,3,51421.31834011388,0.935445037150531,1.2041075248047983,87897.34837264311
48049,15,3,4,10894.04721062094,0.8742290965986801,0.6112877237407582,104737.45518744685
130096,16,12,4,66178.61672669197,0.690841117971686,1.2672438705736306,171200.3587622807
25416,6,3,5,7205.995181495025,0.9558088881451127,1.2371102042951878,52012.80364468971
29441,18,10,4,18419.549046983106,0.6948586927889395,1.0947652631605649,67877.56578932329
71324,6,15,3,62188.93395893603,0.934839965186161,1.1408166186796511,79389.20858889217
24227,18,11,5,14497.373791424765,0.6747010916844856,1.234134160403508,77333.93997849124
143061,13,4,1,97812.03273436421,1.0727434303281096,0.7506303931297109,182212.35052337553
138914,12,13,5,76029.38358365453,0.8982186737212929,0.6794127752792835,196896.64751924112
62820,15,11,4,33814.70401950406,0.798840958091119,1.2079616219534737,99749.52045776926
108817,16,4,2,87339.63122192264,1.2144262213822437,0.7203209581390037,116140.40406052546
122595,4,4,2,53982.66510256885,0.7375894604542883,1.0799284135810099,136360.8903851657
20208,7,15,4,4721.896115116919,0.9592118419587004,0.9438454425694185,33662.54924617757
87428,12,5,3,38842.92084916359,1.2612685324198472,1.1391787638925903,144173.76740516216
53681,13,7,2,23288.083359456712,0.752963245619311,0.9541669052315495,100129.925003716
37316,16,5,4,30492.19509690738,0.8751776000774109,0.8328002308293808,94671.98979197838
56668,8,14,2,32736.07235530346,1.093561154891949,0.8145918774058974,69449.16931400842
85273,6,3,2,22678.713471308045,0.9256702993930865,1.0655923592911183,114572.7634465702
111633,6,6,2,25203.783124563914,0.9322984271158739,1.0242398625254943,175953.1654036133
91624,5,13,3,63845.35594637332,1.2653011813152566,1.242769467092968,105911.39811353767
64684,16,12,5,18689.633967074067,0.73164819164337,1.0377676282609143,110568.17200339648
114280,11,6,5,79781.60716481523,0.9492327169150018,1.2377766480848735,160021.45400293623
74258,8,11,3,43562.26614880509,0.710883979837284,0.6609023102502265,114550.36542390383
20717,11,15,5,5058.454705838936,0.9485274080460668,1.1890314771585824,53439.85438423622
45619,15,11,5,25257.982614599747,1.0000926024970147,0.711350479039464,93660.36753114311
72983,8,13,4,53701.991284823685,0.7951151398546934,0.7334935758730787,110839.55875354404
86805,13,7,1,66139.5106251536,1.1868368461809298,1.258442034610734,96722.35405467165
28725,8,14,3,19749.272672268336,1.2282721727036132,1.0733937427758546,41812.926200424394
20763,3,9,2,6863.578099423181,1.1826783658501503,0.785068859294467,28065.605103538088
134713,3,4,1,82889.26186557548,0.8162899075154406,1.0874679114345964,199545.97113279623
27371,7,14,5,10248.99197483199,0.9845313656396533,0.9805916543879778,54154.71607528892
71198,11,10,4,59627.60950231392,1.15924776962334,1.2067036211065083,121075.02317855142
74363,7,4,5,29027.049306724413,1.1186698641872148,0.7664604778940274,103846.24157260767
98071,11,5,3,73510.55916053604,1.0373939821882074,1.1831953402800708,153994.89636661147
133790,14,14,1,92031.79894093591,0.6091244925491546,0.7451154989787667,266468.0774363265
24079,7,4,4,14260.015322536934,1.0276938586733493,0.6590064328164518,52589.40948021027
74994,16,4,2,16734.09990718964,0.8497090746043796,1.2341863289299275,117157.33688193864
45772,11,6,5,9459.235468601413,1.0558484650880506,0.6753345830797474,83797.7412175575
26373,10,9,3,15657.945425637725,1.1900569194544222,0.6930505856920661,47634.12551235285
89277,13,10,3,57245.151255986326,0.9541033812573101,0.9565926358750827,158462.8206499855
145735,14,10,3,103841.33024242305,0.7787450505846835,0.6599780055007037,206489.28994524444
105526,11,3,4,37022.64887876276,0.6043797995799747,0.7466521441732759,152290.24732131977
71433,15,14,4,16877.431093817853,1.0502036038907785,1.2520910543483788,125499.37055332054
126358,4,3,3,71025.40151317531,0.8218940322555459,1.2228965566010093,148396.47055380497
134587,17,3,2,63098.07359379417,0.8741601944108184,0.8794646324712144,190705.61799988954
124763,14,8,1,51065.56885769813,0.8717348116622619,0.672724948475073,210285.43502579353
115761,14,10,4,81531.70830502389,0.7204088863925945,0.723467826415701,224983.30191219735
145263,7,11,5,108344.26582365051,0.7006602886095266,0.8926712182690535,271636.99332978105
128967,16,8,3,110014.8674808283,0.6346653260919943,0.7924854129015413,216474.74237279274
109457,9,14,2,62054.37610527411,0.850638700701339,0.6019678499433003,170539.65890638053
41638,11,4,1,35524.0516822671,0.9233308509913736,1.2692613295618091,56535.36411790572
143396,15,11,2,78632.136579562,1.0526185365345926,0.8791857938719412,209735.5911478977
45184,10,4,5,21683.76502759086,1.0487343829951805,0.6238417479575225,72472.29085066641
107608,16,15,4,70590.59789336809,0.983291673501646,0.6477838619804112,169489.57324112358
147792,9,14,1,92875.94134029454,0.6374096841660093,1.1882322118162976,256541.4543642549
117123,5,9,4,98366.74056280285,1.064832307354498,1.1281108412133858,125607.27415864279
144456,5,4,3,94378.12034521754,1.2161326097844642,0.8382965432262149,125018.07272699517
87167,11,3,2,34874.67619632468,0.6799795874553337,0.7131067273779941,163310.0376344803
102744,15,5,1,87078.91758254363,0.8390833524236262,1.234561588761089,188134.75981875154
27663,16,3,1,6862.993006042847,1.1615664927360663,0.685533370127018,64662.98892323367
114551,18,5,1,69388.8743095623,1.0425174024058763,0.8837333152771241,188697.48921549346
57290,13,14,4,37732.44759769589,0.7720149744102895,0.6379394505150322,106450.77425759446
138437,6,14,5,120280.68780419038,0.9206978977021074,0.9159424541217537,148545.0403669619
113262,15,13,1,43321.27544846046,1.0103478309987017,0.8896097405119601,185321.83985870468
22270,7,14,1,13980.41028964813,0.9015904913112747,0.88149440750686,30462.746485097818
107117,4,5,3,37804.35480890531,1.2120580244903043,1.2962745454623703,161451.37453557434
112550,7,4,2,22750.922621875347,1.2758767379092495,0.7580182641823854,128050.33435942033
80969,10,9,1,26851.249202696814,0.6979706066618262,0.8190286433714978,128313.39310347011
55063,9,14,3,35152.0248294366,1.2458242738409224,0.7925185453158412,78119.91546980542
85339,6,15,3,57221.940237835115,0.8371686357709246,1.0904023039217579,142387.40067626745
25890,18,8,1,18582.844481574637,1.1507384825909852,0.6841478251840182,50727.90510941541
59526,12,7,1,36842.57931771686,1.2575065505623826,0.900076658171615,91038.23560739086
54211,5,6,1,23237.384495827777,0.6156491592238599,1.215236925959358,69853.97181893335
115640,4,2,5,77171.90934224709,1.0266179156406208,0.7128355793846066,190518.06804510116
100648,9,7,2,87681.24593336564,1.0401884428180623,1.149545880370035,129857.73639855479
145770,14,2,1,31252.524242895248,0.7964419275477471,0.9958438600693434,179208.5773608944
121932,3,14,3,27903.239417839162,0.8120886221804177,0.7354663238716765,120329.3764830027
130993,18,8,5,96601.55535647128,0.8442824665737039,0.9460511873032553,191974.28127235288
50043,8,9,1,35823.984812282055,0.6238967022732487,1.1767085606021335,71804.21224923192
149490,10,2,1,100205.34782375638,1.1578590316248256,1.1711594931376728,133195.68728404577
53016,10,5,4,17588.31886151778,1.1061178038310184,0.8952618573395221,92378.66232409186
88876,18,14,2,58309.77109175364,1.2329539603028734,0.6444404005619212,138069.58588305983
114550,12,2,2,23469.49820824034,1.1820747140354366,1.052431263539979,188854.36547639885
20673,6,7,3,5325.174271876724,1.2275626094805538,1.026479863196991,32984.62420650277
95603,17,5,4,56004.335000523446,1.1327040136763007,0.672845461408379,161416.58739459535
64863,8,10,5,56318.868969571435,1.1416806207646721,0.7835359752665899,109040.610003231
148889,5,11,3,99010.26067823087,0.6931656702529014,0.6351632529647753,259273.9249920528
147243,6,4,5,32626.228406933325,0.7501407373606793,0.7399334470474579,182717.8703034297
62819,12,8,2,44668.04653213252,0.8093879787454313,0.7125915736879229,103568.49128188114
148735,10,7,5,93582.16376992338,1.281880418668303,1.1022271517526825,211986.54002634878
119756,14,6,1,44828.98512810861,0.7880953851638896,1.248007839460057,151300.95278427552
139362,17,7,2,29260.79340562894,1.1380669634929732,0.7274763285893762,221768.2723674715
73437,18,11,1,61033.14860580566,0.9341980356885589,0.9818442628658048,95750.32676448951
33154,17,15,2,6733.374317942739,1.0907336554214984,1.1098352119891692,50701.82569373578
28977,11,10,3,15523.6000457856,0.7636864637994097,0.684753946140184,49842.527391167685
46044,11,9,3,39877.00044678564,0.9692189634023216,0.7286809035146912,72691.13758169602
134814,9,15,3,97564.88564798882,0.9978446643022827,0.7648095235709094,199398.3712488222
53761,18,14,1,22313.66001915711,1.2540298493386186,0.7443324537907148,83346.40546874682
29321,11,4,4,10003.517189813043,1.1843479131008794,1.2396368569207343,62682.01542401646
131179,6,12,5,57816.20209742072,0.8439116424095586,1.1989147233155868,152663.56360810314
149453,10,13,2,73386.62218904938,0.6504339877310032,0.822770398678153,238740.37646745832
125381,17,14,5,83968.86301303258,0.7295831016470928,0.8866324797134084,218104.80774026527
65290,3,11,5,47986.02546975831,1.2509202153908352,1.0854196790309019,58986.27554087551
123124,11,8,3,55151.88200322755,0.9241314063312565,0.9864098009989998,202669.49000931854
72217,10,5,5,47606.62992618237,1.187075206286591,0.6882144183810632,122037.99958591706
112502,15,13,2,78740.33526972782,1.1572034439961247,0.7370771300495257,109618.48821467833
92135,13,15,1,82861.93479127214,1.1028176553953766,1.1311797043440457,111170.32013687126
120470,17,5,4,52362.32030113982,1.0613411929410348,0.6176655525970098,204379.53962794127
111131,13,8,3,87929.49662805014,1.2253204034756382,0.856273673557207,147823.26141193206
111048,6,12,3,53732.97806995531,0.6699583571894733,0.6290444968536106,197465.53546176365
22275,8,2,4,6821.837000687827,1.1402098327718861,1.0834817207046952,46446.936324680704
106576,16,9,5,41477.71794878504,1.0218114472882105,1.2218157139520733,160735.32017568612
38037,17,3,2,16446.15279571506,0.7639199537198563,0.6420615524119307,79302.26711578069
110361,13,14,1,88311.34948923644,0.8845282578159142,0.8463481235746768,115756.83202337197
83768,16,4,4,25976.99301388718,1.0200304114441638,0.7357166077955611,148352.05340783377
97319,15,2,4,50140.01796140189,1.0812436837711967,0.9131970816531156,147437.04858663474
72730,7,12,4,18950.011555287376,1.1087586287190774,1.1718661687112024,106209.53369594099
108680,12,8,5,47073.553727563,1.062685071290585,0.6675206037982836,183735.15902842899
100698,4,12,1,36137.65160730436,0.9890121408426552,1.115534850679879,101242.4561442032
69697,6,3,5,51505.19383891827,1.256371041539944,1.0575099803519974,77563.11899740454
99885,10,11,3,55014.72787203974,0.7225573974587781,0.7057682548536163,126087.93772185133
117375,5,6,2,78683.97975375659,1.1614985522261514,0.8192464251857798,114801.70732945928
53442,17,14,2,24512.47985634023,0.882674145903364,1.1494853504892557,89711.33889975814
141507,7,10,3,61109.2038317314,0.7304116120251307,1.1501275453252915,206653.61887845432
135795,4,15,2,80753.39685937484,0.8666563331110454,1.0252416506646553,213222.6508223312
104555,16,14,1,91960.10363301901,1.091252628044664,1.1181694745334494,108508.97142800633
124890,15,5,3,80680.48761009354,0.712678158641746,1.0116943224346646,247516.24491854294
116651,10,14,2,36290.46491510758,0.9390246241427078,0.6594377944030763,138954.8801984044
145563,14,10,3,91859.30127824584,1.072522941188562,0.7546658312772687,147985.298656398
37131,11,14,4,21834.80362447478,0.6833085203686525,0.9729061446905911,73023.19306658192
96233,11,15,4,73312.06972711752,0.8122552036062733,0.6551829454102581,128093.69962974696
129896,3,6,2,79463.51827178171,0.6904665153945536,1.2601506836849228,204810.59763658192
63736,8,12,4,42001.3254292832,1.0872305148616883,1.198734830613561,107255.86565372958
101776,17,5,5,33410.88824240635,0.9564804675947656,1.2422517192063327,133549.02351815737
70501,10,15,5,50157.42818258735,0.6049422448992187,0.7683870729980875,151446.50695163844
69459,5,6,2,50409.72574832515,0.9987706439817157,1.01291576960842,90837.94849617693
101901,5,8,5,36770.35788515385,0.9079045418542189,0.8997767593337479,115139.58641671357
102538,11,3,5,20558.133609144283,0.9333162446487012,0.742771523696599,144838.15285860677
118869,3,10,5,54752.90379714851,0.8835044329352937,1.1085517353442498,175696.43689133573
46331,9,14,3,41054.51343103267,0.8765516408891552,1.1564430348354349,78019.58921012457
101037,10,15,2,81189.22146050978,1.2096540496721073,1.2289892886210645,129941.70162779717
144836,7,4,5,31439.81981983332,0.6312653823723603,1.1004463991141087,169354.72676713922
94830,9,9,1,20291.119661219258,1.15779963833469,1.006279804210105,138674.77024270062
148106,11,12,3,78804.85495511901,0.6489664878100727,0.9084649225602919,278601.63568188273
137438,17,14,4,68114.65715596046,1.2708100342371738,0.8824806609004314,194127.2125019974
80213,7,7,2,61676.42000678879,0.8239705084628455,1.1695410578731953,106075.74994049856
109582,18,7,2,42850.15180728203,1.2904079820769805,0.9381304442356753,150792.42968818103
90501,4,10,5,36222.56403513498,0.9078830120086712,1.0039044857785437,149351.39833263992
34023,5,15,1,12062.608510210766,0.7931168248321058,1.0096473348567603,31868.160559865544
84383,5,11,4,36386.62284445571,0.6430434496237837,1.2720951944960548,138318.84102268337
91919,3,9,2,57402.98792263512,1.1489305303108333,1.0054855383710564,91689.73956428809
51731,14,13,1,16566.89553619121,0.7678172050384479,0.6573892925271475,95560.53140675918
59182,15,4,4,38065.985149783664,1.0522912369968607,0.795808917819347,86715.97705730025
95657,18,5,4,20354.820873185523,0.6300016936289807,1.1002359049553865,155404.61594683197
26708,18,3,5,12515.0613515903,0.9065808413383931,1.0007391607859795,75429.05423213658
80021,7,11,3,41816.00474765267,1.1829378957421235,0.6082422908040352,94411.68247627172
74421,17,13,4,42826.04118862559,1.248231752111932,1.181705166464606,105772.81795533076
70473,7,5,2,19984.02422570027,0.7169260615261811,1.1934974310044006,125879.23310697875
30275,10,2,5,24424.054247371223,1.2186922755247176,0.6851759443402838,66316.1496656992
126566,6,6,4,96623.07288613248,0.6529759679690883,1.2460106214659445,177679.25620720338
112238,9,4,3,33358.96681886556,0.7903670706004582,0.6037932170305937,128677.87183121298
34579,7,9,3,15793.42125518367,0.6387934958398681,0.7712213061630566,53908.93978468156
75225,8,8,3,24973.58572124513,0.6435021881523527,0.6404303386693542,121379.30843480707
29614,18,6,5,21137.47261926559,0.8077034173378885,1.1476556433311733,71932.69903518773
68077,16,8,4,49038.96395381775,0.9204446250841083,1.1314650394312809,136039.0821186589
49857,3,4,2,29468.280560536463,0.829994902848848,0.650832852688345,88096.56159575605
21474,4,9,3,5326.658044508582,0.832111662196384,0.8731004274964664,42307.98761000817
79696,15,7,4,67707.3881899854,1.1316963832356306,0.6800937912816201,113853.40481940431
46964,4,10,2,41996.679016427486,0.9686293641376427,1.260428716402864,56400.279278689384
32065,15,10,2,7472.736188859349,0.6358425389846394,1.265825636331538,59465.06823692783
86777,5,12,4,74256.41379331883,1.0606571642051204,1.2793954226616298,125082.69982576763
61632,12,8,4,29621.203994065396,0.6723727414924303,0.9032436554505882,128802.29262477439
118036,13,13,1,73652.95819579058,1.1667381095251603,0.6630177198041982,116045.03755168241
82926,6,12,3,54377.54209013729,0.9434276133402792,0.8736157326175842,106652.91400513484
38974,4,8,2,18563.010919171043,1.0168770441873685,1.2049408556098349,39758.22365883882
149832,16,15,5,81161.58739043168,0.8720207463758991,1.1495428475745655,230722.53353989765
103208,8,7,1,69807.80108950772,1.248932630677702,1.22553957319793,108346.54408736837
126294,18,5,1,73252.7550653358,0.8427914166916445,0.6549959866200114,143764.1716379346
114011,8,4,5,53318.88667394831,1.1305652405312696,1.2617102048550195,144467.86643601078
45538,18,7,3,31726.350323339997,0.6657300920186324,0.7694791309868513,99782.64652347736
137853,15,3,4,38680.01886272406,0.7747614004197141,1.174043014587832,203144.64395539762
20333,6,7,4,10042.085973248544,0.9985564635930924,0.8449350791858454,47134.69952606041
94470,15,14,1,26242.075099889826,0.8346223818568553,0.6135635857640126,138009.3455935521
55973,10,9,4,31443.57905051962,0.6654049778907853,1.0368785776121168,101612.49388526444
111297,16,9,2,49062.36171051803,1.2402014415056164,0.6472684528183074,135591.50248750145
42919,17,6,3,11441.278862630352,0.9722810682256298,1.103276682697039,85097.50397891123
68544,11,4,3,38194.52734577029,1.227667633277362,1.2213798742268431,80706.46406263151
98950,3,7,2,44807.3831538873,1.191707374650909,0.8956820599287456,89307.91852811721
29227,10,9,5,13667.897969220732,0.7792323098540634,1.2282842429677872,68269.8675620089
42647,5,10,1,14347.769431263223,1.1824148563778607,0.9483212431206782,61788.058315113514
98818,18,9,4,63242.31978319598,1.2339461759186223,0.8821043624105069,124882.17972671008
87568,14,3,2,53358.58012422864,0.6441527610018841,0.6619712455042953,141617.35941645532
58216,6,7,2,31312.44580588765,0.6112314225630225,1.0447246124985525,88986.21270787061
40886,10,8,3,34243.309971012466,0.8372993442242875,1.1506392590106898,76118.74189411581
67364,6,6,5,31103.393884392484,1.1784293958532226,0.6422868911952219,103205.87895320513
122439,5,11,4,31093.92340721528,0.7020763364222635,1.1028604144590926,134632.41686325087
85110,7,13,3,27940.90715403326,1.1209460225442562,1.2664383820549956,119431.10459192254
101026,16,6,5,29281.394868360767,1.0093070272558098,0.8460045499054865,172720.23842537994
129370,7,15,1,84323.3767626183,0.7476498438202915,0.9043329240264448,202779.21483492968
22934,16,7,5,18863.68677901572,0.7480869543923042,0.8367522583833465,64960.21458068738
32961,11,4,2,6808.029843004918,1.2901985098084534,1.1736278258422608,46537.13451952595
36233,8,4,3,15746.396734272714,0.9387975128393069,1.1548065598054822,67655.30622826001
46548,8,14,1,21265.753439700464,1.2458377457548606,1.1468854633500014,53514.55901445661
88483,16,6,4,24338.00031854064,1.0091635990223566,0.8960035582377257,119790.7551702507
36503,7,5,3,10487.477969766234,1.0116652022100057,1.0733429106644288,68798.08188119215
136772,9,6,2,40707.23656091054,1.053969254983925,0.6255878321950262,200663.07325156275
107774,9,14,2,83922.81601920888,0.6370183612232327,1.2308039843170415,171629.36450203063
142084,17,9,3,37956.18479730894,1.1512714154617278,0.8642898685082119,215349.4368983364
75196,7,8,5,51735.700852255155,0.7534906960327057,0.9514817471964647,138217.21992443985
58279,15,8,4,44425.89157805245,1.1106136638696165,1.0426010369895558,111593.92073423417
83165,11,9,3,50485.81354085758,0.697454459153869,0.6703010903461487,119928.53361979297
57161,13,11,2,25642.83941929802,0.6877405864916284,0.7913568816457859,111578.51910542321
121349,10,3,3,56649.40977971322,0.7083626989988976,1.218788064918648,227453.88455473096
90644,6,14,5,35642.63017606067,0.8253779086499475,1.1864711604081073,124336.40177978124
39685,11,11,3,10964.494262859189,0.643702847364781,0.9330408749475355,63254.793015220035
95693,7,15,5,28194.62135395471,0.9309568559259023,1.1601483662673338,125168.99863175955
21681,17,14,2,6244.278502123493,0.755348663742957,0.7947911623726626,50389.80486990272
144530,4,5,1,33388.8221555243,0.756106813725273,0.6832099536854987,172726.8037532275
54003,4,14,3,33701.19592513533,1.08220210822822,1.090863479749613,61830.09774221879
90326,16,3,4,20802.10796487359,0.7806266116435316,0.8616824563080057,172311.96297051944
101711,17,12,1,78947.4995069224,0.9567479036634918,1.1603062832945743,141306.97742396232
92608,4,15,3,40049.48690439655,1.0691879254492345,1.2834868186427715,84096.14484759145
45660,15,11,3,24838.59883354205,1.0226240177150445,0.9749712263103048,79478.39024777159
67946,13,14,2,16454.722067260926,0.7036015578878423,0.7054802744982176,108479.96105535711
74267,10,11,2,49822.923799278906,0.907714327431518,0.8358474207904201,85082.14428962389
108024,10,11,5,33187.808953329164,0.7329802280795759,0.9151045254130545,149795.74063260262
48682,8,6,4,10185.349175491652,0.9389236083769068,0.8922862939135968,79700.99434312647
126225,18,3,1,50897.223389300154,0.975079623014258,0.8468178238865876,183833.6945983917
104296,11,8,4,69631.85249904353,0.8916899284660742,0.9883772474197783,184692.99024548527
84738,7,4,1,61515.493297670924,1.176740379047879,1.1658849965055613,79938.6191086073
119671,17,9,3,25290.838356563294,1.278339742157372,0.6015246126025824,149893.1698028094
131203,10,2,2,45165.07601749859,0.8287081158034932,0.8244449524218715,173931.06100543335
49688,14,10,3,28860.517450199564,0.8760021303695997,1.1068089750654282,73972.0298649129
33461,3,4,2,19880.70435745044,1.1295443951008797,0.6650609106206135,41539.681246518994
66062,18,10,2,56404.545825197274,0.9056720113594332,0.8098787857209048,122493.97731268797
31541,11,11,2,23306.234405901138,0.9004997720492576,0.825470486100973,43703.4079272533
93910,11,7,3,64336.04598055821,1.1864202258824736,0.6868894767199283,123901.94387510486
58268,15,10,2,28932.42210990729,1.2841165826531977,0.9420069836445083,97551.72600220221
34703,13,8,4,30764.823938604924,1.196902491222153,0.9750950399762426,62798.341630547264
34959,5,8,3,26962.364367632752,1.165360272850788,0.9205482600460312,57163.29413562556
99025,13,8,1,40905.86327433094,1.140893248833919,0.6017016474221845,139316.66059542232
109915,9,6,3,62439.61287883208,0.8460428479209492,0.9961889837189339,124793.6150198676
126630,17,4,3,35568.06229636881,1.2437722149105501,0.6555089232947975,137069.408556865
135519,4,4,3,37917.79650277618,1.1173789602454374,0.7864052612268797,146718.6487746786
62957,9,8,2,13708.747689740758,0.8244791555998829,0.7309803815792485,88119.2296735159
139614,5,9,5,88157.10994078504,0.9421442235410785,1.0667198687406731,192527.31818706056
88783,9,9,2,63694.96656904184,0.983169358818657,0.9022980617016765,142198.5190504444
111506,3,3,5,90233.30807135535,1.0514181258480637,0.8382076282131257,130858.94926613959
116008,7,5,1,73007.34848060911,1.0762136980628723,0.9514468642266689,124544.76301623657
125645,3,8,4,46120.19255082708,1.1206132614858386,0.6271538667937454,114266.62659815402
71996,18,6,3,56490.99719697494,0.9521169506150013,0.8717256274424676,130021.7786549686
104351,6,8,4,74466.14334699737,1.2735488106123913,0.6399725091424799,136260.61342367655
113305,8,7,1,47229.396146909596,1.1602620893872653,1.1661088817877974,160041.32265669032
67402,9,8,5,23432.43022417396,0.7249829545065904,0.9869371071591678,111950.3912768963
149010,6,12,2,88795.7658840254,0.9080618704570025,1.164481032313292,237595.97854219083
124325,10,13,4,89215.52671351582,0.7100196869611367,1.2648836043581049,193014.66285052933
27103,5,8,3,16067.319429924135,0.6581785299976344,0.7668157314061161,48771.980199478276
97159,18,15,1,74338.63147007812,0.9479764479157204,1.1383810486547343,164413.06089650482
78689,15,6,2,43299.5354568591,0.6910483796490642,1.0625138086448738,141695.13914404018
41946,10,6,2,18421.33881272402,0.7204123270977231,0.6707410191773112,62995.43558916184
58118,8,5,4,13302.630689689193,0.7193119665428382,0.8103089355862619,111055.43010524123
108041,16,9,1,57351.37403311945,0.8563690540756634,0.6816175859759155,188183.67559695212
72732,6,6,3,43489.85454444892,0.8100185142309675,0.9459100281883308,91791.48243914962
32867,8,3,4,26745.948432622707,1.1561451401901777,0.6952460754577015,53518.066617329925
145563,12,7,5,89818.15025609225,0.8112072669045998,0.8264821603647399,169994.14890800338
54178,8,10,2,43293.45511632408,0.7031524626435995,1.032262504995527,106628.66168820596
83075,9,10,4,22426.00702788156,1.1936248271488568,1.147489707159144,116497.69645298609
100273,13,9,5,50391.65251208983,1.2972414129992518,1.0603590917039312,106881.60656464177
40155,14,8,1,16930.933432767193,1.0491948106376023,0.6611719120167829,72226.06149541646
116724,5,4,5,33763.4121214925,0.9553921260232883,0.8985255567277983,155158.1274573546
22969,18,9,5,17328.304988987267,0.8233084300516256,0.7070523820624117,66960.22903561522
77753,6,6,5,41975.85385623858,0.6656449881183387,0.6996608508720499,110754.25525422885
114168,8,9,2,81532.64979713825,1.020438181630388,1.1130405986181136,114841.70993240457
76018,13,5,5,40926.67269301543,0.7408638417686977,0.8248701330567905,158185.58846841863
63043,11,13,4,34067.871112905435,1.0696683282128916,0.6166840968946738,79769.7161018112
124439,8,4,5,79200.32224820544,0.83369528669943,1.2055578606730082,214377.86045916326
60519,8,3,1,12916.803343990612,1.0481133449362774,1.2876966868598134,101495.99155796091
114286,12,5,4,86380.05806929921,0.7856433684487043,1.057634355800382,195811.77836530117
107423,10,10,4,65477.67419334142,0.9975957892565201,1.0326684759349074,126441.57948837949
56430,7,4,4,16822.796113898738,1.036338988204679,0.9156707516108067,93081.72345711356
121324,5,10,1,38885.01407646125,1.0168254551779117,1.066286537424993,130384.43677405396
51240,7,2,1,19289.94305982559,1.2332205083074008,0.9503493549424815,68364.29736436628
104702,15,11,2,64498.67444973602,0.9251994761883784,0.6362396076013427,143401.8013696515
87284,10,12,3,45307.30010443338,1.1299595564211615,1.2074157358219981,136750.1858499505
76943,12,12,3,26053.585730922354,0.8340468093576984,1.2729705802795879,118436.10980323152
96360,14,6,4,46146.625793334824,1.2793378373541389,1.1412247207606552,145987.87152311523
118301,3,5,1,66465.67423398979,0.9415371285973401,0.7676122119623219,137137.60492536845
54396,6,14,2,45543.83493834818,1.1420063200580997,0.9039236517843794,81471.52910692891
124905,12,2,5,54819.45827064291,1.2860267316937035,1.1850478544668426,134765.0924255366
94087,8,2,4,71482.87737179345,1.2151270472373799,0.6748774773465204,110396.79843379474
137420,11,13,1,61689.63369611977,0.709856419542918,0.96448754109336,184835.73412869492
124499,3,3,2,58491.22648659982,0.7697262800077439,1.1574588936119743,142828.67858056742
60373,8,2,4,24001.053353178653,0.7178811365301594,0.8587549440539559,125043.8771080381
144690,14,5,2,102400.87936445123,1.0834136611066565,0.6629308795786792,219929.51062213065
39007,18,7,2,20673.84690472108,1.0557263812014366,1.075459445155514,84237.47742560104
74308,6,7,1,55562.42583803114,0.6777265907648254,0.6983109045612296,140619.30232021498
91461,16,11,4,78507.84421492396,1.0140921734246695,0.9677068791726506,134402.08011308234
101025,12,15,3,37123.924957282936,1.1978114151321555,1.2752450154040387,135404.1428982125
75307,3,6,3,59812.41398378514,0.8026939493303695,0.692590785004082,95639.01499702857
81107,6,4,5,62411.19994999647,0.8191479903196159,0.9943657184970716,120030.4242641497
126802,5,14,2,29827.791988303008,0.8555915981603757,0.6524415136198698,183001.374117652
43175,7,8,2,31606.453182390687,0.7027333037828796,1.089822512041838,82503.70663536011
24637,5,5,1,11353.909691446295,0.7633933980823067,1.2696237201939806,45370.23046925866
120434,8,6,2,31921.872057784134,1.2116918782039856,1.0737503261958168,156199.17389793237
79764,12,4,2,62199.09808500811,0.6949378216625003,0.6399789314070835,122363.03980984213
119096,6,8,1,93922.01049518333,0.9639174792400071,0.757966415931964,136747.2925154423
121786,8,13,1,42436.08012586317,0.9831746578805085,1.0119072803085394,153371.42818341777
105117,11,7,5,79688.82496286464,0.9135191067805644,1.0503877699456372,184639.2592128098
27144,8,11,1,6619.616842102833,0.7672473465946562,1.1242574488725252,36323.699959048914
42421,16,13,2,9060.692753986432,1.0179473694448022,0.97571460501316,76095.91400101889
113577,18,11,4,98337.3536565974,1.1069940174853747,1.2472319056573165,172034.19084693462
104456,9,3,5,32757.24792590651,1.1415371683543518,1.0530670287162198,158884.94334281067
83453,10,10,2,71381.51991125695,0.8406338516133158,1.0466539854739625,127397.444389462
107608,4,7,1,31984.51052950811,1.2234873955561145,0.9919629280329774,94847.60614822106
66606,5,7,1,19130.30393236532,1.1511480730769659,0.6398106427841256,91795.42523376828
138549,9,4,4,48723.836779692065,0.7646279224640989,1.0617253001167184,195560.41096864484
48349,11,5,4,16423.33216942878,1.2709460731661555,1.0935257953784112,66021.95821385775
138531,6,11,1,67169.97879746876,1.2043647270224298,1.0827206792921311,104136.53190481708
41134,12,11,3,20046.2322336925,1.073394230460883,1.2339247315215147,59772.06273751662
25063,3,4,4,14451.806356569168,0.9743383292728875,1.1812710741786527,54365.6018355927
92029,13,4,4,58163.247204358915,0.6413872665469644,1.2682158123281586,172426.3557122407
143865,9,14,1,86055.69713821106,0.9908411140669531,0.6659673961875104,213855.1735715764
76758,3,10,4,16607.423944749997,0.9051674322195962,1.0330983826300753,115230.4599050523
59235,10,15,4,44986.35987534125,0.7681403766024273,1.1018173248381302,113776.60960273776
82763,11,4,3,58270.15285732147,1.2603993789410488,1.168008079104688,107391.27453697198
79983,8,4,2,70456.55250805255,0.9340636327962548,1.243193050154789,133194.20209331939
85867,9,13,1,35459.56363571627,0.7911044810285188,0.6637435611863534,127541.14051955967
89843,7,15,4,54505.1722365548,1.2526087201990934,1.133286231077079,81881.31520027989
39218,14,14,4,16129.297356368246,0.6830719944687187,0.9729426118256657,80848.51128550532
91499,4,13,2,41995.86985407827,1.2007461331661387,0.8233633281480917,86107.18026627938
45047,18,10,4,19077.14102818949,0.847715661620563,0.876147482977131,86931.12706513543
118833,13,3,1,74864.61847132046,1.2409819041777297,1.064060663985329,153746.53224092873
41414,7,4,3,33037.11873902902,0.629683986000507,1.0601082390772865,99819.71466816709
140174,4,11,3,32998.51031377269,0.9686192353508929,1.1557348699054741,201260.9262646178
45300,15,12,2,17545.24712689131,1.24260001351503,0.8876860388201305,81405.75232131961
86805,9,10,2,60493.89012123326,0.8883193274084971,1.2544386690014089,140706.8255460656
144028,17,6,1,88460.79462117142,0.9556628748490632,0.9908012251821396,146588.7671348193
53997,7,9,4,27922.475613452643,0.7621439538292659,0.8080986923793461,97387.1067103479
48078,4,7,4,24080.451164216054,0.7138526232995881,1.1178320079432744,80496.44807821326
75019,8,9,1,47146.70631237056,1.0074153794512968,1.1356053509968733,86276.50961816817
36470,12,4,4,27235.00792831182,1.2141223343732719,0.9599724114922623,60256.70812090915
92065,11,3,1,57855.8410831424,0.9207853618474857,1.1818528323465993,153671.06949480472
109084,10,6,1,60730.44189599246,0.7053859186541247,1.0455889993838354,136624.69938595744
67756,8,6,3,24939.250134332196,1.2733677330494224,0.9164876505501949,96826.37007065535
136233,12,13,1,36111.80407379814,1.1528797280044416,1.0390708375463613,151853.65836044063
93520,9,7,3,54773.75011383612,0.6792712600645259,1.0593931928230254,130221.99135860475
95721,6,3,1,63056.874793422365,1.010708400254394,0.991994245694878,93726.7901155425
36342,14,14,4,27838.046036946274,0.8927963792306743,0.8171714461649565,61590.453767579005
136346,4,6,2,113910.35488118631,0.944553042123009,0.9585990427967215,177290.7945932026
57169,11,14,4,31298.68433765045,0.7031619476131601,0.6637646828532384,113878.27383073878
44848,7,10,3,36892.84480489534,0.8326358590874823,0.8094238994917395,80009.7661126398
95412,5,14,5,77169.7346334131,1.2111027962530716,1.149827961218588,130896.34099930116
130277,14,7,4,47602.46293545048,0.8092537477311329,0.6351584567642743,219774.16616487244
116345,9,10,4,27899.724643640024,0.6168220737671618,1.0433597943714994,149413.43150871433
50619,14,8,5,12499.05971323201,0.9312927571572763,0.9696288064514589,82791.29327241887
139324,10,8,5,37676.16555712925,0.8746042147604374,0.7590321076495057,239129.09395477202
130143,5,10,3,80911.60141429052,0.6005853747600265,0.6047180212637121,173826.5987068896
101007,14,10,5,88896.60525231257,1.1675204710181202,0.6428964217101564,137874.4053685694
125495,8,15,2,78022.18971458258,1.172446499030186,1.0748351601814095,164331.3846038117
65752,18,13,1,27232.39144654317,0.6849955001294465,1.1374073385377268,107946.57031348393
116358,4,6,2,50091.552727238646,0.6783459658718723,0.9555260092038724,176145.0969944135
114482,14,8,4,23333.785446563033,0.6525694013194243,0.9355619517260785,187037.37898261062
130833,16,14,5,61860.918185151844,1.1771856627250143,0.6005697302778624,173379.6552293307
55059,15,8,3,15561.04635115744,1.2439482739226082,1.2431057136771793,99595.6883381877
143828,11,3,5,66283.41646652308,0.9815970208493229,1.1740420067672193,247059.95289555241
23237,18,9,3,5693.763648045328,1.0182309405004308,0.987111200005679,66424.52225418313
30869,16,15,2,14881.834943616808,1.2007534463057223,1.2139184988501008,49252.3762116074
105648,15,15,3,27126.641179440772,1.2770668482122605,0.7833773110020616,113728.64108869934
113396,14,6,3,66640.8426944482,1.14274553151699,1.0245466394629754,138697.09009648603
95470,5,9,2,46661.048459177626,1.0249708784260525,1.262529945951156,135056.57004043102
56004,9,3,4,35929.82092879284,0.7067665624972602,1.2488143484401644,110610.94125715533
85186,15,6,4,33796.68031969979,1.1469438835049015,0.9051502764696062,112648.29025959776
120676,7,8,2,95568.04631628268,1.2530621878817823,1.2434404626349316,139946.03754078006
139670,6,8,5,30386.3540650937,0.6293712799918775,0.6530474149227516,161175.1388684962
123622,16,13,4,77198.24772854632,0.6286592573139932,1.0782635451875406,251699.06944142797
74219,11,11,3,61337.90722231897,0.8262321174318327,0.886810166324203,136376.2726780939
31341,7,7,1,26027.218588408738,1.2111679343538702,1.1592440140858105,36526.220083504355
147168,14,14,3,132000.9726620822,0.9288842103707085,0.6912055662424307,195884.4938468176
107058,4,8,5,64334.827256123695,1.0772903531808673,0.7550439767166879,134415.74572638466
100981,11,12,2,37921.66728502058,0.8177754493685804,1.2467232679287157,105085.70435014312
31148,15,9,2,23400.811161803438,0.9381771005890678,1.102415929095307,61009.71313831742
25690,7,4,5,15355.427056633276,0.7665768806686604,0.8773675282970514,59227.36500510529
96140,16,2,1,24767.370463737443,1.1667511081182216,1.0766161591956707,138690.79511001977
137518,4,13,3,81616.55569694751,1.293926360341541,1.016557740143435,178271.49394052525
75615,13,13,2,51555.273134166484,1.0624307268354354,1.2840862520713126,86449.08682256688
117045,9,10,1,49725.09784679224,1.0712334417240097,0.601598795277852,122706.68488109461
149526,6,3,3,100025.61658598478,1.2531738474900043,0.8421407035970873,216263.12116689287
47697,15,7,3,16330.979229644838,1.1429698063108256,1.2442485467229196,80429.31784923867
118757,13,7,5,93907.9463294506,0.6337975803153781,1.2499849569719914,239757.60131853388
101941,11,12,2,47844.13556660775,1.1915380138902596,1.0179912674763114,144333.2031435425
67496,9,13,1,43248.452339274794,1.2964124445860419,1.0191430878323589,79398.74876497265
149505,14,9,4,76450.72521229838,0.6868121920414828,1.2301476336938495,219226.6678438834
89721,6,9,3,46356.96213929462,0.8339060593996168,1.0433709432883758,125981.4250839261
93126,11,12,2,29466.051320474533,0.8237720688325842,0.8423153527683404,107198.20399088746
52728,15,15,1,28551.500432357796,1.1115613469650378,1.1784157788065914,81083.29601988026
72957,4,9,4,64243.090496867466,1.01623655476218,0.6392090691238982,102015.1210450912
132131,4,5,4,34408.174506493735,1.2334578439274277,0.9874677190015873,184632.00904216236
91662,8,4,1,57704.41876999417,0.877257854629108,1.0586164352907848,137124.02866942808
45724,5,8,1,29083.091719262076,1.0716874429338992,1.0154547204578317,52318.04826711902
99321,15,14,2,64235.52858911797,1.0278484405034076,0.8340012472790946,102402.84508889484
73902,3,5,1,23362.37894508337,0.6522831120390842,1.0768437623131326,92573.01285135758
47556,16,6,1,12464.973128876336,1.2588782055448875,0.7865987097329146,62901.05375868928
27463,15,4,4,19776.125189883383,0.6090371309572047,0.9860056752380941,79476.8805357779
107575,10,3,1,30116.85656270573,0.9618684757415872,0.6088458547678831,147632.4107767134
20745,16,10,5,12667.813623146854,0.9200454534894772,0.7012135684235536,66623.81178384248
96464,14,8,1,24075.205363343473,0.740754736347935,1.2135993355827939,108958.81603279337
123307,13,6,2,60831.39438117949,0.7251752809440545,0.8557498765662592,161124.04866793475
68184,12,8,5,17046.814824491004,0.8156769201788932,0.9287966229381561,120977.69569051656
107881,16,8,1,23884.454972524665,1.1567061907276455,0.899249206803497,116169.90606971022
148661,15,9,3,106646.25729711224,0.6674615147633763,0.8878729991746624,223153.63207855207
44638,7,2,4,19020.87752001153,0.7670217414874595,0.7737257556785533,79360.36819975976
102996,6,7,1,34547.130442728296,0.7324360903501925,0.8242894040081944,127759.2237895829
133497,12,8,4,65903.21915469639,1.1713944253098707,1.2794640314463601,161188.47729295757
66895,6,12,2,17042.636296497065,0.6533313142157342,0.9887612756070723,100547.29456591222
129796,9,15,2,38310.03348761003,1.0197580225875436,0.9197515212810102,149005.1035995671
32964,16,3,3,29149.905007021214,0.677244803572686,0.9725743696654621,84619.53928526057
98706,10,10,3,44289.78113001293,0.60888995713405,0.9068016513870057,130688.4835148368
47373,3,15,3,29375.209062138063,0.9997317635223422,0.7086163094232562,58599.96656005298
34688,16,3,5,23597.920126146266,1.2201034852303656,1.112380864193541,81867.56222424697
124161,5,10,4,35221.77030716546,0.7427463035038636,0.7081660044644259,137011.89445768934
113633,12,6,3,50542.99757044418,1.2750621204016852,0.739121030525798,130447.49967273702
94402,4,6,2,30415.43187491536,1.05019166743433,0.6661996693625855,148300.36308224374
145255,15,12,2,115903.81379132628,0.7847639790610227,1.0578701386782599,182537.07368925263
101732,15,2,1,51107.30082502973,0.9449030857654044,1.2382306358089181,114120.25064651374
101342,17,14,4,87140.89270507795,0.9025172084294841,1.1473265314545251,154619.58456682254
43133,16,11,4,33205.40442620484,0.7601132040742774,0.6941742875486169,94385.47259326246
40457,6,4,2,20038.85404706644,1.2080513281178646,1.1344047634300853,63526.82530423894
119929,13,15,1,94841.73663144429,0.8322845029867312,0.8498142617878582,198201.70080060122
88738,14,5,5,20426.891439906576,0.6526630988829679,0.6632031964911574,163882.7490141447
88396,12,3,4,69650.55736162735,0.7934393191731313,1.0445499071626312,142234.67847536362
26905,9,10,5,21940.206028027733,0.97873268845791,0.7080775632125952,54850.146223177595
143430,14,4,1,88284.01813448434,0.8308939653498595,1.2093278845324478,171205.81061199785
105683,5,14,1,52257.57581582523,0.6071441340225676,1.2529394063839936,154196.87480764737
130803,9,2,2,113625.45202941721,0.8874180189602863,0.9726042475350667,220049.47435770644
37842,13,14,3,29003.881229713188,0.6297492639221817,0.855376063156946,85328.7849225841
111988,8,6,2,46110.71026380499,0.9524946324499428,1.2556533975140312,109688.71900787306
41891,16,13,5,8569.918186161885,0.94728217457158,1.1219422310965455,92411.68547059782
88417,8,2,2,27837.33537003612,1.1045092006472266,0.7676711457599913,114625.99671276004
149554,3,4,5,80120.44365906982,1.1450813237168762,1.0905161941326007,150027.62541727087
138819,6,8,5,93429.85658132848,1.155651289602331,0.8501742490487103,146339.49152417562
127408,7,15,4,78627.62041845257,1.124126037155699,1.1897860680363248,177401.2858172707
89479,11,7,4,33644.94760247646,1.0916053002534802,0.9091522772927234,143902.27589025415
54799,8,4,4,25038.635923453672,0.7266785722866875,1.2532124800222468,92832.92349558251
33831,8,5,2,13116.76047460331,0.7305661475027501,0.8335074855265986,60814.44479178055
32513,12,5,5,24369.659741590323,0.8652280408927847,1.1904386739855735,64484.4179316324
20256,12,14,1,13729.423949048864,0.61529871474859,0.6692109088687668,45175.533939719615
104791,10,14,5,59257.83557846285,0.6430973980114181,1.2665804030348125,199504.152320046
29319,12,14,3,10526.8779167311,1.195217802690912,1.1375991557246112,53821.7686917194
50732,12,13,2,12665.000087664203,0.7592961138204056,0.8510700236530613,73370.41012055066
70584,18,5,5,62276.13215046706,1.2110887250444393,0.6896531981408054,115355.16316874053
103671,4,13,4,82216.69765186969,1.2571682811225933,0.9050962624530396,101128.04052031763
137165,5,12,4,76871.88926095422,1.0570888014661133,1.0049645791804993,151050.3276942579
115049,9,7,2,70040.21377182295,0.8877886652929678,1.101586248028787,147487.9351824763
74400,9,3,4,58895.37887701711,1.1956459887308566,1.1472077958082056,96891.39913846165
56452,15,10,1,49078.37785298768,0.6899199336479643,1.1209211325294284,122093.81130182509
40054,15,10,5,20562.1324905065,1.0825451746421988,0.6346879038442156,80131.26996743583
63476,8,4,2,18928.569950316483,0.9863871630460165,1.056061618813748,111520.70750764507
148083,7,6,2,90053.5593323603,1.2112021519915137,0.7411258920105432,185420.73718371667
44841,8,3,4,17277.501300325304,1.0494687126483577,0.883505277823361,86247.7918392943
148941,17,7,1,118612.39226449851,0.704537777584203,1.0374813253084467,247846.72141159358
90801,11,14,3,45464.36958889409,0.6919768845259375,1.290752055495267,113431.72235239738
123196,12,4,3,37506.446599160874,0.8637552041314384,1.1741230210420082,173357.49323856
32245,18,4,3,17401.505971450482,0.63556356608258,1.1381949614019506,74489.74759575288
133846,3,9,3,92301.7803497451,0.8743460829170611,0.9897650569670708,211190.47042161465
44703,11,10,5,33947.17071265502,0.9567407665431571,1.1490629639849264,84850.41466370143
85862,3,11,2,27244.348711864437,1.2615712400435661,1.1611406582874821,106242.46241213198
149500,16,7,3,35522.58032454832,0.6844783244872197,1.1741609790620888,241404.64830333277
147092,6,12,1,41545.3035557882,1.0857220763012503,1.1094700741393062,218520.14734711155
78723,10,5,1,37801.33696990292,0.6992587328621643,0.9288137524742683,95467.27594389222
91010,13,15,2,52840.777951168995,1.1136392278820664,1.1232217862338445,119159.33116940681
119358,6,9,3,38717.763108186744,0.9118737246773704,1.03168402168863,170737.3036910675
100620,18,8,1,21373.844358131028,1.2059336802435996,0.8060678163246486,170214.38546548813
79674,15,7,5,18948.81140077401,0.7205421947213617,0.6109130320315366,160096.71287665915
115763,4,10,5,63133.76356902794,0.6523341101895235,0.8840994428266369,222643.0677229587
111895,14,3,3,86109.42600391989,1.0288744737838036,0.8304204663759679,166407.66988418638
52385,13,13,3,31831.0868264843,1.1824940717336818,1.0526819493199864,94207.04425201072
83318,12,14,5,55693.62774296884,0.7223389632158813,1.229049786791056,143515.53261848033
110921,5,9,3,23992.15140089234,0.6482583873192348,0.7905970799732774,126836.87748778169
142415,14,7,5,31698.68576178914,0.9162680706415794,0.8985373512390409,190760.66890197856
122192,13,8,1,45034.28853099601,0.9487877365572897,1.0219424386148626,199783.41292668963
35315,16,9,3,15355.882599824754,0.6734643340263278,0.8928482242055138,81713.19289165919
149176,13,6,3,84819.56302096606,0.6417661037298099,0.8255369287702716,289336.86823697906
118007,6,10,2,94198.11571228736,0.7554506646368009,0.8387755969858005,136195.30606444116
103711,9,5,3,40571.12941077807,1.0459035015220428,1.0345043220671961,125685.60281640152
65123,11,15,5,55649.07250706335,0.7879931863922301,1.1488218060371898,127221.43936285049
27092,4,4,4,9401.606108935768,0.7175352407902249,1.183904716602394,45360.93476762929
20134,8,9,2,13388.765657943446,1.2051512824687347,1.2508091867309834,35554.77374751413
84722,9,7,2,65743.98705981683,0.7462166953354601,0.643984800877561,141562.72212554203
110539,7,14,5,48606.016601166,0.7436120533568407,1.1502936472773246,194706.98333104808
96985,9,3,4,84581.60339725354,0.6320446466570377,0.7976064817936946,168097.9192079584
129713,14,3,5,35792.628158300526,0.9225210903042199,0.9441695795499906,161510.5099852132
113145,12,14,5,41408.8140118361,1.070228174245088,0.7014643495996764,122970.94377357402
63831,6,15,2,18899.849003458017,0.9588276571172594,1.2886821552806953,81050.7574566295
106200,15,13,3,44085.049100181954,1.1747255150874982,1.0868599852545258,157168.67718306076
60405,16,3,3,33774.84603363464,1.0732250622960233,0.6791223798212414,82188.64608442773
102011,3,8,4,75817.85253767182,0.7217134012526526,0.9886030453459111,136569.497129178
54001,10,7,4,29304.72361400023,1.1807558501277942,0.7865186855866849,83236.34045383478
80724,17,2,5,30467.391306310627,0.7324689741071383,0.8294984786540502,145492.13210572037
43783,12,8,3,15906.392784567897,1.099458567756063,0.7302831620110909,82250.79609212928
26210,3,8,5,14847.765474273465,0.6044349174678063,1.1927202767350824,59881.754162899844
113548,7,9,2,50446.718696784155,0.8304012776768352,1.1901512634086926,178543.01541483143
129434,14,3,4,48124.107250472465,0.9130432477754982,1.1465811327361992,231942.78384224395
101994,17,9,1,90165.95173594955,1.1123468187836183,0.7796817870629662,101797.97351823108
121927,17,10,4,40677.42053397956,1.0102884273086674,0.9645960362959977,170914.5781639744
71481,8,11,3,58497.73555492879,1.278681010441927,0.621018664377203,68345.08668533982
38042,8,9,3,8618.38972989792,0.9238750873321473,0.9740857903254971,57604.06080766497
124785,5,2,5,94707.9411787231,0.9543406511630426,1.1061878578370843,175520.9705098171
92773,17,5,4,72240.30380561607,0.8204536591684275,0.7125829688485775,140457.7422724143
28077,3,8,5,17753.74516247176,0.777305728563001,1.0264607448612173,46128.146817487126
52535,17,8,2,15735.448178053924,1.0398898736371005,0.8704196563665709,95788.00299133442
86449,17,7,3,33005.65610753452,1.211936176201578,0.6926077716820013,105324.5064974622
118984,16,6,5,29369.8907831383,0.6165545710514458,1.2245632085525773,167877.0024132567
148548,13,4,1,36975.84454759158,1.2000327731905416,0.6516193055390191,200112.171452305
32272,7,8,4,7792.495994499156,1.0605968742849785,0.6986091839451358,54028.33367203967
111739,14,7,1,72604.73035527632,1.2579082317065633,1.0661685933285254,143666.21934795275
143824,13,9,4,88346.78138030703,1.189537712266341,0.9237768445094638,155376.49855475963
83922,9,4,4,50472.17586631381,1.0447600965292563,1.032073068284821,124104.95296550979
35451,11,13,2,11398.002122934633,0.7313980629006055,0.9370142318754107,49833.32281324689
33541,15,5,4,18288.112766176022,0.7048677386369292,0.8254301249196945,90076.75475834848
102780,9,6,2,48505.188683348984,1.1888916617306906,0.9897867580374387,138488.5749275924
59348,17,8,5,31595.81000429439,0.7403428971291424,0.9707862807453913,122374.1319470724
41420,7,6,4,33041.47601656619,0.73500798840909,0.9058399194972369,85551.95173390649
108568,11,5,4,87620.27936229057,0.9168034551653989,1.2151692709662287,198002.33376693795
138302,17,3,4,55765.85060876208,0.8262225563348441,0.7113502283523296,234164.20773100542
24262,17,11,3,19297.176880834322,1.1460595869233017,0.9439617068072336,57613.05636287905
138175,6,4,3,40745.51245809331,1.2716822742416647,1.0799077728456477,135083.98803077466
63125,8,3,2,16209.21120527129,1.010916546833382,0.6226867051028282,88856.30478921364
89542,4,4,3,20254.700312894583,0.9061092238512418,1.1812614388547245,117771.11098905267
75386,10,4,2,18618.969674413012,1.0384272218331412,0.7000972185307114,104339.31473103965
51197,4,14,5,25402.964627511912,0.6932416827472475,0.8567449860723614,74741.91737879145
116197,12,15,1,28027.235460489184,0.6139894905574943,0.9878396774720146,159612.8132271781
93227,11,7,4,75500.12428583684,0.7045387906358168,0.9149724900351968,139385.5593924166
132473,16,7,3,60531.04031617909,0.8269115049825497,0.9382514723585482,153936.43787955437
49774,6,2,2,36316.16424974459,1.1256183462864904,1.0866527778189075,64948.065534238354
137920,12,7,2,96821.33828973609,1.2734776705122242,0.8250183528230074,119681.40282620353
38716,7,5,5,15222.701815352135,0.8500282706991356,0.9801939412852395,79749.01526371897
24785,11,5,3,20891.122080122008,1.0044587795168871,1.2060804618858991,59137.3071256053
31683,15,12,5,23709.111650073504,0.9502492655597365,1.218913757087752,69333.86486724234
147657,3,8,4,109016.67840785181,0.8018960282507682,0.7609136084518177,257163.16790962277
58878,14,8,5,43740.095414431584,1.2799499803702585,1.1443799050755645,98652.39965587582
142132,4,13,1,78467.8259766232,0.8009903448707617,0.6847781803948425,183775.87866739687
147416,7,10,1,112924.53910959055,1.0267847305496014,0.8252474656495326,207353.16970505277
106974,14,6,2,78930.48894400756,1.2746449507918483,1.2838122975650874,121286.72909477662
124250,15,3,2,96484.65222039544,0.6407734639724264,0.6935912185817765,188425.6320409089
124666,9,6,3,32808.05638142684,1.1251367653618176,0.8825307172162737,185272.32579883284
90546,18,14,4,46517.72977268684,1.1186329214359492,1.2976918415104852,157656.30008275495
84519,7,13,1,50796.92652047382,0.8634934063668975,1.149887314876027,102448.14347804288
46261,3,4,4,20685.791120507518,1.2783951686526884,0.7884041338035799,52042.548351113255
74736,3,15,5,50297.35307502937,0.7821974786183455,0.6957528396074941,99733.58085762298
37014,9,6,3,25026.18063798741,1.1249272909169954,0.6131710810451796,63735.82347617843
65091,14,3,1,31597.100598784877,1.2498873418698127,0.9787052721605363,74546.63800480831
122700,10,14,1,65283.11240789257,0.8213567375745889,0.818111515867767,153773.077279745
29655,8,3,4,20191.404459115136,0.8733539286960033,1.0689318136298016,53460.33663816804
113706,6,10,5,72674.67711157638,0.8416699899670353,0.6908687403974045,179570.9764324704
79470,16,8,5,37756.64131767331,1.1692301345954315,0.6622320623770771,148421.28223836515
102831,18,15,4,52362.33761332878,0.6904082143056799,0.8400307754265175,146484.54863764154
73839,11,9,3,43647.41001569126,0.7636030380986197,0.604015692906537,141446.33350909187
88098,6,5,4,27534.972938980627,1.2475698652565466,0.6847727871654568,111193.54732313662
142795,8,6,2,113738.61801885774,0.7150550864877133,1.0826605764965538,229753.3327349167
129985,9,7,3,55488.76032278669,1.110796742816317,0.854950174962037,184075.82473548528
73389,10,12,3,38598.04778014225,1.10832510216972,1.0201607298283348,111634.33194221611
74868,3,7,5,25719.081091066335,1.1326234924680354,1.035845011628332,77705.43429822323
34249,4,3,2,22179.88476360877,0.709128268131804,0.741743181360982,67274.35614669355
78298,7,4,2,33670.23805581026,0.9799169974699162,0.9952846632432014,124652.67915195497
55942,6,4,5,13511.408035625522,1.283199513847658,1.034757124977207,78319.23366065322
26976,9,8,5,20881.708316237808,1.020599463705161,0.8998990794334331,48524.054195471326
61908,13,10,5,34902.899609468186,1.2402675137508867,0.9420034731715334,102633.90867819307
102893,4,3,5,30202.86583048231,0.9287529086653173,1.25768496545347,159276.66137437464
50221,12,13,4,12974.287709761604,1.0558441409132304,0.8961383620323151,65013.75105356385
83611,12,5,4,22550.981412161254,0.9561161175745723,0.9876937252943021,153344.35688677107
66036,15,4,2,41322.82520417435,1.2787298533616025,0.7457232562907079,76333.98150906719
143328,7,15,2,91597.04411272856,1.1277027596207825,0.6029273922337101,131205.58164500142
122088,10,6,5,81397.36135822287,0.9480475160868839,0.7160221947285867,196787.61576067537
127847,6,6,1,51305.043251465664,0.9838655079880432,0.9279182562700059,114955.0755639687
53086,12,10,2,31641.329952849264,0.6434286369166621,1.2947531932050005,112136.52339602844
41492,17,12,3,28573.960236921594,1.117591905126809,0.7078824000196546,80168.21014420174
91712,5,11,4,37019.672556884805,0.7915462019701868,0.8831877319736746,98947.55804288789
147193,9,5,2,128270.29539232848,0.683292024310794,1.1867650029032397,252081.08761852604
89710,15,12,5,29851.80216349802,1.2097283965045627,1.217934855756799,139477.75830281695
119055,4,10,1,28364.54481249954,1.2834765705043725,1.249235934909844,138741.35167400452
107504,8,15,4,29910.505197999835,1.2022606918645429,1.0299501524753358,101077.58895866275
55464,5,3,2,16367.464883647915,0.9843819016101514,0.6461310053647961,80585.56183434783
119649,11,8,1,53535.1946948956,0.7574095321700016,0.8375163859844682,163360.9308152051
129615,16,5,1,110892.93860475982,0.7836711101606362,1.1028108875842966,206001.24455909224
55818,11,5,4,48506.636927863525,0.7279961100500909,0.9501267133812019,92137.59978103785
133938,8,7,3,57131.082532859786,0.639364636686795,1.073782793630536,210284.78236408703
112667,9,12,3,49631.83961433872,0.6919795540319156,1.0266225072703385,146092.54854132482
118158,5,5,3,63560.836296401154,0.9718030664340651,0.6211739406175905,120876.71774455709
105032,17,8,5,78789.20138409028,0.9956820002628417,1.1721530478264977,177716.72455367065
125034,12,2,1,86991.0936760369,0.7577034399070257,1.24873725009939,220786.54689259848
70412,10,11,4,45353.16157480124,0.7766278675902124,1.130055987978614,105188.62176945448
104064,3,6,5,86666.68584575907,1.1157497406724846,1.0204968472551919,137259.755338253
131886,17,11,5,58351.39828720885,0.9600489429568599,1.0395720615198192,223257.34053344923
44777,14,4,1,29890.814704520813,1.1836229578771706,0.8688516593424909,56392.18206136263
22708,17,2,1,7438.39479076918,0.7318102263139556,1.0114362676704753,54578.25871136071
82471,16,6,2,19175.683390749546,0.6908959740293399,0.6067993489051163,106664.04314927173
66350,13,11,1,24465.901843177784,0.7388912543628318,0.7533820743561708,112226.34493821139
35238,11,6,4,9988.345002792756,0.7376450933883856,0.720731587891894,82479.49690927577
82676,7,6,1,27820.55008543159,0.863487266600786,1.1310504948203015,132905.04564309592
51518,17,11,2,34989.21583086337,0.7514905116018326,0.8789801232379496,96847.62036199303
134904,13,10,5,31607.630714137103,0.6819983650878855,1.2464930269757424,195685.54817140568
93349,16,7,4,83187.93071550921,1.031671568944123,1.081017576141668,135205.5331027844
48663,16,11,4,34987.22330944897,0.600156856255577,1.2173284473002897,98000.9204734649
74116,8,12,2,26120.820732546024,0.6485976571886906,0.9105327147898368,103366.80840914618
113192,12,15,1,88969.14978683859,0.7954507069367559,1.030358175303504,158090.42919500504
98146,17,15,3,22093.58785875729,0.9885000534901516,1.0552295618551348,171080.4134578241
140968,10,7,5,73902.95202247624,0.6587292274764763,0.7460777188799378,243978.40884892253
116056,3,15,2,61824.611921334224,0.799161209791732,0.7247590445549758,158675.0062323519
60703,15,8,3,13661.52728839511,0.6087561178884977,0.7019973876057354,115215.31480664626
28817,11,6,2,8455.22712213112,1.2992721131169176,0.6127563137740325,46676.86725645987
32064,6,11,4,11038.765856713799,0.9997636280889002,1.0700515256907637,60198.64027358187
36095,6,8,5,12476.423060857098,0.7195155438587624,0.7699611435159128,77195.64201778654
140907,15,4,3,125624.0373199905,0.7269137421640216,0.7002645457826542,191949.26521886213
36926,5,15,3,27954.727537253457,0.682544568244552,0.7925854281695939,53807.466396877986
65617,12,3,5,16448.517602239717,0.6421771553761298,1.2748268731012686,135645.76108904142
101558,5,13,3,59770.807995793846,0.9851473525451317,1.1025314008310891,117680.08605605632
118320,8,9,4,36757.67037134412,0.6193174372541087,1.0699251397059943,158793.71845512852
116983,12,5,1,48576.445856989965,0.666272367533873,1.0045006716843792,177728.1841653495
122882,15,9,4,50023.09176979757,1.01415542157224,1.0137339668995435,178940.1259896662
56238,14,13,2,22761.30698511976,0.8892074114360968,1.0858032863124853,84960.69938051609
109517,15,3,1,41958.3895016216,1.0437881019382687,1.2103550000053427,165738.09572156798
68957,8,3,3,42030.782014244876,1.104361487111328,0.6735888375324746,111688.77087836234
66406,4,8,4,16233.840243076593,1.0458395971566798,1.06284400164993,113043.91913116883
82877,4,3,4,47751.755676138615,0.7461730615190865,0.6811295931159658,128347.97845558326
43835,16,13,5,15571.03369903278,0.7758105117279507,0.9777898873590823,73589.76189900938
66604,13,4,5,34955.4854006085,1.0950314788225426,0.6935183169451454,96917.34301137712
131694,6,14,5,47304.13516200689,0.622503044323479,1.1846801144993169,214768.4150456472
119489,18,11,2,95058.31912872902,1.2988347414345407,0.6807714116870693,181311.98770514774
110877,7,3,2,34280.5089040142,1.089622721102936,0.7197761411242173,147563.10647065486
68848,8,12,1,50392.11165626163,0.8293007393459609,1.00518775861956,82962.59116379316
79320,4,11,4,70969.8906484751,0.671687070072521,0.963348457822718,111400.78906167945
53772,4,10,5,36497.980230872876,0.7964188406337613,1.1294491646476046,107076.86224539578
41040,15,12,2,29124.622409442458,0.9321788198953602,0.6649522448778991,66483.84872312933
113928,11,9,1,75662.32183426303,1.2129002658572468,1.153812914083383,162998.53807052414
126307,7,6,5,67586.07502524076,1.150598426700224,0.7906021265272197,184861.27060718372
44986,7,13,1,32893.09251631571,1.2378581193041867,1.2809131898287283,42985.49671555992
36135,3,9,4,22620.524904016598,1.1951216916121665,0.6016253302329478,40473.41190059255
41852,18,4,1,16079.153997359646,0.6046044595528334,1.28967716812125,79834.44465301649
122884,14,8,1,34655.904076663144,0.8074338073057434,0.7375890141053121,191353.88673901214
117768,9,12,4,32132.32240039814,0.6406566846412816,0.7853447799996519,208545.17784714434
116507,11,9,5,25691.10707034111,1.241439516545555,1.1211452197524294,132894.78846500273
58685,9,8,4,44758.11691998377,0.6173460019194467,0.9991634855546613,125697.04238512844
63521,4,12,4,23871.870686069917,0.7678068336240724,0.6251140069905359,72718.48121128819
146035,14,2,1,61468.57451024303,0.8304573747831491,1.0323771062053118,236530.9481333592
22782,6,7,5,19285.899790365336,0.6704846888932451,0.9564979046811104,51440.18445094634
78816,9,14,5,25315.22598011798,0.6170790957916836,0.7064034580352422,123848.88671210784
109358,13,2,1,32675.05430508654,0.8126951773954898,0.981623977673317,128830.94635123684
142019,15,6,4,75979.56150510468,1.0375810509153751,1.0721884648465458,242465.93688504086
87128,10,9,3,50591.5229230424,0.8195479128462051,0.8606275822505469,144071.16116966898
89647,17,8,1,76492.47812277834,0.726957949025913,1.1645796336427527,140791.14761746748
84761,16,6,1,71494.67188978955,0.8907780582951237,1.1855954079018205,119246.23488041987
101342,7,8,4,46395.023366577174,1.0069935809108608,0.6889577457829725,127989.6495281362
76230,11,13,1,16866.985672009436,0.8567293980625348,1.1761969361760376,99733.42335597466
149698,11,10,3,83269.33331091586,0.6678307454709299,1.2464643931642336,192552.46337984904
130436,3,2,4,67455.50210037202,1.2422476356964804,0.7199287757668246,136504.37450742075
119123,15,10,1,91086.34347152522,0.6368720432369286,0.8250118354401854,208285.48097241344
115425,3,5,1,82022.50471114734,0.6155010072319735,0.8191763042111372,199625.88079512748
66315,7,3,1,46355.89183572253,1.0950504837691042,1.075433842043366,87385.35293214783
112192,6,3,5,49341.730320797564,1.2565484043528508,1.0211024279275567,174175.39404193693
24501,5,5,5,13280.194746076315,0.7242035592292041,1.2226768030771782,54795.87825529878
131528,16,2,5,117380.27439430791,1.1238760777892445,1.1102597663777543,209480.68007983716
113818,12,3,1,94583.71390091996,0.6233176518027449,1.2526937519303991,173782.401049831
142184,4,13,1,81341.84725015126,0.690177615030336,1.1052854454132448,216620.27978859612
55504,8,12,2,12664.470487067889,1.1143604386529966,0.8305372800280986,68511.52872008315
143446,9,8,5,34682.00664077865,0.8071880123673792,1.2535732455249793,174054.53067577266
122171,14,2,1,80821.53403663203,0.8878536246444445,0.8508638789599348,157681.79826559668
94177,12,6,2,36371.584758990124,0.9720173719727471,0.7226772270866866,117281.51273256048
46752,15,13,4,14605.3537610321,1.0933073343608364,1.2569543148891484,85000.13377796428
36118,8,15,4,24920.432549269426,0.6427305208144265,0.8770657508220517,70655.05389523551
147105,10,8,2,71917.34461351486,1.1733263173219866,0.6164555272732766,174790.77904293453
86468,4,13,3,70009.9990293961,1.2291236604846334,1.054890503068319,101945.75499917798
42716,12,10,5,11359.644459653466,1.1217948324182936,0.7550755435170997,63677.6855952979
108183,5,2,3,37107.46669274266,0.8404063382015919,0.8645334497825218,151367.0959795833
109166,18,4,5,23082.214579221774,1.0498174194280998,1.0474234244770488,148784.02137891008
87525,8,9,1,38336.26209315023,0.6387680806586093,0.8327704029906042,110809.31378085012
53483,17,14,2,20350.178218072102,0.8388820075178893,1.0202715248897385,79291.5171127356
142220,13,15,5,90295.53456567547,0.8791484267646532,1.1922285129514583,206087.04846872968
60269,9,11,3,45386.412312971675,0.7527532969855878,0.6399350160101954,113240.6228541845
137656,10,2,2,56097.700201287895,0.9731522769111771,0.6743555956902286,157537.51375098378
98191,18,3,5,82031.00314403878,1.0350266673186013,0.9592445572380486,185698.34339191255
68325,7,5,5,49467.982309113955,0.8428455605921465,0.8911839448725603,123870.76458227495
143013,10,5,5,126618.95419925013,0.8380196655466332,1.2766794762800848,195377.43292798309
47879,18,4,3,22559.517545885294,0.7439325097613969,0.9515805890101134,98276.00045667872
126675,15,4,3,55313.386038729324,0.9842935873928513,0.8189224177092064,189991.3891457877
94293,4,9,5,60239.98140020181,1.0467212201720526,0.984394946364754,105085.51626828802
85606,10,6,4,70395.52442685333,1.0540061744443134,1.281506237605506,140908.89999135362
117608,14,14,2,59519.203058419,0.902023827333012,0.6049628068805383,136371.26723106194
107789,3,9,1,32674.483384175834,0.8003234532107409,1.1781214275681808,130295.47415331868
82364,15,6,4,65373.67680271001,1.2810335793212952,1.2385121499730998,117982.68768371684
60314,3,10,4,24907.789159075644,1.1151161223827586,0.7258154424162611,60273.34153701928
40638,6,4,4,34500.56224223902,0.9865911196724306,0.8527147385246521,55240.70343151631
60495,3,7,3,42852.68635859833,0.8176827743357322,1.0003520352250252,73182.92838683564
122530,5,14,4,70700.25467823647,1.0870604853810057,1.053663568258469,122886.45032142467
27948,7,15,2,6843.997630600397,0.8738806248259654,0.9114996500514724,40288.48616475026
50457,4,15,2,25677.761147956127,0.6525821329055664,0.6309450574837534,67568.29116302331
103023,8,9,4,86024.2312032024,0.954672122947505,1.1882158614667069,156441.42595992694
75753,17,5,5,45011.07618685816,0.9386615311945254,0.7258854413051714,126207.77182031613
127113,9,11,5,97257.21913514793,1.064148229922796,0.6680823511499616,167109.03207951816
122031,5,2,1,108989.99821417127,1.1783156374509676,0.6940086848289319,140172.69712533752
27233,4,14,5,15102.00967627672,0.7164483219788813,1.0935611241023953,50487.72263745719
37097,16,5,2,17870.54457309618,0.9039114157494412,0.6567995368048439,62171.26689025709
66101,17,4,2,18520.564629592907,0.8234521587009986,0.7587098251399483,122661.05176394474
51364,8,12,2,16885.66606928467,0.6812836475598025,0.9424832033290265,68408.79115507498
26411,9,12,5,5668.916436855419,1.1602912508387433,1.2647943186384483,53850.00484366627
115377,17,9,5,34487.823448595766,0.9268754047518479,0.928599197401198,141554.45131674668
98434,15,9,5,43460.56064553942,0.8567880079560837,0.7367031625243978,166012.48528078705
99706,15,14,1,33109.09284623532,0.8380012653373996,1.0428485573419146,120414.6424176304
34226,16,2,4,19438.337835863706,0.7737771301053054,1.2918045863729932,73681.40714390548
60470,18,7,1,25552.933149290802,1.2056601419287962,1.1120934393238238,72772.28098543611
72351,18,11,3,41998.70230109353,0.7924064004258788,0.6944475035675577,149308.38297966452
114851,16,2,1,57056.77246866524,0.7662917942326133,0.833597777923395,152301.66905811636
124391,12,2,5,103326.68324568552,0.7794005197422742,0.9175737211727975,166873.18142674066
133040,13,6,4,114120.62978269634,0.8063293953792561,0.6317521129151066,236587.37083957103
120573,5,4,5,49758.42513588958,1.2480036016738083,0.9038490672731648,121006.76871548212
28715,18,13,5,22588.893064815456,1.2583104684684803,0.7773430987615839,58932.178755746296
48424,15,2,1,42371.43778196384,1.0540876988004473,1.2859768616117337,65226.626092669016
124995,15,13,5,110493.27422795679,0.6978967914789753,1.1761357352387383,212308.60305822195
124399,10,5,2,62638.477065257626,0.8696162836151285,0.9003167921370916,172092.4471635436
30613,10,12,1,16078.121848583267,1.021574400464219,1.2006968146608719,40547.122357836626
40159,15,11,2,15403.125663964167,1.1847641018874766,0.7954963137726089,53856.479219799774
23183,6,2,1,12357.693464304393,1.2758637636479855,1.2110576288834358,32022.92267739232
145550,18,9,5,57461.040978840305,1.0820973519450265,1.147277818946494,207366.3783950486
56426,9,3,2,38765.889787547305,0.7638851225495673,0.9819125922999646,95010.5622112861
29838,10,11,4,10795.246040391909,1.076732135751984,0.9256455039233196,47008.37492861202
58711,18,4,1,40522.877412737806,0.7642921162682015,1.0662164907885194,112533.81947599007
20797,17,13,5,17489.96148908115,0.9242177390787348,1.2539567304989396,64505.47018482023
127405,9,3,1,79126.19163109746,1.2694585687130973,1.1983729086526465,172978.92416225435
55751,4,4,3,47648.99516583768,0.8790060764808112,0.9812043473766601,93216.22391493189
47731,13,13,2,37888.41412152714,1.283240373697418,0.645481460482617,73986.02642095384
35189,16,11,5,12564.864304680841,0.8118086378373746,0.7015343436597705,73574.32780071202
147099,7,8,2,66953.46272535414,0.8727490428739013,0.80700965388281,193727.7763820035
138818,7,12,1,58060.52570603141,1.1974408666108214,0.8958400404737351,122061.09658619581
146479,17,15,2,58761.78411920899,0.7829887116183506,1.0231742530377403,203615.07887004132
131100,14,14,5,70263.11384491347,0.9044147179236842,1.1722887653097773,191362.92523665863
71963,3,15,3,22067.798449036443,1.113961067402896,0.9892708255676043,78682.87619777535
71541,14,15,5,37718.63114421353,1.1534901056224693,1.195547321198243,119294.19264246718
65908,18,9,3,41945.42431162723,0.8556719850626022,1.151566076053312,130937.51818880663
130347,17,5,2,59625.57258966015,1.0596797598756007,1.0680251201474862,157195.77647195416
21117,13,12,1,14990.853949059276,1.1689457554710545,1.0481032172090063,35523.22816389292
140175,7,5,2,60883.508091511154,0.9900547802965057,0.7168686993859685,156536.02758541514
65861,11,12,5,19239.356208781664,1.2991581006013526,1.0366375275105977,88155.96011148652
42181,3,4,4,8942.61807963674,1.0258197640508568,0.9829734631729858,65639.82491245781
112044,3,14,3,95921.50900027675,0.6460250610325589,1.1513313445042466,198133.31448081718
64837,14,4,2,53208.16986683185,0.6097250811799644,1.2431794466067712,134801.59560510685
45034,8,13,2,9884.846855100966,1.0300260004920874,0.7175291423445929,74929.38270907875
92580,6,12,5,81201.55109300753,1.2553434644700059,0.9732914320368908,135792.75345154924
107540,16,15,4,30489.10962606861,0.7899241951604222,0.880318154474516,176404.9760574082
31747,11,15,5,11348.523563771876,0.8460651194128436,0.826655153834852,55363.01348755081
93427,9,9,5,74377.85237873899,0.982328342241187,0.7174778529211056,139764.6631689568
86984,6,8,2,57910.66738273967,0.9220512686412552,0.9415458192771577,100143.49924632604
49695,14,5,4,36264.868884665935,0.617073026703865,0.6528258898057299,110484.1973627803
67609,7,10,2,15997.270332851815,0.732365468507976,0.9371275652950375,110917.97051021729
58862,11,12,2,18978.91901628008,0.6423997424057234,1.0369217666975534,109443.31160531651
147526,14,14,1,131308.50986806536,0.924830626253283,0.9500268437335733,234690.8958854424
126944,4,14,1,27707.62123310641,1.213255670549243,1.0942888765168417,103151.76973958986
60217,10,5,3,33633.740653497414,1.1258897148529765,1.2142703696236876,81405.45153930192
88867,6,3,2,24900.652741429316,0.7404455803923258,0.9262431206856796,105603.87513407979
69282,9,13,1,14241.667833962698,0.7037283814587757,0.7568433836995875,69725.44959282406
41117,9,9,2,21113.679711079978,0.8206774701924627,1.2282899771491436,58276.54676558317
109794,8,12,5,60770.184551022976,0.9611009621838021,0.6470829702956759,160603.97315768222
27312,5,12,3,12220.644123709153,0.677734279156755,1.2988765353656904,53500.00376552977
130268,12,14,2,110785.6347547783,0.7059437024969846,1.259927107814573,166553.97744621366
125882,15,8,3,92228.06269939867,0.7590784117580842,0.7857370775779775,245545.09278126238
105224,8,15,1,64555.76528103019,1.2293698339483439,1.10384702482811,94877.7419563979
67195,3,14,5,40401.53793630622,0.8904912490956629,1.202516140136735,94329.01037260407
40125,3,10,4,14180.299305435128,0.8683553133049569,1.0844972577079874,58976.09733151087
87524,8,8,4,24646.92488419427,1.2569835568603507,0.8981302362779859,111188.01022971024
78641,8,13,3,52840.48506208647,0.7956738125372599,1.1401442086328055,112706.55452593688
59496,15,4,5,42225.57812105511,0.9606298273806717,0.6301953083988624,112626.75142835709
131672,13,14,1,81416.30985169439,1.1398720643134492,1.1258028879150936,109261.71574108361
103120,6,11,2,49478.16922959321,1.2160372598674518,1.1497982206415414,102893.72300170061
33737,18,3,5,22953.796392547094,1.0526567957193158,0.8695496735940336,73707.14249472396
138077,4,6,3,119502.53553155021,0.9415458409992925,0.7191570683861699,146883.8903228466
35122,18,2,3,22659.904657818373,1.1288863426210929,0.8088363450062674,73694.43187273352
35407,10,2,3,15204.275716030374,1.0741556613808925,0.727300256168823,71271.09691010434
131245,18,6,3,74650.01492880107,0.8305686736785336,1.1484762112744598,188779.39147662677
124955,4,7,3,36736.717247603105,0.9184338825542289,0.6204990266369887,159579.12472537204
21460,14,11,1,17596.824208575035,1.206042887783486,1.1750429870288688,42451.83805937847
25586,14,4,1,10249.439108279525,0.7640700234077316,1.1721496204348223,57111.153318853125
124555,15,9,5,70842.64115531364,0.9975632815513582,1.119232027543564,194818.09237870917
27840,18,3,1,22351.9279912125,0.8685982356590647,0.7458991727456806,57421.35982854854
78659,16,13,5,58896.9004533995,1.0867789889907367,1.203427825018501,99225.92894828509
92680,18,7,2,19873.260097449536,1.28618159234976,1.2474548245835677,110090.26771377493
33450,3,3,4,8950.194508745783,0.9557679432390224,1.0604669567601306,49920.594182690336
82265,3,9,3,22331.09528720573,0.805579786109885,1.2150848591918322,96875.65555171875
21781,10,10,1,14319.635545018418,0.7749151483600236,1.0407416037453119,44772.73396454371
138259,11,15,3,69688.56549872896,1.1650334450587367,0.7316260924960013,122219.50968624948
104915,15,15,1,68257.05551817558,1.1307475532174127,1.0552368039435263,129806.0420786478
91121,13,5,4,40440.945514358886,0.7314104386993994,0.7588616026918826,128369.5286449766
41661,15,12,4,18725.81772018836,0.9205315183640175,0.9347037826391337,80238.97461609515
48628,11,2,2,20323.69593625886,0.8939638745423164,1.2859576800922081,84146.9079191204
145938,15,12,5,70288.9215124781,0.8962005776764812,1.2007574399357197,212119.69734629107
145508,16,3,1,84142.75617008202,1.240206412274843,0.9084371897940957,182271.30915780415
104738,9,14,2,25434.414512810214,0.7811141711334345,0.9211353323543576,164890.6183981049
124198,15,12,4,105129.3835161333,0.7029538114058058,0.9112637053140153,186794.8088702103
78741,17,11,2,35955.5822080053,1.1790829608618831,0.9258143717497609,119179.13943992213
44557,10,6,3,31257.818829702283,0.6500805772189321,0.8603503335348772,89584.24341621087
121702,6,7,4,55723.00357853573,1.2896744049841886,0.94274706775115,125364.14246317724
103835,7,6,2,40900.17050944683,0.6545475447948457,1.1132106890889537,144394.10967224598
44426,13,15,4,29870.527635990253,0.9964348125864531,1.0090455805225405,83544.6649714935
77351,17,14,4,24549.128024177022,1.1101207111313456,1.0125376929075898,129170.17262211842
76618,17,4,2,64534.38307142414,0.7611555501241765,1.15725535065755,152155.1607146994
78407,17,7,5,44673.693797415304,0.621111099662175,1.1751940273745547,145707.77846671658
82244,7,8,4,53418.19128983511,1.155368185970064,1.1348716012762288,118310.14789402971
20965,12,7,5,15276.674247721607,0.6348852732958593,1.1195824078949177,59709.64008506794
20329,7,5,5,8692.124819011893,0.9018815254164834,1.0161060357149723,51951.32770216527
96840,10,11,4,47396.49178560251,1.0423730064571581,0.9837198281253223,161992.0935265409
61746,8,2,2,19372.58558322938,0.8627143169503215,1.2463970469025,77141.80093822881
25734,14,7,5,19067.66210101168,0.7077704022727784,0.8111981858432494,77890.05223496033
58316,8,4,3,50843.09441390959,0.6493144663650411,0.6036888269481596,122383.60742189121
105363,16,13,1,35268.982347387915,0.6229644568930195,0.9577549727533325,142899.33915763546
137177,13,6,2,106183.33220073367,1.0063106569328317,1.2237423083732617,134521.62455582677
140710,9,5,3,80873.73821963307,0.9499870105368645,1.22003616093167,151247.11367394222
138123,5,3,5,118953.10060381806,1.2405829470985967,1.2281937677859984,190817.3895834686
95032,4,7,4,22642.391278076953,0.8452692715491319,0.6110079239023993,100543.47126518341
115608,13,10,5,45730.54085304006,0.7179933096261664,0.8206700400449629,153611.2320535677
86433,12,15,5,17290.1512471784,0.7353427586677646,0.7781876043611176,116682.10656355834
130646,11,8,4,89379.31567814981,0.6165727462287024,0.6251712236658064,189873.55485750156
84796,6,4,2,52024.87727294165,0.8418294430846451,0.8810811764240012,150559.51954265632
132317,14,13,5,71960.73205341653,0.6802947073547165,1.249714250902989,219112.25096120522
40731,4,11,1,30919.34093798762,0.7279308329485141,1.10389366534748,73666.58130684105
66755,5,7,3,50207.63414671108,0.6623230829361308,0.9458273940542199,121610.67901196479
56435,18,7,2,21202.681179024094,0.8395415844459375,0.7309046291902288,82519.23037852715
36828,6,2,2,16844.345121476992,0.6225662743018952,0.7961141684364479,55526.364733894894
125273,13,9,4,73172.5905560099,1.0976668325351497,0.9515338940753981,207913.0591536068
123928,13,10,3,65998.57107550818,0.9117418863986524,0.8870132231276899,187379.9966537433
63191,15,14,5,45200.82173069624,0.61466742037867,0.9269699320399052,124442.6286540775
30268,9,8,4,12944.520969179723,0.6843970483308806,0.7294491091211037,62167.56623812155
90065,15,9,1,75310.43035014704,0.6160636320744959,0.7911635281687779,171879.1758299134
55956,5,12,3,31709.322843013415,1.1576229463399361,0.9248438822103644,74334.32278673493
89255,7,14,2,24640.291182576802,0.830102839955171,1.2368493552519566,119434.35568011644
52710,15,7,2,36504.777023793155,1.2961590527486502,1.2894392012494933,60029.76080288729
107094,5,10,4,65393.27443845878,1.2708357376818558,1.0733847472384292,160772.23674760002
21571,4,4,2,17448.51096283624,0.6053229810259163,0.9077697585667467,48223.1438253229
68569,16,7,5,38596.32999527061,1.0060228202027062,1.2196516617815827,104339.17742741916
96037,18,5,4,37896.826855672276,1.1907383418691302,0.7372156387237367,124653.52845263593
85367,15,10,3,52989.90431306265,0.7141742196622972,1.2306839942723617,171233.38117780242
94976,12,14,3,85351.58953249235,1.2215598223526942,0.7172540747065017,80204.51005005089
73489,17,11,2,41096.47304588951,0.936802596841803,0.84684051713845,120487.34511271295
97663,9,5,2,55399.569839889205,1.278315441680633,0.8708918750161311,122131.78365869852
145780,4,2,4,90191.67858903787,0.8125855952660266,0.9939460817486496,179612.4893045603
112278,4,2,2,60634.055902369684,0.8722185955802992,1.166149569326001,172417.7601720682
43441,15,10,5,15601.504089852415,1.11831493728014,0.9941119455727236,72143.73894485518
96126,8,10,5,35742.63075046501,0.6402931521834238,1.2958728366619732,186618.19272678572
60265,10,15,1,24060.046337968877,0.6050990558044586,1.1193182813688451,103848.84307483913
52037,16,14,2,39135.82474806984,1.021296964897024,0.663812081623917,70373.10089797108
56635,17,5,2,15250.981876348396,0.8077861215986493,1.2941745461665075,87000.7215346373
86476,13,7,5,19912.98645273701,0.6941949415310285,1.0396980445212354,131753.2421682549
94143,9,13,1,76890.41938445403,0.9623483402084239,1.0800377313469633,85622.88019051099
82913,16,5,2,28669.532886623776,0.9086122866865537,0.8258376481051442,141559.3360400141
38995,18,9,5,28807.34526003828,0.8174163158872322,1.2918676547707764,100296.84276536379
106706,15,7,3,37929.977445930395,0.8225727429723667,1.1359632578800176,183254.59540580216
129708,9,2,1,39205.70185078028,1.0592782125366094,1.253702313785121,207143.93694304244
20261,6,5,5,4090.846079115711,0.6992020942046394,0.9855908320917123,54198.23164505437
93916,13,3,2,65095.08837429671,1.1446410330910775,0.8809561672029924,115395.68312598603
110845,13,6,1,42111.9262156244,1.2590129412674047,0.8810826823169358,119200.32041776487
142862,11,2,1,101780.87663055646,1.256781788703925,0.8860546406380623,121400.33976892575
39671,3,15,3,29692.62920625635,1.0282592985993373,1.1638015096320378,37398.931017938994
106004,13,5,4,94039.52941126251,0.7389514616633309,0.9127771045023128,161131.23698152797
115609,10,9,3,74791.40394598912,0.9000686508008914,1.1294318374953507,178278.51518830267
47884,3,15,3,36817.37556995114,1.1883827548852905,1.2757500820467271,67502.6144371675
63664,18,3,4,55546.61399875746,0.8698246401457528,1.0346816899614264,135813.02083423338
140983,14,2,3,73572.16929738081,0.8522951962848078,1.2560888857212293,204096.25446822916
84301,8,10,2,23113.99556062022,0.8504795767710298,0.8650743998234632,138285.0687838114
104289,5,3,3,37502.27088716777,1.2785214299595595,1.116691820166284,131706.45640649466
42845,12,6,4,18599.26355979424,0.6372951058373489,0.640183196333488,99377.69168396459
52736,17,9,1,39507.19124957209,1.1739135496024575,1.2193142091889495,77700.47383779082
31434,10,11,4,19574.550519085897,1.0436909817717073,1.274977528822764,57626.610355972414
45531,17,5,1,29793.694171232877,1.0999947039721834,0.7507523710530692,79702.92175344806
70212,8,4,1,36260.858528896475,1.1969038535596224,1.1161831798732533,82650.02544633378
34136,18,14,3,11555.064815616148,0.8032461562573187,0.9248846726668234,77159.05611596174
61624,16,9,3,49308.01274799516,1.261323958630149,1.0773905530246388,71779.26794493158
63456,4,15,2,34500.67731179475,0.9032426909348974,0.9371769895579918,59933.419083715635
103023,7,5,1,56942.23835714282,0.9202160638942989,0.8221706231557597,108966.85736579639
141452,18,2,3,61450.62071869246,0.6511612066987861,1.2103888227630795,190416.92150658212
91656,18,14,5,29739.246936267304,0.8718996541566781,0.6110377972877775,138549.08792540152
52236,14,11,3,42828.785728978626,0.9293454137555999,1.090348058905712,97478.58351969311
22877,10,11,4,11751.626646630111,0.9474438398695844,0.613370619743104,50845.398798416005
103591,17,4,5,55472.73740789143,0.6257718792799734,0.7613921872611518,205327.78521886066
121037,18,11,4,46257.42458606123,1.007494655844159,0.8690562112435969,175833.66326186527
99105,5,3,4,25265.59824953214,0.9683277507288213,0.603277077735092,147766.71686492587
136945,15,2,4,48275.51927467475,1.1700370213045956,0.7862868667688674,187591.33277254534
117141,3,7,2,87379.14213483316,1.2703856981771853,0.8229506857644837,123755.30222599854
84433,7,7,1,60981.01715550013,1.2838578152030615,0.9235946860414351,120222.6996892828
126500,5,8,4,36525.681468526,0.6093731374349783,0.9675462259924519,172460.77979252697
106517,7,4,1,75872.5823008668,0.6242959408973592,1.1167428799608916,209009.64289050514
120456,16,7,4,78356.26783383837,1.2195600140253613,0.9068761395245799,191411.44406824745
58839,14,9,3,35182.70149032863,0.962355389184048,1.2088835855797102,85184.12964409195
147990,12,5,5,107816.31200850428,0.6342977565817531,1.0316129499968367,222742.64766200533
122723,17,11,4,52170.18976397624,1.0302975401643173,0.8707246053293568,141038.9497117701
128709,4,12,3,46347.25399616601,0.7449994296825342,0.696200664500948,129173.23129203211
140747,9,9,3,112869.93053033977,1.077530890386914,0.8302414406516117,157708.87753314048
49187,12,11,4,39125.976685270296,0.7771852577610285,0.9698700310864492,109346.1939097131
77182,7,12,4,16380.691512143263,0.6386554402365718,1.203657842851193,120900.34335540853
81928,13,4,5,47783.28777253196,0.7525380151494666,0.9964836206952795,142344.40771501377
55571,12,10,3,23213.22762881207,0.9007153309155593,0.6791171992717747,77512.65644719181
109825,7,5,4,66406.9019997844,0.7805625184825641,0.6928074005989213,152388.13299018866
83513,14,13,2,57956.40813387461,0.7130157197375133,0.906164687041177,128743.91351680722
136461,17,8,4,43373.384717540976,1.1656276485235322,0.9980268211130854,194956.73230091712
62559,7,3,1,45781.109587868086,0.7770226463422015,1.2825971337251236,118771.13429739147
129871,5,7,4,62950.87064578015,1.219359598919048,0.747973476240329,111588.24032637742
139991,6,8,1,46221.77331740375,0.9086942346898035,0.9136500464736343,146226.82236278246
75400,9,14,3,58655.48811088245,1.1016083623617758,1.2796602864920144,71052.99402309782
78924,5,7,3,68450.79385354245,0.6262138643817473,1.1703462371020739,166528.46869637832
123192,10,11,5,102390.88192123715,1.034824663291806,0.805111140548053,164646.06365421932
103889,5,3,2,24039.177199388152,0.9094577149822038,1.0970554992919315,153229.64671255395
96655,8,15,5,54085.42215082861,0.6205269170936484,0.9727524700122951,197054.95699586975
53170,5,10,1,24323.645977746957,0.9191088749081417,0.8331606798571727,80635.12676210629
58376,12,6,5,37694.806254177536,0.6714240499002228,0.8053891589628958,122333.8383238441
88735,15,2,2,33433.31839495803,0.9137405821290027,1.0480670878190173,117659.98925340087
47875,4,12,4,35624.93424022655,0.881254189564642,0.67080387560327,62928.99991080176
45225,4,15,3,34833.29593208836,0.697982707525694,0.6749666356734686,76427.281874906
20870,15,2,5,14627.163330297704,0.762490439980493,0.9313178598378016,62418.63216687543
116072,17,3,3,44011.68783642341,0.8113612586321707,1.1794431347620895,202031.32210143542
75035,14,9,4,42133.90869094639,0.9345864196934499,1.0630818871979573,107337.92863929408
43804,16,15,2,11690.970107639767,0.9757018361753176,0.9951282858521051,76321.58026698421
139167,4,2,4,93776.6316063615,0.9236458644602664,1.029870436213752,141025.05947286397
96935,17,7,3,60967.00984254108,0.8459389725136096,0.7137638095661831,169427.1630940603
106093,13,2,4,52691.925262660225,1.0818266984583231,1.1130076363222194,154483.3208896663
105472,17,10,4,61333.52802338326,0.6798975704673604,0.7698491493965117,182033.07997006577
127114,7,8,5,67438.1342732488,1.187598266081138,1.2230819636957313,202454.60612878168
32232,13,9,4,6854.553859731732,0.8806425759283749,1.2369756372664271,63590.40426383261
126205,4,14,3,112503.14031533181,0.9769392314723385,0.625734178075696,169191.01418737648
119940,8,7,1,31710.91184503354,0.8425497961663526,0.9765942681596315,151864.99615239122
38946,16,8,5,19528.928634341934,1.1246540553436204,0.9704270929988368,69626.92292798265
119390,3,2,5,65129.19202382434,1.242848870145743,1.1091473296596295,183916.34612355378
72736,17,7,5,58580.40341391167,1.1616270070145522,0.8359095300071844,115254.24300730562
109672,12,9,3,90394.72448635956,1.1272902105393516,0.7052913362315455,140853.17956640766
90844,4,12,1,36537.906869502585,0.9145631525633392,1.2640268171950693,127452.33340502433
26780,15,2,4,18822.15067040229,0.7299349498448786,0.8581755688110486,75056.0887232042
75403,6,14,5,42057.39619580303,0.7855100003963061,1.255215100524926,123679.05911410617
92310,18,13,5,81751.65551678627,0.7772906915806894,1.0471997071864454,172862.11831683456
62657,7,12,5,12953.626399248878,0.738881591729579,1.1534982802560019,112879.02017838131
122721,15,7,2,45255.34763099095,0.9044197456009494,0.8740076149145501,166722.18664847763
77426,9,8,1,46346.01092085365,0.9036640623358558,1.1217125179804917,103851.69163592916
78512,9,8,1,64343.142752626874,0.8842477323171558,1.1389935236433275,82861.13495598455
53960,7,6,3,14803.170435406211,0.6981314085952528,0.948395446013788,101347.81923149417
40465,7,14,1,29908.351982067565,0.9558289096861011,0.9249130228434101,60895.43551327536
104024,17,4,5,68569.745539664,1.031399469071788,1.0321042370082871,151017.34222520542
140262,6,14,4,47920.66695555304,1.1055424603236146,0.7376848197517762,194705.47897113863
52547,16,13,4,25413.333173442068,1.296394770475791,0.9816833993802914,70555.78024132419
108121,4,5,5,38606.48451803294,1.161114990977367,1.2750341304785917,131120.62123747446
87518,15,3,2,71878.6431784707,1.0873807125184887,0.9789069876029566,111666.86305393961
120594,8,7,5,73048.39919799457,1.0844387156185937,0.9006111503515487,157866.01585427223
60948,17,9,1,44335.063529113315,1.2470798650389132,0.7766811951940797,89236.8454806846
142725,17,2,5,69079.03717683486,0.6094943743189326,1.0424207515731017,208342.30034588644
124654,17,13,3,93062.7320057002,1.2152681560342145,0.732873531264304,147427.00937346276
69356,16,4,2,57446.105857086484,0.7104419856450036,0.7577627018246293,111100.90147431458
136922,5,11,1,99956.0531455183,0.7893780387709166,0.7951453235016763,203757.66782529288
95906,5,6,5,37739.9553978143,1.0633137933389925,0.625272934483251,103428.31539577771
66175,10,8,5,58077.5720589493,1.110257193359768,1.1358069909245483,107256.03790700005
53995,18,7,1,23464.99532376215,1.2172071674120513,0.874469279107104,99348.14307823662
38938,3,9,2,9048.385177964976,1.095264300299938,0.717680398836269,55810.37218616906
61812,16,5,1,38745.89957070626,0.8918985174583784,0.666732880177655,95363.22625959812
139690,17,3,3,94099.9013745333,1.0157457910567305,1.1273646876785586,233906.6461491627
66922,17,12,4,18789.05286460073,0.6759872705296466,1.0283771396651271,106760.75079814316
129320,5,9,3,71682.14853635713,0.7016418653915765,1.0259858486548847,224834.31183120603
149887,11,2,2,95724.4117624001,1.2665721931315628,0.8337726807159951,201639.72863848644
55721,9,4,5,17788.39242192449,1.192309550091858,1.0073520323712737,100830.42114867728
110336,12,10,1,32131.916081318795,0.8359462712597607,0.8371537305563914,173864.37555706274
51112,18,10,5,45610.43959019125,1.1790247202787043,1.2947899528644826,86923.15478733419
142066,16,13,5,61601.925550574946,0.787507351440869,1.1712159075564044,191662.12777601142
120677,3,11,4,107599.02387794438,1.0190441904493945,0.9142256128775361,122248.60019150063
123670,9,15,1,50295.633059254236,1.2930673706660345,0.8714193065539426,116910.50411711037
78563,7,4,3,30498.04982845112,1.1479276713717501,0.8638532249204245,128862.98471763103
113827,13,5,2,56154.10892386778,0.7788681690175239,1.0018950430895797,160476.00338426532
82280,7,5,5,52211.983262590824,0.9015903774586664,0.705948268525043,131161.6491438975
146108,18,13,3,127140.77079194093,0.642010028419673,0.6327635250130131,224048.65040731127
77906,3,15,2,58057.400200648975,0.9382527305989905,0.9934393021717222,82636.0377963157
48008,18,8,3,25625.87911632273,0.6630595797530007,1.0659121275017365,100689.92410953078
121159,17,9,4,57419.62571641034,0.8176561797679858,0.9639498805297995,207298.55450140647
39970,7,8,3,10164.439865312073,1.2715502598290458,1.103853949633644,56638.844381824754
60082,7,14,3,53599.64797455457,1.084758209450173,0.8357165042076888,69187.35228104323
52241,14,4,3,13751.279248238641,1.1276506815351692,0.9208060529162292,90751.4866011581
49007,14,13,3,33396.46163455387,0.6115753996760764,0.7069306549472532,84654.36871971788
145282,6,3,2,119741.59866480179,0.9787624802098345,0.6168782398341806,151967.754070468
92418,8,4,5,79756.12170744274,1.2287571316139965,0.6759096974825357,126746.42571861636
74534,14,3,2,27211.21313690899,1.109508427304777,0.6215919038818752,126542.08291624421
67115,14,2,2,34677.99847456156,0.7094707228210211,0.8682547050577973,99970.88018356341
94057,9,13,1,19454.25665421335,1.2011010937611926,1.170172500992679,123406.5303592277
34713,17,3,1,17199.098784292597,1.165040906714034,1.1580955906363517,71602.91138390973
114478,11,15,2,33666.316529265656,0.7754674532108753,1.2199342700207034,132910.23017046982
22216,5,7,5,4930.657334870585,1.2471038954078872,0.9341915863749664,53850.88103639652
97651,12,8,1,83358.51285837751,0.9317126090861492,1.1746039862865687,107872.76047815778
57156,11,3,2,22466.02707257711,1.0724215239916302,1.1175473308649884,82818.2352120573
86274,11,14,2,71835.42762845197,0.7074661575999269,0.8401625791929771,135864.44561276113
43738,13,10,5,33514.0124008372,0.6793680529091825,1.1954145741235522,91709.83293281654
54970,14,6,2,45470.0679831072,1.2636761579845524,0.7510194518940431,60011.43135326399
69201,8,2,4,49539.52660784885,1.2646426504188057,1.147991142400082,84986.00780393886
76191,18,4,3,47963.66877394675,0.7159719394709796,1.2221893340654248,164794.38409689834
75708,6,8,4,23942.531675336108,1.2972512558993108,0.8567249626986617,82691.03883105016
103888,12,15,4,72806.75425897616,1.1704055989331863,0.6121686142013844,110472.17482554264
77314,4,4,3,18201.74079899245,0.9158257656375135,0.8409018628712059,93475.8388812386
68778,8,13,3,28547.15880722916,0.8767480424295632,0.9576188201444489,109178.76645118276
88345,3,7,4,36539.90022443721,0.6469294264278046,0.8823619559352005,133691.27010316314
101559,16,14,2,87869.0318117551,1.163553312465152,0.7247602072343046,99798.93474413017
50779,18,7,5,16061.15577647536,0.7695292691681604,0.7020490717586526,94385.9026262836
76872,10,9,3,40340.191045670945,1.079278976661258,0.8272716736860366,127816.6883374319
58004,6,4,3,36933.29257508659,0.9548165374945861,0.8000102523721897,94867.07946966994
88830,6,7,3,25948.570300496052,0.7010456098897075,1.1673902075927964,129519.98462859067
31736,16,3,5,9995.808359100134,1.0096999205449229,1.0150877372626228,77948.87124241881
121701,5,8,4,84202.17571029431,1.1201406915386651,1.0986742267773209,117103.2968800626
62495,3,13,5,42363.167446102976,1.105733670140212,1.0356549480083734,81227.6164116762
79941,13,14,1,25507.624111576057,0.9506648334829093,0.7582618837516097,121692.84984298304
115867,3,12,2,101507.0716583955,1.0486932167169243,1.0083964566981876,111878.84162189225
85530,9,2,2,70334.67812043955,1.0252815029728026,0.914073567990502,142593.85890316297
52387,11,3,4,31340.298770111967,0.9432994355698037,0.8311157272065743,93867.89093289808
149037,4,15,1,70871.90379942898,1.215996641504267,1.263477255726464,116695.93703651983
91802,7,14,2,28566.87472959038,0.9765570476368859,0.6934840682153465,130003.68808325927
49990,4,2,2,17669.975268643135,0.7727759906376792,0.6716281454751438,83755.20419244518
138999,13,14,3,123912.81239776514,0.7891137374959505,1.2745886042711765,258587.569248559
74360,14,5,4,18483.803568167234,0.6417638639398824,0.6753915937019488,152624.1981144242
123308,8,7,4,40460.44862852671,1.0977451001659444,1.002271801930856,166837.12557666082
117170,18,6,3,81223.36148705332,1.26920137390563,0.9472854494839931,183908.167119843
60421,16,13,1,46290.44744739572,0.6474408981264598,0.9005046871131063,125014.06017759778
100320,14,10,1,20667.673062840182,0.8138514317440315,0.9024136119701318,163138.8201861353
126256,5,4,3,68135.40537828466,1.051281936229105,0.8486108459378158,176219.3024609743
85091,17,2,2,63247.88931202823,1.1804417388541217,0.7517083108274148,120036.30502434434
21823,11,4,2,8134.730370498828,0.7194932439939623,1.0270255212240176,54152.262455054864
142797,7,15,2,74374.33148833546,0.7231172054615673,0.7251492467558007,176484.5070874644
71731,8,3,4,59377.87601482668,1.1682102833865744,0.8208104496526814,94254.76111890706
130783,3,13,3,61554.12242031479,1.1606008833759343,1.0050552561481925,158888.53717608316
45053,10,4,1,11652.4886116946,0.8682568421528141,1.0661846715350656,74706.21416771272
87638,7,4,3,47287.29180982593,1.156257047248787,0.8392746206059591,107804.29440836878
149092,12,3,1,73373.01513822825,1.0475700738295912,0.929892962324453,144545.88936419188
121910,18,13,2,90930.12950944621,0.7341243947314211,1.1515035823085913,190017.15994894376
82388,4,3,2,66910.9182793011,1.2938586976006339,1.03302449610261,75639.4029450028
80310,9,11,3,34131.38170824629,1.1010703828151338,0.8503468285525457,117999.18757903087
49558,16,2,2,19952.578516003312,0.867721620998795,1.123341653664802,75637.38375724132
53084,16,4,4,45500.94867421721,0.7452408550651972,1.2452941426725268,117507.65383433932
109722,14,12,4,28687.86091643399,1.1889698412942362,0.8959270859208714,165483.23465479075
108867,18,3,4,36176.580516766626,0.9990222906053655,0.703234072838433,174638.77801998454
123772,6,11,2,60740.354347525594,0.744428686439556,1.1527142880093895,205989.7879466067
80682,17,4,4,62684.218029089214,0.7789583280101142,1.09795781365859,149730.97482002462
38344,13,14,4,28491.96820483476,1.2140814300709686,0.8060874995371465,60314.56688530804
26356,17,12,4,7569.015064846852,0.8196326518393999,0.6830429403994599,64837.700727163814
59676,4,3,1,15436.237143232514,0.9646081193073145,0.7520281975961183,80556.98268718264
42349,17,8,3,12311.680920944,1.1399476529664945,0.9904188995049088,88200.3315356034
95156,13,14,5,20465.69381331394,1.2736659116347488,0.6550128656601774,116002.74293757288
135935,15,14,2,33945.0113923385,0.8914141354915193,1.2235708041846278,147652.5730264344
54052,8,7,1,40204.10387943902,0.8364261432980075,1.1465995930266701,78566.1798691089
102495,5,5,1,31722.89482624659,1.0906516977880105,0.8131383624532768,120623.21865836246
85296,17,9,4,75232.66276466192,1.1970490750120102,0.8484389753432169,138753.68865648558
111887,3,9,1,71170.33371159132,1.2498438526951308,1.0996907916829215,130153.74916947894
78630,13,2,3,37053.627993015856,0.933711205874936,1.0233939626312472,98632.75463752313
52064,10,12,4,13263.064140062304,0.8973232972991361,0.9568862415087773,87051.4721417057
130559,4,5,3,106153.46475634542,1.238517627511429,1.2790267161024964,180236.3799747876
82357,10,10,4,27300.7582680663,1.009596201332435,1.0848453637686317,121100.90173391548
33321,15,10,1,14795.585754247475,1.1799759546784172,0.9920567083103032,49896.738351448745
51777,10,12,3,20710.56113877636,0.8631665000280135,0.7171656436210934,86025.58001436015
104603,16,7,1,69253.29481503354,1.056939880607321,1.1958067219955386,112185.93739404785
132718,15,10,4,118745.22648587529,0.8429237393102318,0.8146546163706717,193876.84151633584
143543,17,3,5,73742.78583905789,1.0135893461080983,0.6460025359309463,205856.01457414482
31697,17,14,3,7255.0523245010745,0.7192063567517135,0.6109724553460415,57022.552100449524
80153,18,10,3,35847.61671030664,0.747317433949928,0.9971614647361453,145756.18306764864
141846,15,10,1,34471.822051740324,1.2119185618520065,0.7209384724352564,148424.77629094888
52173,11,15,1,16388.651091910247,0.9861771050179085,1.0032338436112207,71041.41527827072
148645,11,15,5,30590.75443438651,0.9702917606388147,1.1112268720142555,145152.4653061604
71922,15,6,5,64461.347157483564,1.1234556851977842,1.2306210482385151,126657.63570203668
148345,6,12,1,73582.69505017585,0.7094330439707672,0.8529697551224109,176793.2295096052
122379,3,6,1,101865.21563572834,1.0225059597140675,1.061438095111519,183177.3500284646
28571,4,5,2,15658.614495669863,0.9464311380289699,1.1355158506712488,46033.45030591286
31203,8,4,4,20627.552114580893,0.7768216684751319,1.2186113774244776,56333.98588860784
91284,9,3,1,40372.5551549172,0.6096276222943136,1.1040422087007264,123690.75687168908
66940,17,6,4,58771.177832846915,0.7030471969113343,0.7763981793094996,150619.73271832507
92241,17,5,4,66413.12657742988,0.8977559335469272,0.9796464768321098,171529.4581655592
93143,16,11,1,45976.84935940099,1.064252275173021,0.6347447977240923,133240.90210950965
81283,8,8,1,43219.64055414642,1.2214751692450139,0.8855753544997191,96699.60547126076
49875,11,4,2,38585.69808970247,0.7434408132200068,1.2320305909819242,79992.66375990739
134802,12,14,3,41018.06272489351,0.9697901070597761,0.9992249820750414,168200.8882479437
54047,14,15,5,21460.11042433613,0.790073102730718,0.9857799487555378,94529.20669801148
130336,11,3,4,103237.01732107246,0.6031883981403885,1.275912487161621,293212.8587852827
95735,4,2,4,70745.41075987519,0.914919526824137,0.8982400834437018,167849.64950106846
97738,12,15,4,65251.64623340474,1.1390078632690948,0.6420335797018145,111129.27197351912
41902,4,10,4,27019.067212645015,0.7195067857756499,1.1761505565780088,64720.47735872532
113625,3,9,5,94363.13794341842,0.6886046120889476,1.0182024894316373,182638.34189019955
112362,14,6,4,44583.09294118281,0.8535686534989901,0.6886862710581876,175780.75684517046
126333,15,2,2,64700.70908270051,1.215607130373366,0.640700780078699,186526.48383653408
108451,18,6,2,22840.189579623457,0.8544558780672387,0.8794976936352054,190967.32524856253
45497,14,12,2,15960.281218709539,0.6682521124248838,0.7037345699367279,71084.43517397551
77288,16,4,3,69236.02967854608,1.0547206415136574,0.9478518424190432,104990.98937248113
61935,13,12,5,55579.898107897316,1.2404953467006727,1.0370957827320204,98622.09127347566
38434,14,11,4,24282.7578757157,1.0299280735423915,1.2410421459824175,63460.41340364026
43513,16,6,2,23676.478215318923,0.9386490135281333,0.7743437309715724,65770.0878505253
41478,12,14,2,17237.96854827025,0.7511157333529636,0.7056172547594979,60995.93012158407
140961,8,8,4,57871.68874649264,1.1883566043716136,0.9252236445531244,192655.8679975564
54202,13,4,5,20256.642210021742,0.9066148199591287,1.1544853783439883,108212.5684284186
143364,4,2,1,82388.06580076287,1.119116382470871,1.0428610848141577,181675.1467776158
96606,3,9,3,77392.72791414266,0.7189739583107226,0.6090083678366458,176145.8642844254
142117,15,6,2,70455.81884589867,0.9096904452574406,1.2712789489993757,202458.80375756504
43891,15,12,4,20602.76297631943,1.1879389032010064,1.0230341151456226,65340.08825550945
68715,14,8,4,33359.04448408002,0.7087045322450093,1.0763370231785183,126807.3006828981
79154,10,10,3,19933.653493621696,0.8752579595563592,1.1454110100120645,113434.29017979138
43710,11,5,3,14881.229316089175,0.9708287883792923,0.7061197599606366,84325.42898935864
75308,7,13,1,55551.756063898036,1.2064385984811832,0.7092015953547461,87952.54115273948
140042,13,5,4,47724.9196807113,1.22138929696761,0.6172654849198872,209072.78940212924
73983,15,4,1,46472.91855269001,1.2958744859162745,0.6985211564434158,76453.54346844621
94205,10,10,5,38277.43536944916,1.1109930732905382,0.9856610973146873,143369.8648916621
36402,6,12,1,11972.073904129058,0.8979655295296256,0.7282730705413184,39284.08141033556
49164,10,14,3,38120.60436116441,0.9957675287706258,0.862754192839904,83960.64601467663
119257,3,15,1,60874.980387797856,1.007813137066212,1.1728783203120088,166144.73389934705
81630,9,2,4,40943.9373615613,0.9861186779545427,1.0476614250772864,94803.71901747398
49485,10,12,3,38227.13227581165,1.21034591170358,0.7294407956365869,68511.28156700735
128465,11,3,4,69450.46278781405,0.7078252956085662,0.733043868953906,226832.61324595532
140083,3,14,1,57683.1878770131,0.8387443824261895,0.8516977058587967,151413.67985428867
126244,3,5,5,84537.97687051485,1.0719819878708585,0.9283361586977665,199859.9638580466
46112,10,15,4,16742.216933367577,0.8738278584818908,1.0918333357472823,64432.218843262075
70336,8,6,5,28877.542260813065,1.181892487755826,0.7703156954781208,104979.39799670268
37580,4,6,1,9540.500355463677,1.1970628409664013,1.2736333682732837,43504.17722698309
85106,9,4,2,33204.095018926986,0.7898886963315467,0.8733343945697372,140989.2585217701
141352,5,4,4,51116.98965765731,0.6646795007541715,0.6959269477945346,228466.61685577052
62653,14,6,2,43328.03065492858,0.9650923348515652,1.2781684007197214,80574.90580730721
116600,10,8,3,96491.1534670597,0.782748727916083,0.8231037370829742,144576.80324457955
148394,5,13,3,31562.266068674122,0.8923090638106034,1.2426097617510747,205820.63890011754
26312,14,2,5,9150.51276057537,1.0264320580258772,0.6870272295411674,73883.44687615108
42362,5,15,2,15945.652999222446,0.7049124770843858,0.9090110214047947,71505.34111849844
128487,6,9,1,64722.80325007497,0.6493875461462628,1.2112953239944733,204315.66326225342
106591,10,13,4,24926.82345055874,1.1507859791449442,0.9043561092193986,168711.84999800008
111272,14,4,4,56490.32704701271,0.9625701621041108,1.142100970998065,197029.85166597163
137006,13,15,5,90093.82686264637,0.6364453500831332,0.8492906071442292,235732.99448041792
77717,9,5,1,25194.4079309861,0.7890967892206906,0.6120365530178471,103699.29533539728
47896,15,10,3,15845.460977518156,0.6277107761454427,1.0689921109745881,83824.25592326128
114386,14,10,5,56716.21623419879,0.7601978330569394,0.634755733622968,221362.74682899815
136490,18,12,4,37353.296035152234,0.8801347764879585,1.110916695410516,219160.77476331996
50472,17,11,5,27580.102902295333,1.2577484507026826,1.1099537855279527,102698.29129180491
99329,5,14,2,59554.16969117715,0.7208251268491479,0.9401205039885449,151339.8728877767
92068,17,3,3,66012.25397164741,1.2093900367892614,0.7432871433866508,137807.88186989693
94466,6,3,5,18956.879161390203,1.2634714359957302,0.7025907633350472,112070.77654764861
32506,11,8,3,22168.933353314733,1.1314835887224826,0.6657993930593445,53368.60897028015
110500,18,13,2,76844.64716270956,0.7748361037192697,1.077369631340372,176281.12568841132
103594,15,7,2,64247.81457711995,0.8559122581888445,1.2328249728316825,177645.36038241934
95796,11,15,2,64625.413632298914,0.7542850676068056,1.0755623111212222,144552.95222376124
107624,12,11,2,51646.948944586424,0.7488372934310008,0.6695430728101469,193675.42589039676
80352,14,15,1,20531.768436076,0.8307399698574034,0.6735622527421313,110720.50284797163
144567,16,4,2,65707.1828471098,0.8605537717003733,1.1199321125546127,198080.66727767346
133515,18,2,5,43780.61250262326,0.7724504148461968,0.8956991018988096,247114.54574564885
79837,7,2,4,18314.54602518831,1.2260050381123326,0.6677045756868542,140602.7781706116
132217,5,5,1,108854.52414836649,0.6252439543006059,1.0566341548154488,180264.62283317326
54186,10,5,1,16179.92374789234,0.8768216254676702,0.8462670374334977,80648.25802965056
95762,13,8,5,85366.96775919451,0.9376960863468632,0.9679575117321844,131471.97813970692
148835,12,9,5,93811.61050070293,0.605373446428585,0.6271734694569255,297271.1501017998
103021,9,9,1,81146.20770720798,0.8601518318462235,0.843265988150484,108619.9748007759
123710,3,11,1,65771.35365772189,0.9717635631894262,1.1243334578337945,182169.366452305
121204,9,5,4,65421.71122328373,1.2263094396284275,1.2213596076395823,168689.59193096028
68735,6,14,5,52425.925074076025,1.0660699143176853,0.6757913451984583,96036.64827409871
108987,6,8,2,91504.54415143472,0.7001781333079187,1.2707283890929888,164225.145053944
81733,5,9,5,70012.72264589366,1.1377811431034783,0.8559867499771321,83496.79932848894
107773,13,14,4,96716.3764284953,1.2709232510253434,0.78126344044718,110352.48742334219
47480,16,8,2,22961.053694868348,1.0135093814781646,0.8020015918134401,92508.16356764904
146672,15,3,5,58997.34187814628,0.6249951171246906,0.6024246984609752,214634.0860352118
35030,7,12,4,9979.745960976968,1.2585184875885773,0.8894884931762139,48096.74545952549
87062,11,12,2,25585.107745614678,1.296760831601281,0.8026234236728769,103078.52326897476
87957,7,6,5,21556.183866550346,0.781491206096384,1.09457765979079,149596.8802695536
96634,5,14,4,43310.492835895,1.2291388769882872,0.7613464320707324,129876.4511669976
101867,9,14,5,24530.111939213642,1.0217040886835125,0.6307500740682724,126404.24954549863
33170,8,11,1,24784.070111241414,1.0452311543981159,1.2123289378382216,51417.607997648345
99332,3,6,1,42413.18937995593,1.1397791670998285,0.978383221374987,128226.26866619576
115522,7,6,3,100586.96965575819,1.0533161287247752,1.126458662958898,113189.06990602796
26458,18,7,4,8672.291586480938,0.667945153154486,0.6711613598858006,71059.48697651344
99948,3,8,2,88226.3837545737,1.0723959353117263,1.0675146344088753,106134.6773280182
106195,12,3,3,25794.043812222943,1.1934978230533664,1.0519665183855251,176818.48814246946
122745,13,5,3,31359.044979496655,1.1304636993586392,0.608971594820897,166002.5607596298
46934,10,2,3,19499.04040174419,0.8136898101588798,1.0720557460396103,95391.02249356553
92044,3,12,5,73270.0520670354,0.9173236179677754,0.748866678966162,140626.9861916878
28134,9,9,3,22388.564676712394,0.8552479635720353,1.1214544553482775,50064.15343636335
59261,4,4,1,52196.47920272558,1.0160647015195086,1.2218826802847593,66815.65358106488
147597,15,12,5,60940.750743795885,0.7961903914777194,0.6914648266997449,241196.89301807014
148371,14,15,3,82637.04348500143,0.6145444936517834,1.198903907181749,225690.9002933556
118377,14,5,1,84811.81554008377,0.7951953794693472,0.6503435159216879,149676.46113061372
70206,10,13,1,54126.653201517875,0.7977934173813347,0.7132989948151539,89780.81320882276
115112,13,12,4,63295.81228769343,1.1097330534961478,1.2758102947670613,116888.53486064542
86787,3,11,3,54693.88687363321,1.2806530041042519,1.273674045841751,85110.93817130005
56305,16,6,1,29333.537780989613,0.7943890930986359,1.2266411964490727,109364.04258344504
68756,15,8,3,34662.502594974285,0.8115522717800381,1.24545286723526,120896.13191225972
126743,4,7,4,39998.74336940016,0.8832588880551171,0.9705523077315114,124802.64901413303
58065,16,6,5,16619.21321168185,0.7517980726932653,0.6400131828681018,104827.87465917999
129041,11,8,3,45811.28812429993,1.2904915610230026,0.6813770765488052,199047.7558218164
71345,6,9,3,57170.618182432445,0.7351923206080132,1.10459170601454,113658.52664385703
144929,5,13,1,40646.039894595975,0.652280549324546,1.0435712445314385,198937.98745922174
48102,7,7,2,30890.240284018942,1.1991172936938228,1.290650807797054,51820.16699447692
99933,9,13,1,46509.96361445583,1.0388786304065587,1.0791865532938882,153115.34741083108
60432,16,10,5,33764.87218705185,0.6311453312131111,0.7697935623134332,106327.54034891655
59212,15,3,5,47782.30236564058,0.7949959819306037,0.6234405844004458,115288.1459085401
109698,8,7,1,38713.16499987581,0.7095278112115615,0.9307166342457542,123522.83168897493
65484,16,4,4,17996.497417592353,0.60160973744645,1.0432417173400532,143459.37481898753
52707,18,9,3,18516.863967751142,1.274983846670219,0.6176281114930378,83062.97768286789
29380,7,15,2,19669.69421287718,0.9944109959321246,1.2980576411753924,30671.094225571887
100398,9,7,4,82139.7036713566,0.6131633854327626,0.670365618581097,190561.91475477986
96292,15,2,3,55420.70281063179,0.9523453027946576,1.0576023118328473,177132.84723634
21400,4,11,2,12653.906509239048,1.098110917256848,1.2182875312664128,25701.03795289412
143912,17,10,3,66065.53004524703,0.9976267904754823,1.0036712402323182,157152.2533042042
27154,18,13,4,20971.025164182545,0.7522209655405221,1.0945005918743789,70436.67030024734
75461,18,10,2,29253.50688879521,1.022444002950912,0.826357976431782,111708.08192133461
71589,11,14,5,15072.54149032509,0.7065298299514863,0.7473176329650206,118108.18618384126
54382,18,4,5,36324.77402523257,1.1716385994444214,1.1510001869946895,90390.69867442685
40090,16,10,5,32413.60342117816,0.6575682512239257,1.2617104060738265,101164.93254592712
20342,12,7,4,15924.450852379605,0.9070285723288511,0.8038874217525276,50093.722545822515
89261,15,8,4,32669.441978538907,1.1411742894613934,1.2949698606540094,104616.45825881399
75723,3,13,3,18842.809988877918,0.927128521369052,0.6607133512413947,95859.30697279397
57852,16,8,3,22296.04021019783,0.9389746603462571,0.6516681929508104,116464.99886411113
105142,9,14,1,45705.55947911688,1.1117835151135247,0.7599886995232071,88632.7192275275
126566,4,10,5,62083.196272936795,1.184992290756723,0.9366589658863137,168496.2833305056
43059,13,14,3,37062.058726406496,0.8125645216730877,1.0663408539508017,67978.52292222121
120716,15,8,1,75286.51343405523,0.794531816553695,0.8430580231469561,185451.0531144648
68197,11,13,5,28583.120512985577,0.6749672421037396,0.7466254705399136,102199.23746368581
87505,8,12,5,77651.08213005502,0.7635429724910311,1.296830955483989,152436.58059975164
133660,15,8,3,76957.59960705704,0.8943180553374674,0.6099355390675781,186548.20420715227
140817,13,9,3,97736.23939209581,0.8158570201052399,1.1249235731664395,167910.21860973534
75509,10,3,3,39873.72075040905,1.0765495617359462,0.8039340344212959,129809.032132817
103430,14,3,4,39865.37467755464,1.1384336898114213,1.168780081914044,174972.43102152302
110794,17,11,4,62342.873547150615,0.6823578153538536,0.8122837108064077,160946.29170262272
51553,6,5,2,37470.97159445545,0.6458073095112108,1.1148239209348731,107178.28376078077
116748,16,9,4,62903.21549375859,0.7444053271843516,1.217561729739899,226901.81729087012
43541,11,12,1,10545.811510997515,0.7250663670986472,0.9261199350819058,56065.691821267996
69108,10,13,4,45112.238284468265,0.8491596493968864,1.0725730154094573,124635.21466961679
48206,15,7,4,20585.68139902054,0.6583049709517388,0.9176113609974526,94495.0851580924
69875,6,7,3,27836.848886727785,0.912255926335173,1.0317008559275627,100010.6553637518
131774,9,4,2,76646.92549590657,0.6243089759728274,1.0689472375452744,193986.58366935662
136633,13,6,4,73737.98178539389,0.9464580433230999,1.0297258289864786,150242.63171634456
82696,4,6,1,45609.491485775645,0.6294187726908301,1.0128734076021084,112243.3925445741
46963,11,4,3,16264.442334804473,1.1082926210217976,0.7860406424495778,72770.88968908109
44614,15,11,3,34681.6122729431,1.0081275347120027,1.163382923751701,71369.59968049258
142441,3,8,5,86672.91548906943,0.7216057525436682,0.6371522852410215,167350.74379015135
118660,17,6,5,78092.4809702636,0.9951284171768093,0.7468229471134123,190420.04694757986
80271,13,8,4,43923.566439356866,1.1328497400639403,1.1002526204652607,142479.42739716044
80217,9,15,1,49359.18573968441,1.0431018050671743,1.2008434595989503,75214.18011442808
64453,4,9,2,44568.68327256616,0.6553177481753603,0.8990502149066395,98494.04671590975
26111,5,7,5,10990.024164926448,1.2847160913458118,0.7918914496373236,47924.584089052834
123235,12,11,5,86765.90664195213,0.898069350109616,0.6722321990514302,207811.74388046816
99512,12,4,2,64570.32993321148,0.8298863130101231,0.6915131925682898,175735.14496658687
83819,10,15,2,69386.73215113247,1.0213757273696125,0.8977259372575068,133276.6201555586
140615,17,10,1,88466.6902213489,0.8802105915585292,1.1866165603176986,167039.5028201378
92749,13,15,3,47239.66178129085,0.9716592277250015,0.7873154949526422,107898.23314559454
131943,8,15,2,91206.25786733135,1.049185660377423,0.8978501752668802,142011.43756730115
61639,14,6,4,17024.63685256583,0.6141026432520196,1.1435556533131925,97699.49460583618
97244,3,6,3,47738.727501225265,0.7935650562861682,1.0742743206186054,127477.205627797
74218,7,4,4,39319.15552720524,1.0475981479020107,1.0028197814723245,82279.60420487974
55742,3,4,4,41929.99865041472,0.738566584979478,1.172726246574179,105129.83867756811
33506,5,2,2,20182.812136714187,1.1157510626013118,1.1186101580290728,49779.04965083205
79585,9,5,4,33809.275161106096,0.8486450826323093,0.6299421595932817,116503.47755209121
42803,10,10,1,25544.280676740767,0.9809103032778324,1.053970341145549,54747.82426435398
52869,14,6,3,23099.879226395937,0.7810744766548551,1.0563756173035803,79402.23466545492
25325,17,4,3,11782.404369434154,0.752277144588182,1.1454137071336632,71895.11535842928
28802,16,2,3,16652.53215160262,0.7284953459400734,1.2574657049140434,78530.90949863258
99732,3,14,2,56766.93845423387,1.1123033082836105,1.0257348491105898,95675.48326036766
98952,17,12,1,50786.11320806931,1.1070669093719725,0.6913344816402365,152298.7320981825
101529,18,11,1,76200.41486174054,1.1679309792399069,0.898809786004825,153836.8649310766
100487,11,5,4,65958.5360731441,1.1783870069374875,0.7421068221344244,145701.27774571255
54810,16,15,5,23250.2005320511,0.9202643536637385,1.2752022087977775,99771.44456724642
111606,14,3,3,93091.91210667545,1.2865917525478645,0.9278837771768481,138910.56638339107
77838,7,5,5,47209.567148232185,1.058328146735453,1.2406961267283996,129099.6829686922
118632,3,4,4,91196.33232881344,1.0676040750703586,0.8560598678974042,134958.8004281598
100826,10,15,4,87990.14986276736,0.833507841965492,0.8336214978552607,123309.5388973761
37575,15,11,2,11233.328621896386,0.965725443947898,1.0809488464420567,60916.41444930295
25248,14,3,3,19543.01054573688,0.6699714633906645,0.9294531998020331,73433.70243573503
114969,14,12,4,34460.630130679536,0.9299540438265919,0.9268796367042367,177324.03060773242
27291,4,10,5,24225.72145665966,0.9144694711256935,0.7872864914016491,57079.854514525025
103693,15,6,1,64287.894448776206,1.0538288860819025,1.2105531150209135,102586.33445327522
77417,17,12,4,39256.515140375865,1.019678011389601,0.7899258444757588,109813.06226446382
71634,4,7,3,48784.616810404106,1.2611110545023045,0.9694109704631748,67395.50892331955
29249,12,7,1,24391.242005536627,1.1079907993657725,0.9470183594688124,48779.99847176638
121408,10,14,2,72218.90740507272,0.9503474525750744,1.0807663951332112,152963.26495807432
95442,8,7,4,72199.27791918085,0.6669875500888037,0.6628138391041131,151956.16720978424
139961,4,13,2,39527.84349496426,0.8667626512193481,0.7260125622242535,150616.2741330718
55340,9,4,5,43947.99472951761,0.7058117722731102,1.141317693430186,129104.87850267199
64018,8,14,5,20921.525943521254,1.070214801966738,0.9956299154416213,76683.84708060187
134445,9,10,2,47050.65405111011,1.093775684759553,1.1067974760539085,153384.8372892644
129955,11,10,5,71255.6965866607,0.8053660554064427,0.8793858645490609,154009.07369853614
50910,17,3,5,13863.503479473347,0.6153058903204043,1.0160186734604637,111099.83832925468
75662,7,9,1,51906.14990726417,0.9551054771043094,0.6684306918703409,113962.056431587
79527,18,7,1,44096.06117520552,0.8326059650930595,1.2695161862921558,131729.64959476356
66258,17,11,4,33829.059830627855,1.2353690696768882,1.167165128016376,118130.13731916547
38197,13,4,3,24050.092428199074,0.7709559516074098,0.9781951188767921,69360.44831982396
127832,17,4,3,89962.84865484394,0.7376302532158491,0.8974531675480312,199081.56304193864
81722,17,13,1,32554.24547817756,0.7408099686482821,1.0269935385218432,108472.39580694256
72819,10,7,5,36010.17648889361,0.9790853642957529,0.6261523992260255,115917.06366012857
65733,9,12,4,34973.928789282574,1.2327543969675236,1.2499906099150615,73875.4977342505
52358,5,11,4,34042.09863813649,0.9904791182167376,0.6615865326932939,86850.02020584284
117728,12,4,2,23947.65473074629,0.6785317404004355,1.0300283063458635,169928.29725466872
86405,7,10,5,21291.24641942742,0.9147128137638156,0.940194060351629,121720.8997692394
22356,5,10,1,10566.110245732296,0.7796029639833962,0.6886332258847434,37037.93628184145
84360,5,10,5,17223.54043073682,0.9617320913969261,0.7305612904281412,132943.38072770045
137683,11,15,1,35312.806549568704,0.7017509537363111,1.2403376436505216,164913.40040232288
24540,18,5,1,11430.781388474412,0.6148232794044342,1.0491235746601473,59854.54148761261
136062,12,10,4,120967.3185258498,1.0823902507446475,0.8983512118817472,154831.60839060607
38008,15,8,4,25277.277025808762,0.7855362496767554,1.0639764455504204,89018.01250230792
105248,14,13,1,51718.096161844296,1.2054256732785,1.2953563425258463,146249.92428698982
94497,11,12,5,38713.44270536011,1.225660060288724,0.6350387593171924,144763.8846115569
133199,4,15,1,41161.84112543105,0.9686442514806826,1.0667737774291044,132456.04358169026
21459,9,9,4,10107.268888536646,1.0152587481096043,1.202429790878948,41536.2456551611
25242,4,8,1,10993.871772291908,1.0092410633889954,1.1852800400713712,33144.407827691226
93881,11,7,5,19298.942449215123,0.6032943058366417,0.9984226507677074,145074.01807723872
120650,9,12,4,53693.81787239944,0.8513491054029076,1.155797833708538,184913.7199368672
112693,16,5,5,22763.978884163866,1.1454987923329103,1.0630747292489928,200144.01230015676
76255,18,9,4,57238.994921163845,0.8030521789487006,0.6840605727273699,114647.02350880663
96094,11,12,2,48737.38065602845,1.1567972590627504,1.1237182288869318,151333.07694546014
113813,17,11,4,30017.855668899498,1.2941341694402924,1.100899641106572,194044.5255825279
22219,10,3,5,5683.253779356567,0.7785743774654463,0.6743977991779463,53451.08507063289
117267,5,6,5,71003.03586996484,0.8517563367765013,1.2171237150912222,184390.00309040814
60845,5,10,5,48419.98697274731,0.7988063189589498,1.2783585041528243,89535.85998479465
113570,3,9,1,81745.30678296529,0.8732619610871458,0.9112478949950966,152524.80522892214
117504,3,15,4,104327.36081858586,1.2828751884803435,0.7633449821984808,95530.13695254
89543,17,10,4,32659.52872998012,1.2164199454283189,0.8721697910361875,123382.86951126487
110106,7,9,5,96205.90683863299,1.056601445465394,1.1284934823947765,120258.2266977195
116193,9,8,5,30151.625717711322,0.6582921682661035,1.11913187066303,204451.57706448363
80415,3,10,1,22910.488581102683,1.2298322485118014,1.1210359325827755,76659.69097297778
140338,5,11,1,88877.83606032254,1.2150340805795323,1.0778314604610766,110239.50095189665
136221,7,10,4,67600.37788769897,1.1350118858438354,1.1426696345007796,183814.3024598468
108413,9,9,1,78387.43530365551,0.7200773511258138,1.2964654544687404,134302.18632884353
22534,15,5,5,8647.607647332929,1.2013058101217386,1.1790013734338247,64126.03193919157
92529,14,11,3,53981.31764063059,0.9956323120004755,1.183188680976901,151467.72796592987
135297,7,7,4,79985.55568320253,0.9914319298356908,1.0450966889238305,204556.29343747857
139983,11,11,3,51842.96171583774,1.1152192322013432,0.8074363188972826,216606.16579382704
51956,5,12,1,23506.3661876336,1.1251238123553953,1.1463649122370956,69601.2337085495
60031,13,8,2,27171.90785104228,1.1354912410170197,1.16262763550333,91540.24795130451
56009,16,2,1,24781.62351035769,1.2667984500882032,1.1950708094385476,87762.19207558033
66195,10,7,1,34669.09209528993,1.0412703110033268,1.1112312533546396,106457.1057865994
148776,10,6,1,73274.51717509884,0.6611368777454829,1.0918260189178426,183830.27763284376
139781,10,15,1,75444.77030678777,0.9453594703948818,0.6100592016971108,151837.3005780464
101684,11,13,2,42152.793815982026,0.9129167830959929,0.9506410444812776,159920.90570095996
81791,5,13,3,16868.85894105298,0.7074653357230655,0.8666340499856501,97052.61075633927
149766,8,7,5,127498.72458398982,1.000195197124537,0.6478741033685234,174134.61382959894
93055,4,13,2,67438.36190102527,0.993146490138507,0.9912044253948376,131624.08363000833
44803,8,10,2,32311.401807150385,0.870682402032134,1.0731290539041096,76098.74756125329
82956,13,4,4,55274.47640798655,1.1652646064587808,1.1936409464519286,115581.48189500775
64157,18,3,5,56621.636603741,1.1112672911817025,1.085148255809477,97527.95297633707
96554,7,3,2,26772.974537479186,1.2192847283819965,0.9365145549531677,93791.28293011193
137825,15,4,4,121226.86094933219,0.7650154721486656,0.8923811882571056,231513.77282915666
51444,16,13,3,17649.00748776766,0.8768725975822559,0.6052864946859682,100377.41511860373
22131,15,12,5,5752.301838767203,1.2495600600459489,0.9452698517378341,59697.46714229054
45092,18,10,1,22738.487943825556,0.6912195688704446,1.269698202360628,91494.47179951251
130930,16,11,5,83380.76550488154,0.924225216670302,0.9200553796825484,199240.06887452755
74269,3,5,5,34428.13540945484,1.075500441221864,1.1955257132429191,84455.08324960971
101582,14,10,3,86533.66267620747,0.8186482980059164,0.7852240604985263,182413.5702772274
36723,4,10,2,11640.06416786075,1.2167793003669098,0.6055955657451997,42313.98673426065
50331,18,5,2,31609.147173074016,0.6940088578234394,0.7647960386451449,101979.86911052663
100591,11,12,3,55985.89761911411,1.154695530416531,0.6404027501819972,134426.17180096562
21803,10,7,4,17825.41059082652,0.8969087647994997,0.6249871640465502,46304.282613461575
42902,14,5,2,28239.444554715665,0.7356902761521883,0.6552095937392497,80096.20014876401
104983,8,6,1,45368.569034179665,0.9896535853783439,1.0596937386922205,148995.1453897336
53243,9,15,1,25154.76915345627,0.915710902935652,1.0573991940532774,77517.47395354693
94421,10,6,1,30299.373756214856,0.8361461368760051,0.9231005415715898,124474.43229856515
55818,3,4,4,13767.958533682277,1.1295759699936472,0.7674145766776784,97128.40882656236
96631,8,9,1,79380.18345545811,0.7154850531851202,0.8321527175246961,176150.51706258848
74466,16,14,5,32475.633854224896,1.060982114600818,1.271033814428951,113234.02279381847
68606,18,7,5,40532.682653567506,0.7076931850222115,1.0929973975501663,133616.5306536734
69023,16,2,1,57196.08153195434,1.1662754366404355,1.1255674151842427,74748.15254504042
107358,14,4,1,89154.4294572579,0.9951972013902732,0.9816616050050355,159243.87769683966
24926,8,7,3,20546.81593047776,1.0481570695647795,0.6622034103923878,49718.13392679299
86909,8,3,4,54787.809920925116,0.7213166704260715,0.6326945201578731,168067.2981335782
144243,4,2,5,73406.18514508707,0.939312755553424,1.0857969213222096,198783.57559990304
84902,12,11,5,27165.481752097035,0.7672376625692494,1.1487756343556983,128962.86905689556
32220,4,10,4,24689.013863895838,0.6678050637615809,1.0801623119894685,53056.65278746131
48474,10,2,1,37085.16908898015,1.2122060678109636,0.9775572044209051,52910.62725066279
146246,11,7,3,121160.61926573436,1.0178812068300123,1.0372012277902076,180720.57171027258
37762,9,6,3,27834.854364886996,0.6699484383759288,1.1790644831659334,85804.66311952539
137325,4,14,5,32580.91859228862,0.9397553737931263,1.162104830316698,209924.19491956563
103967,10,9,5,45396.49401065895,0.7867101836113074,1.1827584701712093,167320.755986365
67837,4,5,4,15273.169999818325,1.1798948913915792,1.1787236853265066,91888.01095757367
119706,10,7,3,106010.10846962308,0.8086761806265224,1.2912320356428393,182944.47788596473
78572,12,9,1,29888.84793551575,0.9502731154012427,1.2343519700807226,92837.64949885527
109459,18,2,1,94607.79424103594,0.7547887823723103,0.7363332872489221,188069.01863515732
61647,15,13,3,44754.95675539218,0.851741505770339,0.7093963291124614,84695.00793506554
148452,5,8,2,121903.18021447948,0.6257488983403833,0.6490205180527084,233141.7016841416
137498,10,5,1,46548.09479365717,1.153122523240433,1.0353027164327087,189248.42319857207
70040,11,13,3,60975.942198292425,1.2414230670015223,0.6985069714540662,110568.9320610025
106267,9,9,3,30593.174791519996,1.0651658035535267,1.160881664147652,138683.53578072233
57896,13,10,1,42474.11054670065,1.2602580768434741,1.1715641367596608,58762.96645381299
79404,14,7,2,45930.87326821125,0.9650677500078864,0.9531239073667571,112420.7818087513
141315,18,10,5,79186.88781801504,1.1355869280262483,0.8084778845346595,177010.07421628232
139983,6,12,3,105847.4333897089,0.6094833892991265,0.9787183283279257,253039.95186492085
80135,8,13,1,61501.571491322844,1.079494282797353,0.8189475559399583,103595.37745681859
99592,5,13,1,82443.95359689061,0.828791967571441,1.262227166331216,116824.06643670418
99953,8,13,1,41627.98452408551,0.7178746568462924,0.7437841899353835,129772.13252835046
107699,12,7,5,41332.25309652706,0.834453623393963,0.7790385948435803,167145.7743004639
83172,13,10,2,28549.669045252373,0.8158063584309079,1.0069102254261892,98845.82930912754
30211,5,13,5,26056.0068449577,1.1168950609687247,0.9153312666905072,58146.414863120444
91693,10,15,3,55941.364164738465,1.1936595191311858,0.6835439523233572,79553.30888009573
143262,16,8,2,93085.66917297136,0.9327939668036188,0.8993340154769125,197804.31937414606
118105,9,10,5,81970.10223635797,1.2367849138737808,1.2003813382659416,136610.36824729256
55433,8,12,2,40409.823335521294,1.221779652829594,1.2234221707600708,70813.17000086798
97006,16,4,3,29456.32199282975,0.616502170532013,0.7666812752549681,190785.2369734101
36221,9,9,1,29227.038525859985,1.0894759742211124,0.807177347649396,38306.04797968223
53863,18,5,4,14694.885542426613,0.7665989936517844,0.657987424013693,97202.70276871815
119425,16,9,5,52052.3782699959,1.1474644287956757,0.7929368440607846,165540.29271748394
103973,6,9,5,56932.36615337964,1.2155280556970245,0.735762235535608,114098.74810526891
55295,8,5,1,42202.04516672141,0.8849705299338888,0.9829505736341005,89189.67329912212
30466,4,10,3,6657.921480261055,0.9636487739341736,1.191586030077267,55110.768513692456
99785,12,9,3,77422.50776645477,0.8696223124117741,1.0825332952378643,132950.99664200764
22551,13,8,3,14332.699223318547,1.097044069884621,0.9053748917181708,54177.90152166556
74098,12,2,1,50901.970756259194,0.8697622694191469,1.2077823195527713,127706.11999702615
146553,6,2,5,131842.14941714192,0.8499089952695922,1.2306045521615094,212751.68120603712
86778,16,15,1,33505.88966173387,0.7707382773797062,0.8548873455764568,142253.20170416337
129900,16,13,4,70982.58833180362,1.250759388998329,0.7045594967164848,126217.81587823376
75144,14,11,2,18436.132797305778,1.2557096579628424,1.0654359570187,91349.29224297965
148994,6,10,3,43120.557397936194,0.8938271478292836,1.1258837265777915,140133.89944701004
45111,6,14,3,10682.77805781763,0.8409520602471741,1.041259629107273,68237.41992766791
44869,10,3,4,20410.50913694117,1.243577031218119,0.7627338816435827,74886.38695328656
29430,16,3,3,10356.952279395759,0.6010752702217369,0.8419322538041583,83893.72588071383
78520,5,9,4,44583.494582268875,1.1701997674729143,0.6731257384454784,115114.28417863992
143605,6,9,1,105652.15680269393,1.2924428413240978,1.2089257014449628,114679.1794010395
131148,12,10,2,38334.54346961861,1.2279108537562444,1.0120680410209693,124904.45085825572
120192,10,6,2,65861.15305826382,0.6597538337745988,0.6553746885203626,154430.24283045338
110722,4,12,5,93188.77205422572,1.0774495843093157,1.0796939789125286,131281.90832850506
47922,17,9,1,43103.467798618614,0.8557270059994211,0.8186635528486054,87573.5029136728
125391,12,4,4,43874.70587397172,1.19816686238309,1.1101051271532871,188320.75028038956
83216,14,6,3,19784.35205149718,0.9226967434822115,0.6132243358271438,111467.8757185382
75120,8,12,5,58745.47698335748,0.7440954451389957,0.6725239058150453,136793.97238449825
101697,4,6,5,40133.83632004933,0.8700214680524518,0.6409197530345639,113100.50553589709
101867,17,3,5,78770.96007455012,0.9247663335109041,0.9756841617583424,196043.37967741152
38097,3,5,2,12651.072510166583,0.8696299621280275,1.0827568309475086,47550.70890412528
138627,5,10,5,50212.909235499385,1.2217693376494085,1.1543368299148096,174934.8010893805
82941,8,15,5,62592.32826426084,0.6563731485956265,1.0585612341009292,155393.304495261
70915,4,14,5,57447.91107332858,0.7979252853425771,0.8187577717781085,88570.84892002263
59028,7,3,5,12358.122153519298,1.0987949639899814,1.2999246855729738,101567.74751791025
44654,11,3,5,34642.73912104043,1.2583861137387298,0.8126446437774628,69505.54973438139
43035,8,11,4,22808.935414895535,0.8905705019655168,0.9808923632578501,57290.06974680866
29395,9,14,2,17962.32003799055,0.6440014690892732,1.2759180040060722,61319.44875674827
107584,8,7,1,61221.87522126712,0.771781368015414,1.1456236544979612,152466.48545737128
135716,15,12,4,115596.801660208,0.768456595503522,0.641377750723084,233398.06579218683
54869,14,3,5,41683.6858486203,1.0270645915388068,1.2618013556073993,94774.01065595771
52269,8,11,2,21446.58237271315,0.8934785469222924,0.7493802584133933,64562.96396735624
98054,3,10,1,70868.99400723811,1.2554008213509844,0.8232271562721215,113541.15056773435
142465,17,15,2,44155.04240882308,1.244696368887611,0.7764287220267128,141601.96982361184
69973,8,14,5,47763.49198298006,0.9452277540033728,0.7052707455455477,119148.16671597242
35710,3,9,5,20549.039730083226,1.2916077122949725,0.9143391304844048,60030.20862566251
31852,6,15,4,12217.979491584836,0.639025805934708,1.2566010269721581,49392.26719347291
132990,17,4,2,50948.01418348367,0.7346240569301956,1.2462480697429674,214013.34195830557
41200,7,4,5,18739.11862256489,0.7144617125457997,1.228671575862033,88394.73702510142
73793,14,14,5,34495.071932787614,0.901801909420814,1.1513633164707686,141501.4297929949
96453,9,14,3,56766.00086890504,0.9292865457741435,1.0689285636993466,97368.97816592007
137978,8,13,4,32455.832974368615,1.157626312161559,0.7029534013475365,130418.08541076677
139125,4,12,4,75929.0501275241,0.8090729856139294,0.6734232913064415,165408.4466093674
75339,9,7,4,40513.76297784206,1.0316745838204846,1.2277534538117945,98464.18831799312
138349,12,7,3,80450.54598573565,0.6099733154431589,0.7818075022492713,282835.8071725353
55444,16,14,2,18280.041827152927,1.1142484870391731,1.0955524477378662,64572.15013499599
126060,3,10,5,35899.10705148936,1.0042930926385805,1.2124585527951122,122042.67382469593
121894,10,12,5,52817.391111417346,1.0992451417386222,1.0491296617863677,169337.85117361453
115125,12,6,5,29430.036854112746,0.890892810697365,1.2144627947934397,148736.6414584784
93509,10,7,1,39711.23635310568,1.0766753403998637,0.6406936129984153,121084.71299854339
106485,6,14,5,56039.95287258979,1.2812592491352,1.266724659490948,94739.46724186315
80134,3,12,3,65989.79920521959,1.0154272676629703,1.0373318891942798,89068.500205499
106858,10,13,4,86349.88920007649,1.030424882859918,0.951906373450984,115911.60530564838
110751,12,14,2,79452.96859468048,0.6492903215835747,0.7864364300673935,213277.12893108834
121911,15,9,2,99273.1220029887,1.0070457851561994,0.8353281093353191,131118.3808548883
116064,6,13,2,40071.84356113925,0.7686141300628033,0.6784186517428503,126679.73792208068
108839,9,10,5,42965.67228294121,1.0937152362853169,0.9181210962762028,114476.4495123909
45824,8,2,3,19832.09574555984,0.9901509265492862,0.932435654756457,85081.96809143509
146340,3,5,2,68297.91204339523,0.89291680996191,1.1463774317587352,154101.98207195278
91923,14,5,4,68864.45283738837,1.2194450544170403,1.2951320665036539,157952.9028968009
134050,15,6,1,91348.03492281056,0.9482322071770946,0.7271460059905668,150510.65210952735
109620,17,13,5,79485.39877601842,0.7436594294470995,0.6419797317140319,222027.60408861007
116507,13,10,4,97028.91616047686,1.1292537862940664,0.9338488946115641,173830.6888684485
85618,8,3,4,61433.89852517195,0.7270078478284129,0.7527623061477908,121032.83446367669
72961,5,2,2,50196.95457132762,0.6952697494997806,0.7162532645347017,105127.45793534358
85080,7,13,1,73975.99210470816,0.9316589565968142,0.8064665998768055,82220.34812143233
60416,10,9,1,28621.108003637357,0.6576802927727255,0.8111379223266275,92609.62311334902
64395,5,7,5,28556.051763091797,1.0104832567021294,1.1648955305006063,117909.51047852729
111157,12,4,2,72655.37873743259,1.2698352562218316,0.9497325934177093,99974.1270114555
78241,8,13,1,35221.30136790907,1.1566716510447468,1.2529805486419725,63535.69896646823
70603,9,8,1,58296.692702358036,0.6844813223489277,1.0807281251025693,132755.9702448377
87207,8,9,5,19367.10020968602,0.6037101797426745,1.028798535538248,149763.22796620615
145672,16,14,4,69440.05251391625,0.8598003051333458,0.6179148855106307,193392.16502959488
47930,3,7,1,27198.12525030778,1.2449358086174198,0.8028790135948338,37593.14348014939
91680,10,4,3,67753.70134345078,1.1762815388067764,1.0928725769293965,138521.70230287584
21319,7,9,1,12646.394526842087,0.9760973951016921,1.0941239322980918,35996.07404665355
65712,6,9,2,30090.95288755957,0.6141704219294544,0.9004512522174175,125566.51107942218
38127,6,5,4,20891.12148508802,1.2258086800199237,1.2444332659618729,64466.746723378594
105563,17,13,2,80169.95246656607,0.8907102492481349,0.8562699651605148,180563.87409866622
46862,6,6,4,13002.993342539707,1.2933588992646392,0.9871035134347166,82559.35494368635
75502,13,12,4,58401.56152936569,1.2352529296800392,1.1119278032402222,125396.21667621618
33241,10,9,5,12442.883491995508,1.1481864566326374,0.6233864715056419,60893.88072549947
43148,18,10,4,33130.95595366799,1.060818746056913,1.242971373557315,83675.9926447479
81989,10,8,1,36017.74596952339,1.2342323667087445,1.027898515743166,78402.95132584317
81671,6,3,5,24082.26953501269,0.986925850229212,1.1638707392194463,108161.41550255622
120993,16,15,5,102688.91345804698,1.0601155931764643,1.0856277175652416,180332.99751115992
47039,13,4,5,29240.429557795105,1.2497117571645142,1.2270833235929097,86002.56697582777
104849,8,13,1,88988.01926079727,0.9655166848795509,0.8810441491242604,111910.30723191143
113296,4,14,1,55785.74645230381,0.751255807924977,0.9447476135975525,182698.9624493388
29641,17,14,4,21263.075959203215,1.2713564249633516,1.0543195623460129,64915.79028779548
74137,3,12,3,15524.83986409032,0.6856635683389815,1.1807106160578855,112139.97695701146
68930,14,5,2,47613.72011269572,1.0053803912023862,0.6865599679439902,108757.3616332299
77290,7,4,2,16133.876352737543,0.9568207552615946,0.7662489036411311,98918.91178942715
137008,13,14,2,105766.75864200662,1.0165539034417725,0.8649856606125297,181598.11687618418
103005,16,6,1,52987.34979097982,0.8225479538480529,0.9790949369582178,174383.14929705596
122450,18,4,5,28694.99609469901,0.7925246717519893,0.6717239747833512,205608.62099128004
50821,6,12,5,36350.41533157476,0.954467236832317,0.8845948264713344,64553.93531275912
120977,12,15,5,103525.42559932306,0.9037073721716329,0.9787330601969145,180875.43927793685
101568,12,9,5,62296.37424139536,1.1134491793837467,0.6343954916667974,125963.63840953333
128574,18,6,1,28034.296732666593,1.1184930856595672,1.2071728983371854,146225.06141130428
47929,12,7,5,36820.82546740031,0.8991778727826482,0.7415212239430902,108357.8304443547
38058,12,6,3,18857.45196863436,0.855527878049688,1.1616479798315003,62305.887078146145
41538,7,5,4,18233.040376169163,1.1434158880532053,0.6961405147969723,66180.15052204039
85259,4,13,3,26330.975086098806,0.8274415398058022,1.2942695733127993,103224.67442631518
40639,12,3,5,17280.475331625912,1.1987993064141174,1.2699748118027232,80677.0745865973
109563,11,15,2,23321.65267299001,0.9728356469207313,1.1179836646195733,175997.90202341354
93025,7,4,4,39828.70441000653,1.1554298534646055,0.9519528281778782,96679.71374238488
45555,4,10,2,32917.64201333823,0.8729027794592266,0.6850545449157702,71344.1967288369
73211,13,8,1,53986.322861278255,0.6363699977465116,0.7344377059875375,129642.3728369884
94478,8,15,3,56053.84477930601,1.1593698536950936,1.1602371256246231,135829.18015050192
111968,6,15,3,76546.60053962436,0.9261756604380633,0.7109640919242306,152050.469784517
131271,7,10,4,92221.75623298698,1.02405709683377,0.7962360751778479,136359.8489165265
46643,17,10,3,34244.707171984584,0.8708819608898715,0.9481825853399333,81916.38199728922
143692,16,6,1,38092.1877151325,0.8490724600976606,0.6211918898528188,211271.76157363737
45275,4,11,4,13378.485682180293,1.282581525463226,1.1760451180696374,62121.93542196494
50155,17,4,4,34810.302852162036,0.703704643425329,0.7592591444026273,94023.12064686054
34477,13,13,4,22454.069860176016,0.6688249735748658,0.8525546786413597,76034.25114639645
147780,6,4,1,84180.24115188414,0.8042391914349248,1.0222363742304301,234719.10638714765
94729,16,15,3,26353.53790945396,0.6996982742879538,1.1157305372965558,134004.58187721163
36231,16,11,3,18751.46227410703,0.6079344937751563,1.2890268280365185,87649.63541157878
148150,18,3,1,120625.8005544395,0.7484980184253074,0.630148340010896,192427.71300196945
25458,8,2,4,16168.530185200198,0.6041712256758283,1.0425403423874204,59907.36123995383
145526,10,2,3,94564.49363476968,0.942608643655641,0.9322686280551764,213744.27374982866
109703,5,8,1,43777.44756825291,1.0578555408349941,1.074779591017031,112618.08807652479
72943,14,14,4,39645.81645918434,0.7913190077869067,1.0115733648516958,139787.4001946132
109384,14,11,4,84328.67095762338,0.7002981166781412,1.2607586411134102,202246.6726801542
109497,8,8,2,55962.95896809668,1.081780972215816,0.872623455074327,96987.30830745734
25383,12,10,2,8877.850575963963,1.0005601875604953,1.2327286198081953,45811.93658893682
67451,16,6,4,50260.11589287139,0.9688982349179495,0.7025602784761327,94928.61411539794
142710,13,4,1,49906.65325032958,0.9129616982985802,0.7361957506933612,139930.38182493843
62154,6,9,2,53182.28490313376,0.779479957855623,0.9534587210989858,116738.89143403797
110584,9,14,5,43241.92617235539,0.8946359409190701,0.8197624127599519,126720.95235211693
103102,6,10,2,46402.95209970073,1.0259837948633408,1.1212014693134482,112918.30908829486
56442,6,2,4,26095.098907759093,0.9173852475675073,0.7833367453577638,86241.13146662379
50133,13,14,5,35010.91743634791,0.9656604596781508,0.8071905533666632,99213.70844317568
45559,14,12,4,10946.730067969323,1.1776285094580228,1.148312628122051,80083.46331430074
140157,16,3,1,98335.84236539486,0.8367606898904623,1.032548892401954,163468.3494560855
49430,8,3,2,16839.733851607696,0.747021552866602,1.151069749041791,88645.18696144165
131814,17,5,3,71033.84396403421,0.8678760307167139,1.2817006828980637,155999.3222610404
62516,8,15,5,25513.234720550812,0.7482969405814888,1.1534176367149056,114021.36660327902
72324,17,7,2,60855.30524984644,1.2799194515528114,0.6096483722327345,73736.74272523337
96947,9,9,3,25762.246871827665,1.0717357487511732,0.6724148925747546,95134.40672607205
145359,12,12,5,123459.47649452361,1.0594267932272468,0.9097638261839371,183326.3236362563
80743,13,8,4,69970.09114778913,0.9000538801360766,0.9509266351094128,132244.19039261545
147287,5,14,1,31777.95642054194,1.2815689457820434,0.9344054037523359,190098.8606282608
67236,10,13,3,38350.17115467645,0.6157024715547111,0.9111577726266936,117753.39331248289
79156,12,15,3,62953.8178518393,1.2707402371507044,1.0025641349078238,111210.90444692252
98312,4,3,3,25920.590847609274,0.9370501255301387,1.1235416243781708,119479.91355691853
89019,9,4,4,30463.903346042254,1.1138479681649847,0.9610822715120209,153654.69520007903
32185,13,8,5,23392.08831938981,0.6584489118191341,1.1819177243524122,92126.97103423475
124945,4,6,5,101803.12794771459,0.9847187018697379,1.2513852135345749,199578.3628393771
39521,3,2,2,33173.54677156625,0.8614087727287811,1.0742609015429008,68546.75240246166
43917,5,5,5,20690.671648158204,1.160422871620793,1.1143511339024226,69373.05708083815
32293,16,9,1,23014.980397811632,1.135469319627057,0.901795388176656,56722.689565575594
52772,9,4,5,40504.6212138777,1.0010663241880422,0.8041679575168286,89821.65308024077
63789,10,12,5,36986.57191904623,0.6890804724157317,0.7572474238158379,93737.33655723365
31565,14,12,4,7519.214498078162,1.178838060382203,0.6431261368668806,67861.25580289982
65299,5,15,4,40889.674719206385,1.018568554930814,1.2810114321606862,98621.66442849013
149301,3,9,2,30314.43271364719,1.1401061448726773,0.8417198630087945,175220.92817017192
29819,13,15,1,12975.728055867283,0.8195043448020509,0.6006040556714983,45424.28397276209
67831,3,12,5,33591.80125396345,0.7042005849690386,0.9064232614109411,123663.69785153451
142766,15,12,2,78693.36838126915,1.1664280976271821,0.7197280442297723,136885.57902749546
78894,17,12,3,38144.4980372057,0.6767129487708172,1.195857302647387,139382.35742003168
133271,11,13,4,105268.30781594379,0.8567242986266468,1.1439411074929553,223565.3560939887
85257,9,9,5,41345.1330566162,1.2598133209674534,1.1881177786872694,109351.2505070029
26200,13,7,4,10778.85423410909,0.9285390952656944,0.6594969148909856,67481.45572047931
35294,9,6,4,23259.924745865825,0.9820299396686478,0.8457046137887567,57274.57680533954
68967,11,5,4,61010.27831508189,1.0401013082670965,1.2866114779034659,98723.30000366627
64674,7,7,3,16775.43738937203,1.0138640293103784,1.2201232222443434,94087.9862556666
25109,18,14,2,21431.43111920037,0.8105978840272936,0.6536945214390331,52752.706590612084
25898,12,8,4,12110.846320537603,1.1295107549499344,1.2019596855591517,64731.26962841805
34737,10,14,2,31183.916244909622,1.088697523759404,0.9883443455951402,57696.08874919142
36014,11,14,3,30218.414901160548,1.0917403229422848,1.0940582899524847,44313.69046808027
87905,13,14,5,48236.44311443637,1.2319136631980871,0.8918641855181457,101083.8542305548
89978,11,12,1,78670.893414291,0.8211272190988317,0.8657503614931554,144481.66340195038
133988,17,10,1,69422.40329664297,1.0511023367529246,0.9957670292377039,170457.5625880711
77140,4,4,1,58423.00020267672,0.8314134359129403,0.8906757359837096,103048.82350638162
57994,18,14,2,21556.201220404135,1.174088939506327,0.916137201793039,74161.87504602158
20971,16,2,3,5726.358494288236,0.9929902862308392,0.6376736939167268,52882.31141960105
94337,10,10,2,26742.597775842052,0.9751515584116555,1.2470931395146634,127795.34555303746
122757,15,7,3,65059.99290374926,1.2208318106545497,0.914559550425063,136851.43131428756
73870,10,3,4,17272.248190383718,0.8160649837204098,1.0775570529159768,113200.80433372081
91621,7,5,4,64964.49062555438,0.9269817654980631,1.2584857571644252,137544.0777428295
106594,17,6,5,87683.39650464764,0.8486871668842404,0.8282416840448307,177011.48238784118
61012,7,14,2,20799.64321180311,0.849339696737192,0.7703532607660422,78468.26888301258
40068,18,14,3,24046.140544121437,0.6649907674599118,0.9836515983500309,93297.56579078693
55970,4,11,3,37683.23935952139,0.8612758726319778,1.1013287537438412,75801.40726575001
29894,14,4,1,7890.613125430252,0.9577006302754831,0.803761203565994,56770.08264870923
132416,4,13,5,74415.17955737807,0.6001944037991204,0.8410232487797186,241111.05340474544
62059,7,3,4,17967.638922733277,1.0151653969920202,0.9335871536622029,113843.04902127762
65952,10,2,1,27277.824700069094,0.7614761623339886,1.2214635855209757,123351.5871484502
120461,7,9,1,61754.83891349609,1.220227600503772,0.6255166979316056,138946.4661937984
120902,13,3,5,68090.20683081613,1.0579646144586812,1.0634779833019032,164224.2190653027
95870,18,5,1,48421.49902833349,0.9151458027236525,0.6858558692888506,160650.78607119326
135646,15,6,2,34710.58837774109,0.658273602732537,0.6491913821826676,243316.83464319533
90379,11,10,2,65440.88349585426,0.7001675047785934,1.1224106550496546,140913.45812342493
82921,15,13,2,70454.8005044757,0.7443325676543917,1.019060146655243,162746.656345543
52854,13,12,4,32408.747078603716,0.8117377581823804,0.6829913480158459,100163.14052019964
53028,14,7,5,39370.993661611516,1.017283447877986,1.1517412985238935,91364.49942348781
89138,8,9,4,73707.98430021522,1.296100991072267,1.1655349471668845,99839.49067593174
36779,17,2,4,12233.551971591362,1.1853239629319123,0.6767680219667023,85011.15378224642
129117,11,12,5,73570.6795159593,1.2226025256003965,0.9934166048027253,151749.31330714014
85283,7,4,1,64054.10517748533,1.0144127498807785,0.8321104879401265,122222.66913516723
60341,15,15,4,22908.12145593531,0.8102562708537078,1.2686553807836742,115509.37644696223
58373,14,10,4,36937.14147215524,0.7475889804483684,0.7001861577840577,109872.70614548877
137174,15,6,1,68804.4980337435,0.9258907797898985,0.8880047358461258,159430.26909769158
45233,5,14,2,24739.837111529305,0.6191891883693725,1.2210898793639642,73955.74896198823
65426,7,15,1,40310.78679167499,0.9666028543219235,0.9502208554024172,83486.14253414446
126190,13,9,5,92326.92589651476,1.1519967917376182,0.7980550185013164,171626.15367826686
85157,17,5,1,23535.175957666543,1.2058725709711349,1.2247347968601507,149051.49337256706
47989,17,4,4,26562.785481692128,0.8796847439342813,0.9878520370160655,107773.35355362542
114734,12,7,2,94442.67972858457,1.2777417530388562,1.1521774211843643,159822.98732645105
68849,13,9,5,18061.30885057973,0.8069462935121552,0.8801930165020793,120566.38165229396
115142,11,8,3,47930.68226122832,0.6495556084237627,1.1140179892224045,161335.77404045564
119059,12,14,3,39290.46791940641,1.0122764907703785,1.0467314910287921,145318.95981970412
100655,5,8,4,52587.04296275053,0.6958070797382552,0.9258223033835898,130511.7560098834
29234,18,2,1,11975.96348375132,1.1104985875501825,1.0531788884904139,70263.65498240113
123391,9,6,2,90442.898450151,1.0301614654685727,0.8516495555006245,138062.57253705975
61389,3,12,5,18158.76182295961,0.7628209260962286,0.9842950752410646,91129.49485416438
23780,14,5,3,7822.440391934836,1.1624346934416907,1.0666201438645184,49133.029485305175
34160,12,12,4,20333.86171222159,0.7052897043416528,1.1394346740722705,61800.0318802681
102916,15,8,3,64446.89195972853,0.9193425573652452,1.094870899909489,174186.84209011638
130162,15,14,2,89465.88050219984,1.1959945863019663,1.165707248411222,113643.00530054847
59214,10,9,2,37538.425185048494,1.0754144898834526,0.7008396048588096,94809.3488793388
89758,9,6,2,24996.02641892882,0.9900364215635324,1.0929054331107897,114311.74331054866
23047,11,5,2,11917.694076923279,1.0686812779752008,1.273949716389689,52431.18646063452
124007,13,10,5,36404.28914505648,1.10858079531762,0.6467401445234959,206919.89057034568
133378,9,11,2,61935.569833629124,1.2076451461500044,0.6911783547632732,121055.09609103484
99224,18,2,2,37471.88927516285,0.6820752765639713,0.9790805060974115,166845.50470868286
97764,11,6,1,86595.23715906966,0.9500419384349257,0.8658110297000439,139040.63501288174
104159,18,8,5,47356.688469707304,1.1279396718273296,1.1935767145079472,159891.36922827348
126934,8,10,2,57714.733911925665,0.6557831830982702,1.2783590127037285,155700.78255888645
81129,10,6,2,34023.05827460591,1.1818629172736386,1.2036368817989083,108556.735947407
48313,6,14,5,40329.716470577056,1.211810689464897,0.7752041450431527,66090.5787387666
45875,9,2,1,36458.8841692876,1.1214389384401935,0.7540568647702761,56262.27897686277
80734,18,15,3,31252.26560800469,0.7789604585636896,1.1836005584876679,104764.88860524299
116416,11,13,2,58811.38034790091,0.9809152017604206,1.2068920631702755,133690.78988423327
123797,3,12,1,53793.224385147645,1.2728056716603615,0.8586581385621097,134681.49456882232
109207,5,12,4,29496.123504533218,0.8847941578141274,0.6057436133278575,134914.0590685242
54746,11,9,4,44252.134005013926,1.114830401599308,1.051759546436339,74019.65511490536
129880,10,11,4,50965.43262566211,0.7041486773182277,1.1151527308106783,196889.463538199
101638,14,12,2,64434.20518627653,1.108860114959902,1.220253006138694,140606.64330224556
127013,16,14,5,93752.740847602,0.6396332276251332,1.0539154452855146,206505.10361215
103036,14,4,2,75235.78530957902,0.8512281789231952,0.7781053421914146,170287.56506425163
87331,11,10,3,41123.89634139014,1.1661489372154707,0.9485084605944069,84736.5826639998
101720,13,7,1,55600.77182450866,0.9479086076743043,0.6480590684383369,150204.9748664894
67207,17,15,3,29991.005054173813,0.8040735770128681,0.7194013476446872,127514.03994053564
107147,4,15,3,65745.58073755511,0.6281129065539667,0.7875745733181367,199751.46797605016
63224,17,12,1,31503.05517093982,0.6248278402437589,0.9484651190741715,121238.19746345781
111879,3,9,3,81534.01106580668,0.9129712087472086,0.7134495662585244,110861.48114478396
64494,17,12,2,48178.95615417239,1.1852727295520946,0.9768022774177303,73322.71185449846
89247,3,4,4,38707.334785944135,1.2863370140657828,1.1164957371833666,141314.14046051732
70005,7,5,2,21768.88938100871,0.6371553505374523,0.6827682407418864,94343.59147428109
62084,15,6,4,39456.21730910726,0.8467796985034038,1.1465399188330063,102893.61373292573
38589,13,9,2,21870.821843241883,1.0802315023579245,0.8998366457713717,75716.57140391014
40538,4,11,5,18826.80103347806,1.0158326880639161,1.24103036917578,71225.40052155025
84982,13,6,1,44875.33460230373,1.242029878128507,0.7422342234233673,98561.76768130131
45935,18,2,4,22912.78590405983,0.7055080312736849,1.2828319182792174,111176.42853162234
120749,12,10,2,39925.13506999359,1.0981824531528246,0.7365858457119645,132984.77062410975
68593,15,2,3,60384.499214027855,1.263489994417141,0.7697965235328704,82309.9676738058
37110,7,4,3,16548.81008281577,0.6133462553219214,0.8115069291929731,66455.74256001491
38278,18,9,3,9733.540478139681,1.1145507094072626,1.149746957778941,64296.61261575477
127071,14,9,2,107089.51640124369,1.1430489865893103,0.8036767025368576,112978.44258013189
85958,5,8,4,45054.75039325418,0.9529126294792074,0.8310023095638515,130907.10277633989
135511,11,12,5,64995.368442192565,0.9188977401263863,0.9246264609334545,183979.46035899947
40029,4,15,5,25095.9592102469,1.1185998830359027,1.0263068535875544,50819.435594579794
93246,3,7,2,62265.15716629919,1.058104164290614,0.8633931494019467,135967.91107104305
138614,7,8,1,110342.78860179591,0.7186057822016884,0.9151806849880333,201975.2047392155
25470,6,2,3,6207.617420022205,0.9486598017031723,0.9442275903206419,56834.22323674667
122581,6,14,2,45220.63325874844,0.7987497189780172,0.9354237710783206,195265.13502708398
145979,3,11,1,87102.99942185293,1.0959985236225391,1.2291912377344527,132777.78175582725
100525,9,3,3,53765.39931374584,1.2570856321376624,0.994791292744668,94806.09521975316
142863,14,2,1,124547.72595524699,1.1129483851621527,1.025480331859348,133137.5977584569
21102,8,12,3,9333.12189015855,0.8121308300990854,0.9442950428465369,34041.9630270865
84435,13,7,4,36933.548283557604,1.2066109455988614,0.9949895201892607,108597.93008245113
136712,17,9,5,63084.182774599765,1.0075791431669678,0.9781210423467277,152440.14159582488
21441,14,9,5,11247.237913512423,0.7613136599444845,1.146486528586761,68599.01745797848
22772,11,13,3,17806.233225493095,0.6382539253642753,1.2358122602272208,47699.89837861935
62428,17,13,4,22206.97584687749,0.854413534736534,0.8134327039448844,111350.65123096807
97800,15,12,4,76563.51936002084,0.7824871693053149,1.181118416593618,192973.2397306862
32232,11,12,2,28542.8195585343,1.1741740915763978,1.072556408224791,41851.840870357955
65353,13,14,1,18164.765868994065,0.737263178609139,0.9534780642174323,112438.45510037857
113045,9,2,3,27877.822801201375,0.9668054622084263,0.979961919258143,127375.377397651
97255,15,12,5,67677.38362795884,0.6575189366338439,0.6228718484480305,161716.01008471503
98140,17,2,1,70792.04337345454,1.249133146109438,0.9734011681856483,134082.72347286055
133337,17,3,5,88329.60295637442,1.2078669955233914,0.8023456718291828,155629.3809321247
77894,12,10,3,57924.589221806804,0.9036958822833066,0.6145181000410587,124043.03777536986
145989,9,3,1,94248.68290481114,0.7519705296056405,1.1835246958074936,205490.13694743207
55597,6,5,1,12519.379048458986,0.9242189381975653,0.7792958689551931,81386.84820295675
32604,3,5,3,18633.789993042614,1.0737397112378755,0.7726016137533596,44670.151002639344
119954,9,8,2,99709.97724403594,0.9133458631281017,0.8193653593414965,193866.82971954314
101358,11,4,5,59182.55347040879,0.8213511855351822,1.1888928366919567,137676.26863604016
43185,12,14,4,32820.32629120635,0.7389239237018669,0.6403456443303652,88325.20550654335
140242,18,8,1,110384.44838040131,1.0693101892625527,0.9795159876417058,201343.1155184211
123129,10,4,3,88456.47211229833,1.1063416605853043,0.8672623268863066,136044.80928922122
141837,3,5,4,80694.2155886172,1.24205179587636,1.160643909237025,115719.80864335058
64738,18,7,2,50734.29275408491,1.0405774063327085,1.273671382688032,107655.38408588163
98349,18,2,1,47059.4554461729,0.7829735122125777,0.9407933254181589,183908.25069607628
122076,13,14,1,65764.45327805482,1.1628303871613952,1.199812590189242,105057.26939808132
25581,11,2,3,18090.182930881445,0.7882788085650545,1.249306441660528,62023.04299035379
81556,9,7,2,71531.3138335812,0.7535546106332244,1.1200070792824515,150746.56990271612
35404,14,10,4,28968.11114508836,0.6360223620239234,0.7793721941114702,93783.5844480731
121632,16,14,4,40100.69162792286,0.713557124321795,0.8586453786577946,152040.6269551718
110408,12,5,2,67407.31801992274,1.0897608390156006,0.8796000114907494,127211.60204131836
69096,17,12,3,52259.18253297167,0.6705110655002072,0.7570166873278675,136204.2510774752
92372,16,15,4,59128.10197257389,0.6179647325817785,0.8129470549644421,164441.85230744438
89687,12,10,1,52968.72079633231,1.2584214400074476,0.7072438643553061,111570.32171059816
146644,18,15,5,44087.79115943184,0.6896722976986513,1.0213984680076855,200281.3152765996
143005,12,5,2,68491.51883805914,1.0093804542954934,0.8496272424804343,141455.82226458297
148240,7,5,4,67270.75456770755,0.7066974806196912,0.8442221983230354,223550.99075779947
23560,8,6,1,9809.649077544154,1.0228528679518143,0.6219039249924058,36997.85630080063
124476,7,14,5,66925.35654421768,1.0068244109960778,1.2658844846530215,167382.2128378194
129271,11,2,4,76667.72697043423,0.735218256365482,1.2941513051811286,195740.43280119577
33830,7,5,5,7111.953689674258,0.9418791517329137,0.9199438798930186,60279.41151059261
54754,5,5,3,47036.658521379286,0.6535447543106919,0.7079869467646138,100802.65927613633
116076,9,3,2,31612.985896362898,1.25585531647508,0.9785305083898764,168972.62026199012
41527,3,9,2,37316.54853845393,0.6904283839156853,0.6051473335640148,66151.37891804417
76947,15,13,3,63945.74751377729,1.2342412712322244,1.263921658739165,77850.78940404241
57432,7,7,5,42497.325172856,0.9537947788438133,0.913094315854899,92383.38929822188
125988,4,12,4,30431.686616340503,1.1358240559663815,0.8220972677757821,127949.9565816168
24831,14,13,1,11144.862007169357,0.8300775298759769,0.6038729087768243,38590.437600194535
41856,15,5,4,26073.961158142476,0.9918786250973497,0.9166473465969867,70945.43810648822
46966,13,5,4,11999.25875802968,0.8245016896809101,0.9791555152938407,78639.95445412063
48122,15,15,1,25690.3514123664,0.7043582415323651,1.2501534396649274,86336.19659858936
75429,4,4,4,42098.66787242489,1.234347825782168,0.917348730580487,114102.03036303648
21902,3,7,1,9430.469635839583,1.0654102341941947,0.7374279050181058,20414.934500490544
61477,11,4,4,22475.02302199139,0.9063401307660418,0.6086353443963737,106599.18649027187
147569,14,8,2,123191.5379294516,0.9624526440624198,0.6621983035368856,191677.72230393434
72643,3,7,1,21574.85439260072,0.7805052708669901,1.1579264727931466,84635.68546400226
60557,15,11,4,20801.515692220848,0.6211335524036289,0.7316549841118967,116411.1649322926
93455,18,15,4,77626.11522085422,1.15469923736205,0.614791048484716,160554.77765665425
144806,6,6,2,38069.35598401959,0.8142861445335006,0.6592097049496815,198341.75278699576
51880,13,11,5,45235.1885938212,1.184689958055926,0.8688786031537479,76305.42410873905
141552,10,11,3,34790.38356010245,0.914675304282182,0.7694501139044416,156661.43513792436
78698,13,10,4,48258.23328368321,1.055222196215854,1.251549800001679,97452.73404410221
125346,17,9,5,53289.115948237595,1.0375901459263244,1.2239980527936347,207710.802914863
101457,5,3,4,71293.75766893032,1.1067163559638733,1.2606065443264138,124923.24041625138
117388,14,14,5,70238.00746116565,0.6193153075929562,1.0854760721880132,241662.59101648562
118754,10,13,1,84908.61294701429,0.7458865352779666,1.1694138960371852,140746.53261785035
148514,9,14,2,69671.46273597257,0.865372317840247,1.2920403724185814,214005.06678167084
116363,3,13,4,27965.093266326177,0.6121922097588162,0.8221429055463776,178522.6113182131
39999,14,9,5,16125.931083433516,0.9849442072784852,1.080374435216389,92955.50002776651
126234,11,5,4,100797.91237440659,1.2392342844288422,0.8988907212052569,129635.01000082283
63386,9,11,3,20174.343073385997,1.1305457566813946,1.1318695209400373,69702.62346683643
38775,3,4,3,16517.234303845424,1.063443661914219,1.18197929956031,58567.92222077781
33153,3,8,2,26147.30492050648,1.22847111830266,0.9266029145242369,47828.44631438869
108972,14,10,1,28893.808323922844,1.1006388206602602,1.2432493851616921,115698.54520425983
31541,11,4,1,12069.237821441715,0.613931390226983,0.8841374942978713,53423.45107570953
83275,16,7,4,58836.09633034747,1.2846980049238208,1.1785180603881509,145324.92296730325
55485,18,3,5,16493.847798827086,1.083956246492798,0.7773363335325201,110393.95424058088
76168,14,2,3,54960.79405665217,0.9346671239730189,1.0847769864326047,127875.07274743174
22391,9,7,4,7487.504595652217,0.658421693984605,1.2893743158169018,50253.93511451095
103639,7,7,3,86254.28363918283,0.6349674332167811,0.7914623620948299,158564.75999662044
69779,15,9,2,30620.73540147851,1.2818577166532585,0.8534241542415297,78760.2089428479
71130,16,5,5,28147.649099389073,1.1629246561217301,0.8515841797624013,134942.9594825431
84024,15,2,1,55835.007381935735,0.834563873337043,1.1087197694367172,103333.92067750197
59084,16,8,3,45035.881791626816,1.0780218921228895,1.0744776284991766,90130.32463673787
68529,6,4,1,41366.28401267801,0.8808375362840418,1.076649329933429,96904.65329629862
21876,10,3,2,13224.112257917366,0.6843083135442852,0.9474897731341956,55707.06881727901
101019,7,6,5,30110.38440744259,0.8202185450272893,1.1013916024815456,168310.0733271824
33316,8,2,2,21791.226096542927,1.2691099425521326,0.7049811135115279,59440.67184100405
91373,3,4,1,27937.270198463073,0.7373196654949794,0.6088552350345535,141368.54782560866
131439,4,13,1,40589.09608891446,0.6947873846278734,0.9518776601213036,205980.19875132694
116256,14,7,5,44981.131018844404,1.095348263505983,1.2007837501466136,138108.41909286618
33074,5,8,5,21484.628007274467,0.7390118981316876,0.7388701083169752,61435.19687146455
73326,6,4,1,19536.989222028322,0.8912962286339834,1.252846793041936,117303.48961858623
100945,10,9,4,56245.219663283686,1.0599329206718109,0.8844431350334145,124131.67884718806
75988,12,7,1,37242.305101246144,0.870428861590617,1.2291724253166385,119984.54212612192
76812,13,7,4,52130.79057561378,1.2883871461420136,0.6046988684901097,110828.89961751792
140644,13,11,2,99732.66712028248,1.293356516287575,0.833921429904527,126110.63602859371
77181,11,2,3,17443.062219719122,1.236133085782074,1.020324234677414,95802.36318798328
96436,4,5,1,41618.43463356709,0.7366840831600632,1.0372136158273417,150572.54935870267
115776,11,2,4,87349.15151015704,0.6637916437075224,0.7777554879497357,213219.3463405755
95421,11,3,3,50470.81005489603,0.9108240611932442,0.6471907659997493,168819.54550806558
58521,5,12,5,31702.801863361634,1.2407985677702076,1.119021357117484,97385.13668351012
35196,18,2,4,27253.71404530527,0.8926920059700801,0.7702541165927216,91336.57338275471
143901,13,5,3,86598.31418738312,0.8314782352986725,0.7840929741047284,237618.74491865074
109079,6,14,2,27459.674541947228,0.8846528066188144,0.656062035192236,106318.13504372489
130862,3,9,4,99701.57267931076,0.6751298857344091,1.0847350653462313,195581.7416032268
100455,5,11,3,83061.4773145449,0.6555532907496548,1.153489462262098,147336.28343453957
32327,16,9,5,15011.978503494762,0.7256040535358925,0.6969184427394732,78164.04157914792
46450,9,3,2,25353.90571895628,0.8507091612006408,0.6462907014538812,85455.35589437859
94639,3,11,1,75102.28942494313,0.8974367793160074,0.6619198660361453,112244.5259457605
136985,9,9,1,83672.49042442147,1.0989012025497036,0.9907627275430396,177470.20319126244
64480,12,13,1,51552.92769349258,1.2917512937135236,1.2221455998700208,79230.65725989189
86431,16,13,4,38349.86006412927,0.772594261916109,0.716339764147103,165131.12339929692
129977,16,13,1,30653.170144768013,1.2395272952346126,1.284858112714868,173116.25321430748
43080,3,13,1,19090.922469081997,0.778411437811736,1.0626868413632709,38201.2977990862
93738,6,13,3,50572.55222978367,1.0083735395326097,1.0524690812456656,112210.73487252013
34201,17,4,4,19636.371958291853,1.1007464101249573,0.6275193191416035,66167.06022666556
131411,4,10,3,73306.72596359388,0.9332185347315967,0.6546193873159332,150271.25691713317
70559,10,4,5,40372.43415605029,1.0590105482358922,1.2076255481204545,102632.27828786359
106962,17,12,2,94264.38965931082,0.9461200817471724,1.182487443974476,119512.94316945651
87342,13,10,2,77743.68338559533,1.2786385129048545,0.7222217392545004,82704.81487935231
40635,13,15,4,9763.396704905776,1.217850705758324,1.1416069554137183,79472.79984574593
81378,4,10,5,32240.379795143766,1.1818531451990806,1.0929819303741732,128209.97482906614
79060,13,9,2,50066.184602608584,1.16555428868954,1.24627141194229,79729.83030146666
143460,5,11,4,45084.21546061025,1.156813750232664,0.7634567955199054,172036.6779296772
106663,4,12,2,59740.66787523225,0.9010123037410358,1.271477452615925,96726.39516797238
123655,7,3,4,85613.68146002763,0.7383653475667458,0.655742154013477,197826.6357154626
89221,9,7,4,72104.31565606422,0.9094656427356785,0.8405555357307236,159319.04301677717
45255,7,2,5,17491.83352644021,1.0834445008532092,1.0680929780989796,67152.4515720095
90445,6,14,4,65898.83582424895,1.0675926967522094,0.8478679732937566,110312.98147670028
137583,7,9,4,63827.80554619968,1.0449088319435802,1.063858622365111,136596.1623229202
136249,8,14,3,36194.08575756731,0.9614061243450237,0.6146067886403686,132340.2867236186
106475,8,13,1,29104.97782498001,1.1344899752589648,1.2792288474085511,120696.68941174095
35173,11,9,1,20843.843315185215,0.8849099422065946,0.6958273253698825,53697.2340032759
74867,12,13,1,17497.702713406088,1.0913741268474406,1.187457079250902,88480.3057273545
99355,15,10,3,82997.99328737514,1.2976148283567621,1.1237779444771174,144456.2713795215
133701,6,14,4,109132.23007171792,1.1780232927628131,0.9134744239727093,134663.12061087243
141366,4,11,5,90141.56992354241,1.235548656047147,1.0659889764493389,140119.9695371444
48897,17,8,4,35404.180475254725,0.8045836789671685,0.7615330855531124,93100.111698195
133751,18,4,1,92344.95252494901,1.2819751957071512,0.8226984702782473,139173.41615649135
25824,12,11,1,6068.796069824764,0.7841926046742608,0.6770034060753952,37593.17812600548
68408,12,12,2,50513.24719122981,0.9930468587558432,0.6580511948524717,104903.64296417226
83079,15,8,5,62646.56717693116,0.6981153927405439,0.9728802863236001,133408.16185656845
97887,5,8,4,55515.75733484359,1.170593707325939,0.907901864878813,104569.95522999084
146373,10,2,5,59915.25016278144,0.7109544412994806,0.6886544165877655,228266.17425825176
139189,8,8,3,63390.63472383775,1.0866685609032256,0.7251433781680157,203081.79780199224
49712,4,14,4,18904.46396532048,0.9296724151972928,1.1274647696225129,59543.6773812114
141445,5,15,3,90028.07028343336,1.2623477203667641,0.8327971578616421,175831.75370928756
131673,8,9,1,68563.95763515156,1.1505551348165999,1.2103452703440003,175747.6081736318
111076,15,9,2,66813.32851557611,0.820120130131788,0.608060473538357,151613.53770466542
44785,13,10,2,37027.00713817625,1.208509551068068,0.738478452843738,62996.58538716901
101027,18,3,1,49304.65005978459,0.7936920838224548,1.1085423078808772,124851.88809445521
38326,15,11,4,30921.350399192932,1.031956739518042,0.753067804995272,78942.74504581501
22745,11,3,4,17183.63993553484,1.1940024454348164,1.0825478770110633,57898.80493346391
140005,7,12,4,110743.82882409332,1.057066138493805,0.8562183004667263,193140.046852939
128010,14,7,2,34046.756584515584,1.0539757716891096,1.0242272929680913,149015.53129325958
25319,15,9,2,5360.214257435,0.6570788131603111,0.8274273401199039,53122.50856441479
89794,14,9,1,54554.17149833349,0.7892492908824078,1.2910205579549494,157815.25919081166
50135,17,15,1,30805.05120645515,1.1351583239603311,0.7808041725782149,80241.09594984668
141551,11,3,4,90823.5674104672,0.7669221193990654,1.0392518912872561,210815.11075109855
108517,12,15,2,21745.34806870012,0.6528711014645839,0.8188077196077519,125534.49344063785
49615,3,7,4,25269.117834856374,0.7762290609031817,0.7022484014884689,70736.05326027423
122833,3,9,1,64619.909714333044,0.829904772191462,1.2842133596318448,192100.27145719147
73329,11,12,3,35874.19660679575,0.9563821103639863,1.2844527456581258,79629.43602994936
72945,15,13,2,32671.412529695273,0.7016827211817771,0.6002640986198,102619.65162598605
115139,13,8,5,40731.48729392963,1.037684892133148,1.2772869999891614,170579.37037965772
122171,13,10,5,100334.66399594472,1.2327934463086816,1.104372614884236,144605.56738857095
133188,17,14,3,61479.721268920366,1.1313245897597715,0.6713862887014266,211020.96619131402
68749,10,3,5,34618.788459175004,1.177816666357848,0.8144468473171658,119510.39789210627
83772,16,12,2,47274.483888086055,1.269191510288657,1.2666427090865628,110652.63923673326
146807,4,12,1,42085.28641558171,1.012363411490635,1.212537193115448,148121.39585862454
60457,11,5,1,36190.09000468792,1.2132140159071068,1.265725034376881,68626.26272751861
148429,7,13,1,54246.05002688313,0.6807726404958332,1.2131826435244166,179518.5391785624
140563,5,2,4,51845.38245831577,1.2551823827636028,0.8582459357162906,178723.36460920676
121684,6,11,1,70118.53754257981,1.0824539467093097,1.227344327194402,132618.83569588832
131787,9,13,1,51907.196267722364,1.0095710289875224,0.8872950203790707,139422.92219802688
26484,5,5,1,6434.479290452885,0.7129016848192283,0.6349412616943715,46863.50339762557
71759,6,12,4,39471.8705027725,0.9915149293207525,0.6106981995738818,111154.76836560185
102337,16,2,5,86491.76096819215,0.7849481782745643,0.7538457037661468,179802.02801104492
47949,17,10,2,27018.044025630752,1.1338796234074988,0.9298132004075088,68427.30022162238
124230,11,7,1,45257.14949372829,1.0878304932543563,1.0107515212520708,118979.60291733927
61322,5,11,1,26431.86641338219,1.0740604713350286,0.9359573272098078,63720.29087299504
138942,16,15,1,118650.5301735435,1.1106985147060813,0.8129303554476159,199404.44854429446
138477,14,11,2,51835.558115918364,0.7200618245851065,0.8628062393642544,223921.3755982311
107002,6,11,1,95131.94957631547,1.1243655430548334,1.1968192240543314,83943.13751451089
124857,4,11,5,63834.70416297719,0.7772692708859021,1.1957699864173312,220489.01861788833
112132,8,2,5,87211.09982233362,0.6729181383622813,1.1962738716833015,229203.9570609407
22498,10,9,3,12502.010609462508,0.8796847857960801,0.8238354707445263,48377.30369966828
64764,17,3,3,27594.51416474511,1.2045404379698978,0.9403815635305592,111809.3974377881
127772,3,10,3,48289.45076311814,0.9543141575976601,0.7533135298900372,121623.48259995517
56858,17,8,5,48477.287876994844,1.0614811281494174,0.933898128379909,111872.81658747637
62191,9,3,4,27722.143315985813,0.8652048506817562,0.667645148253919,90305.24514557609
124199,9,7,2,43385.072111753354,1.2769739402352491,1.1620086472587623,131764.77275947965
43505,15,2,1,25170.979040966136,0.6208968354127118,0.841653864734838,86957.87420312945
45588,3,6,1,24026.988867519274,0.9123959808870392,0.6342652900689738,53918.042447728534
40978,7,5,2,33420.62951974298,1.1086149235801124,1.1671423681840458,55817.01289177543
40898,6,4,5,28338.197393402206,0.9190165441221193,0.7268286105156807,76920.47645031968
93005,6,13,5,47862.20041439591,1.0659938736979706,0.7626323333319672,149680.45382271512
50876,12,6,2,18839.780510814413,1.1176171035272833,1.010407799557379,90295.80230451738
110737,14,9,1,36178.81671305505,0.9009913575012378,0.6267505102421055,112180.12194627679
100370,16,4,4,46863.5269572376,0.8630893121941747,1.0626423502097313,151037.14586459278
29899,8,15,2,19847.37363403709,1.2373592520834074,1.082127465204501,34521.83574885535
143721,10,8,4,65614.85501899973,0.8730640807633145,0.8140254419393222,203558.66622076803
25930,17,12,3,15917.864163744143,0.9392555849538728,1.2117500517192283,53447.09724564599
136486,14,14,4,99416.01465244753,0.9557378508009129,0.7877218556176665,146828.2300425214
105115,13,11,1,54684.5267170094,0.8943445511643783,1.1759250993043784,112625.96590017149
86577,14,6,4,31762.5674351887,0.8124539850560125,0.6676411870860781,167791.26177185765
54792,13,3,1,41722.36353079553,0.6539658879697687,1.184195326056166,87075.67141552483
130812,5,4,3,104829.48868370312,0.9730263947232964,0.8963405781970868,183360.69415216614
106676,15,14,4,82716.92026715091,1.1466387475726831,0.9715661250700571,121916.01282672786
134099,17,2,3,45191.183931366024,1.2709242979493567,1.0258590518317754,182545.1301541729
28515,7,12,5,20231.34664067275,1.1866344821488297,0.6117303650528276,53100.45613528485
92518,9,6,4,62947.11647690026,1.1114188017172513,1.0420981957952793,98017.83224939885
142126,16,12,4,34578.739929552015,0.7297542110371676,0.8042869644957561,203825.76402922688
38031,17,14,2,20196.766073486582,1.0118508216419007,1.2832984899274402,54928.32259050181
36179,6,13,3,18201.591373253228,1.0088157176839607,0.6431375540146406,51893.34023142126
88192,10,10,3,18575.934867166976,1.0476249366826698,1.1552577728300135,144388.70899844426
128297,14,6,1,85166.62699984222,0.7939554640888342,0.834999440485777,158455.9382851306
57166,5,3,4,19866.251314376623,0.9080045911629957,0.858295416416523,96493.88971824906
60071,15,14,3,22613.342089291793,1.1028095843978802,0.6528153255629953,91134.05657497661
120959,6,10,1,40762.75209991893,1.163307727248982,1.026774449622084,130702.20715732433
22424,4,7,1,10135.350415344361,1.1802011777644072,0.7497716756092184,36111.53123649934
65796,13,15,1,28894.423656177994,1.0118105327225495,0.7763271763755499,76486.99360897666
89306,15,7,1,53984.92822113365,1.0285886927390706,1.099240618918289,123907.36247760696
112390,4,2,3,73032.25861386622,0.7028612024997213,0.6035147267621458,163296.59063710814
141537,8,3,1,109006.95099273241,0.7680558226713593,1.2250477332460874,166290.79943534895
146328,6,2,2,117916.42116239753,1.0725499498684978,0.9087315949819066,166496.59056414283
117675,11,6,4,53268.5380678784,1.1043265628558971,1.1997418671241857,161379.3241712319
39412,4,13,5,14945.058968109894,0.8282568432280972,0.8241636055660257,51608.1651089444
79253,6,6,3,63104.43835445546,1.1030309737103332,1.1148949378056066,112185.72887111014
38861,11,11,2,8151.417902235375,1.2930367044437379,0.9115667707695494,58905.48911804042
47790,18,12,4,33804.614291209364,0.7875847408156152,0.7537644100909061,95452.3685082731
146661,6,10,5,42197.586054043604,1.0416099634073857,1.1562312223266302,231160.46503099904
105960,15,15,2,33605.79448366622,1.2393861649619258,0.9650719667683646,163306.32550889096
64250,13,6,2,27199.783067876237,0.8808156105255152,1.069244240780731,110544.6596631769
131553,12,12,3,63598.07449732565,0.7419367988449322,1.1158352535652396,197573.5266572722
33194,5,9,4,7778.817096177138,1.127058112921088,0.837084440857941,51475.842733847465
75153,10,14,2,19631.71628024294,0.6438114953206959,1.0018624760729482,111515.38747862903
36965,18,5,1,25968.64932513564,0.9276798823432101,0.9245760216125682,72633.35005353292
115121,16,15,1,26349.84312002079,0.8672190837628664,1.2155709895544127,164470.1993532264
90187,6,3,1,38312.831002996594,1.1387061595245371,1.249194899427252,83614.93223486847
120801,17,6,3,71867.57658979436,0.784635068912185,1.2684876518042816,149679.31137593352
40142,6,8,3,15692.309070943582,0.7599854419026383,1.0264066843082398,63294.31686139012
133897,8,10,3,42985.15138559567,0.7881584102300652,1.162993343868579,150908.40948126698
43889,6,8,5,11400.319991835137,0.9361565176393607,0.7318860963516491,63106.024929601146
53069,11,9,5,12917.057713891492,0.8728092051646628,0.7908464488327303,79637.06794124856
62474,4,2,2,20645.46677906066,0.8694814355153134,0.6567446340722414,79686.58085563582
109758,17,8,3,44467.960131844266,1.2908462717731513,1.23687312054611,129188.55282010128
50996,11,2,4,27777.511662431207,1.2049320343428778,0.689329819240359,99506.68328560988
109645,4,5,4,35784.00665762038,1.2952953455310128,1.0331287563757041,143460.75425893255
72557,8,15,3,21886.474576504523,0.9372507002328105,0.7590038687307861,111734.9292694262
145048,5,15,2,121521.13293675032,1.1605977156657374,0.7062580078296403,121591.50925533773
54823,11,11,5,38438.60546645927,0.6855889773060311,0.8856775643733396,105495.86179579984
71147,11,5,5,37879.472935866725,1.0031477234969937,1.044177769825135,102205.48454662444
62126,12,12,5,35098.96748093295,0.6604290322140702,0.6709039079227415,114865.75627042208
20877,17,10,1,4487.958073321978,1.0187981623840332,1.2999736623182412,43131.4492946625
26084,3,2,4,5980.718785292613,0.8840463890183774,1.1986339195404434,53052.93792492092
71503,5,4,5,38318.25403885511,0.6157443462791178,1.1136146276110928,151942.66493789805
146360,8,7,5,125770.952289507,0.8638711749788942,1.1362170423379938,245537.37937161687
81636,13,14,3,17906.11872600494,0.8837836594933197,1.0981426009218513,134241.026998838
108021,11,8,1,73773.07169998279,1.293304933965457,0.779107277948326,153002.70294143358
36615,15,12,2,24239.65617235065,0.9758190771658917,1.0303312067179773,59568.23008784131
35199,6,6,1,8834.028057031426,1.2609420073521345,0.887928625264302,50091.90817566232
107281,17,7,2,38155.672776235006,0.9173601862889877,1.1157975752074631,173850.56169318527
41651,15,15,1,29697.820032760806,0.9423858246034758,0.6015899251365168,75921.32923527443
60857,10,10,3,38447.637866908,0.6678962428684343,0.8830118344978162,87955.31193417411
64010,7,5,5,57283.516353758605,1.1266450904763903,1.2763909588423132,81494.05826244758
146077,11,6,1,50544.48546711756,0.7562241263371969,0.7591404317448917,193715.40546601854
56058,9,9,5,37752.092543430655,0.7405069650527638,0.6924632982909238,93941.46246487787
21635,3,9,3,7447.5886365961305,1.27150390516513,1.2503549000931864,33669.746786578275
84781,18,3,3,63675.35036587451,1.272571499740104,0.7950134952227286,107207.34346431648
39634,18,12,1,17745.822634309236,1.2245565854074338,0.8662412276317324,51773.801853190336
66187,3,11,2,46228.14492716523,1.0674647314487729,1.1691968049049266,85644.95277200102
20140,15,15,4,8799.484893496085,1.1730105225394198,0.8054326417166736,49755.47371224441
29673,3,5,4,25980.28899445529,1.023955559553912,1.0733217519734157,54984.73663501656
25474,14,7,1,10351.481078950706,0.7589557633974569,0.9645522722044823,51418.946449637246
30347,8,14,4,14886.5090556155,1.282946305963212,0.9215502598313844,44801.827757081344
103128,12,10,4,32994.49722405112,0.6231437756628168,1.0529310872851352,168085.80187455195
54220,16,3,1,31949.152612165126,0.74895639900855,1.2864130447438624,97882.49476963065
103262,8,6,3,29855.63406442977,1.0756914356489136,0.6427528633886695,132908.46285359503
105128,17,9,1,75174.2771394178,0.6937651431466734,0.852525165822314,189429.19578759608
57378,8,4,3,49363.052829414286,1.2612215083869522,0.8083471895726925,77849.03166590878
117851,7,7,3,73684.89885922667,0.8434859742543029,0.8435928323542907,203673.6858904227
22081,16,5,2,18462.46189451965,1.208004367388793,0.9099051390885824,46249.79411771296
113440,14,6,1,77549.8454484195,0.7690776445662174,1.1431934056934243,165271.7008314484
37882,13,9,5,15623.961916417642,1.1565869451493627,0.8810157139530297,84028.45214040205
128911,10,6,2,69989.87734855487,1.1974396430264593,0.7921370232846648,164997.17914306506
114739,15,10,3,50676.64666756826,1.2883926478170884,1.080366539854856,131498.74727210932
80189,13,8,3,21922.201834369174,0.6425775235322562,0.6232254316059808,103151.0861604382
29146,11,8,3,7733.296523569454,1.1427584474852694,0.6668716761311114,49275.17843441726
138782,4,15,5,94505.1080570351,1.1756510539241465,0.715579463079748,127591.97060497137
145659,6,11,5,124549.1162121271,0.818362452985447,1.0162327706928111,188150.2022892491
31272,14,3,2,9678.383773395572,0.6271374619643774,0.9311238195067225,62144.53540037938
111636,15,15,1,73112.57081123507,1.0137916680534973,0.9704593749934751,155609.33116632013
62893,15,3,4,14125.523824492875,1.065517264255163,1.1290745183940079,88629.40663356861
62197,15,9,2,17551.122310217386,1.247287613069183,1.1633228913136677,99673.22563456878
98628,15,13,1,29902.007277660152,0.9757174459969749,0.6017833955095856,163958.17992202143
38825,14,3,5,13841.016082533984,0.8218892538308837,0.9319429503174586,91648.37724314717
52717,13,7,3,24408.129928179624,0.942969565615374,0.8968258238222828,79042.74277240093
148218,10,14,5,57612.261221599496,0.9646675374017151,1.1646061635191913,241389.31548323407
29586,8,4,1,22499.854110840362,0.8173897750755221,1.0587029023672976,46768.88051603669
87354,15,13,3,78288.95654248347,0.6002670454241857,1.1910675053901825,173747.68024943818
28414,15,15,2,11539.66927494762,1.2809941059533485,0.8410900631710067,46768.79004499382
71152,17,14,1,27839.913933719352,0.9852886306107878,0.9445220707732461,116956.00675682978
43625,12,8,1,28485.903398922423,1.0789776514986622,0.9912312673163194,72653.80143381524
74157,13,10,5,55345.08596457696,1.2452999693030877,0.8101730432710661,99622.40605224122
116152,17,2,2,28812.84969628752,1.2158951010092305,1.0838362693241033,186466.50983280787
135867,13,12,2,33819.9340318531,0.8670832864331756,1.0108492852790267,148391.9798736139
49215,14,14,2,26606.396321671607,0.722170987803975,0.9209654865920824,79700.11408940607
132967,12,12,2,83683.72582950737,0.9140620658995728,0.8579167430193979,215765.71560667283
126221,11,8,2,35662.49973921295,0.6537737381665398,1.1584091359794715,141539.34399400826
92369,14,6,2,56662.82227078376,1.0424588238253731,0.6344304361376725,103149.2607886244
79306,14,2,1,38673.995498482516,1.2285379545232202,0.8045879919029348,115498.96169298125
115184,13,6,1,85900.38651267617,1.078284123847726,1.0215499753839552,121420.39000343456
82224,12,5,3,39627.27157866404,0.7786095056481541,0.9787799620311928,130075.10553324947
123808,17,6,3,25668.88914424984,0.6972754724822212,1.0920730558959135,220697.61543844076
