PV,EV,AC,time,CPI,SPI,QPI,velocity,status
61050,38069,77528,6,0.49103549685275,0.6235708435708436,1.179243272516711,33,Critical
16324,10822,88618,12,0.12211965966282246,0.6629502572898799,0.8442695898335569,27,Critical
54295,29746,72232,5,0.4118119393066785,0.5478589188691408,0.5608772497727597,43,Critical
49965,14903,111222,1,0.13399327471183758,0.2982687881517062,0.7647374637192219,47,Critical
61790,30490,74494,5,0.40929470829865494,0.49344554134973295,1.1124179824104528,41,Critical
41579,8288,35667,5,0.2323716600779432,0.19933139325140095,1.1169009277317774,27,Critical
50254,10528,77959,8,0.13504534434766993,0.20949576153142038,0.5437963762237897,8,Critical
46032,32196,80656,10,0.39917675064471336,0.6994264859228363,0.7079761373469732,55,Critical
55711,11948,49558,6,0.24109124662012188,0.21446392992407246,1.2179660735447357,33,Critical
58975,23871,32444,11,0.7357600789051905,0.4047647308181433,1.0792392996426776,47,Critical
91476,55693,90199,1,0.617445869688134,0.6088263588263588,0.5097755232448183,55,Critical
35460,29196,57770,12,0.5053834169984421,0.8233502538071066,1.2018755100849725,5,Critical
90852,16398,65090,12,0.25192809955446305,0.18049134856690002,0.9369189377669268,60,Critical
31473,22499,93902,10,0.23960086047155546,0.714866711149239,0.9546509357772137,47,Critical
81074,71490,87213,9,0.8197172439888549,0.8817870093988208,0.7946133452276842,6,At Risk
66142,58905,101045,4,0.5829580879806027,0.8905838952556621,0.5097511579988916,49,Critical
33905,18905,101310,6,0.186605468364426,0.5575873764931426,0.5598514768723273,42,Critical
42773,25107,77537,11,0.323806698737377,0.5869824421948425,1.2676932312327622,25,Critical
57146,25944,86847,7,0.29873225327299735,0.453995030273335,0.6881267059546923,34,Critical
55226,19604,78621,1,0.24934813853804963,0.3549777278817948,1.2956979166683045,22,Critical
23631,18297,28345,3,0.6455106720762039,0.7742795480512885,0.6025681364382603,26,Critical
77818,69417,84910,7,0.8175362148156872,0.8920429720630189,1.1659192850423037,37,At Risk
21428,19872,83758,12,0.23725494878101197,0.9273847302594735,0.532822549017846,60,Critical
44261,21271,14927,8,1.425001674817445,0.48058109848399266,0.9058781054504378,60,Critical
65249,12197,101367,12,0.12032515512938136,0.18693006789376082,1.038940715114045,25,Critical
19106,18941,53131,2,0.3564962074871544,0.9913639694336858,0.8884602408166613,46,Critical
89205,27623,103568,10,0.26671365672794684,0.3096575304074884,0.5430423816417356,56,Critical
34321,14082,68158,10,0.20660817512250945,0.41030273010693163,1.2318731923186594,39,Critical
76292,41185,94098,10,0.4376819911156454,0.5398337964662088,0.895200954145873,32,Critical
38484,13458,35201,4,0.3823186841282918,0.34970377299657,0.6526243345696163,10,Critical
59916,45806,93329,3,0.490801358634508,0.7645036384271313,0.8666315965572685,20,Critical
53991,45326,113616,12,0.39894029009998594,0.839510288751829,0.6140583707965706,10,Critical
67887,28941,61407,8,0.47129806048170403,0.42631137036546024,0.7011264230783076,54,Critical
99063,58724,60554,5,0.969779040195528,0.5927944843180603,0.8407331956056379,43,Critical
81162,69950,13914,9,5.02731062239471,0.8618565338458885,0.9030046869279758,54,At Risk
33916,10684,100367,10,0.1064493309553937,0.3150135629201557,0.706234157415605,27,Critical
76946,60487,54715,12,1.1054920954034542,0.7860967431705351,0.8460429051146303,23,Critical
78810,62312,95700,10,0.6511180773249738,0.7906610836188301,0.7571590243932311,21,Critical
32522,23285,73321,2,0.3175761378049945,0.7159768771908247,0.5339985030725034,47,Critical
47700,38657,32138,8,1.2028439853133361,0.8104192872117401,0.5108061298807728,49,Critical
35906,26924,21987,7,1.224541774685041,0.7498468222581184,0.6300531020237499,57,Critical
15980,12050,18870,9,0.6385797562268151,0.7540675844806007,1.0532573658867799,33,Critical
84811,84523,100519,1,0.8408659059481292,0.9966042140760043,0.780328585643866,5,At Risk
43478,18212,75491,8,0.24124730100276853,0.4188785132710796,0.7354816245281277,41,Critical
95016,72617,70312,1,1.0327824553419047,0.764260756083186,0.5200876484617956,37,Critical
14364,10960,87109,12,0.1258193757246668,0.7630186577554998,0.5297650124087232,35,Critical
94289,23336,47857,9,0.4876193660279583,0.24749440549799023,0.7745641220393976,10,Critical
31558,8555,51625,11,0.1657142857142857,0.27108815514291146,0.6423248754203525,51,Critical
48445,24747,109283,5,0.22644876147250717,0.5108267107028589,0.6947419631715799,32,Critical
61867,40992,18126,6,2.2615028136378683,0.6625826369469993,0.6944890537691039,15,Critical
96822,21190,18012,2,1.1764379302687098,0.21885521885521886,1.0637789345792488,53,Critical
42620,12512,101537,12,0.12322601613205039,0.2935710933833881,0.9009871709479943,45,Critical
40783,22325,30378,8,0.7349068404766608,0.5474094598239463,0.9948682820751991,27,Critical
71419,10837,37773,8,0.2868980488708866,0.1517383329366135,1.2165453771198393,57,Critical
75091,51105,16276,1,3.13989923814205,0.6805742365929339,0.813890167089619,19,Critical
68345,66685,27282,12,2.4442856095594165,0.975711463896408,0.9949335824983545,42,At Risk
58333,30326,79321,10,0.3823199404949509,0.5198772564414654,1.114413381523655,39,Critical
36403,18363,13738,1,1.3366574464987626,0.504436447545532,0.9461999210478935,45,Critical
24961,17520,22870,12,0.7660690861390468,0.7018949561315653,0.857710570115207,41,Critical
62801,35894,101681,11,0.35300596965018044,0.5715514084170634,1.2170470848895434,13,Critical
99722,11122,42655,3,0.2607431719610831,0.11153005354886585,1.0457181536101983,7,Critical
68426,39539,62569,11,0.6319263533059503,0.5778359103264841,1.2123465596747889,17,Critical
28329,13380,22978,9,0.5822961093219602,0.4723075293868474,1.2983622146025606,35,Critical
71872,36865,75801,9,0.48633923035316157,0.5129257569011576,1.1983938440369997,51,Critical
53415,37251,100764,10,0.36968560200071454,0.6973883740522325,1.1934769963619543,23,Critical
25875,13719,53737,10,0.2552989560265739,0.5302028985507247,1.143269492788468,60,Critical
30779,29434,49789,3,0.591174757476551,0.9563013743136554,1.1038752770821334,40,Critical
19738,18709,28324,6,0.6605352351362802,0.9478670584659034,0.5648464109651536,28,Critical
18901,8759,85863,10,0.10201134365209695,0.4634146341463415,0.6288918738078675,21,Critical
34152,16804,69670,10,0.2411942012343907,0.4920356055282267,0.8028057888267349,46,Critical
93466,59696,32697,6,1.8257332476985657,0.6386921447371237,0.9862013617290121,38,Critical
97425,45767,78954,8,0.5796666413354612,0.46976648704131385,0.9844793216079811,47,Critical
54150,25791,26588,4,0.970024071009478,0.47628808864265926,0.837105514284041,51,Critical
96743,37839,69517,6,0.5443129018801156,0.3911290739381661,0.5275415250567803,57,Critical
41776,30075,102872,1,0.292353604479353,0.7199109536576025,0.789825674680646,28,Critical
32681,13299,73434,11,0.18110139717297163,0.4069336923594749,1.176442495166775,17,Critical
43284,34839,115841,3,0.30074843967161885,0.8048932630995287,0.7418459429783156,26,Critical
39413,22022,51927,2,0.424095364646523,0.5587496511303377,0.7285237393886458,29,Critical
53185,24000,116187,6,0.20656355702445195,0.45125505311648023,0.9572687940671327,43,Critical
64524,10237,95626,1,0.10705247526823249,0.1586541441944083,0.9608326523313238,24,Critical
85220,44130,14110,8,3.1275690999291283,0.5178361886881014,0.8142659794682103,24,Critical
91106,32291,44616,1,0.7237538102922718,0.3544332974776634,0.8072330284992741,28,Critical
41229,14880,27186,6,0.5473405429265062,0.36091100924106817,0.9190892168721679,55,Critical
51694,22841,117388,9,0.1945769584625345,0.44185011800208923,0.5833962498787818,12,Critical
80036,59719,35656,11,1.6748653803006506,0.7461517317207257,0.8101006987948391,6,Critical
76426,32283,99332,6,0.3250010067249225,0.4224086044016434,0.7451786511881497,9,Critical
92666,16097,41720,6,0.3858341323106424,0.17370988280491226,0.7519961145384686,55,Critical
77716,59263,87340,7,0.678532173116556,0.7625585465026506,0.6089647220949321,33,Critical
55176,11150,71202,10,0.15659672481110082,0.2020806147600406,0.5010887696900281,31,Critical
79054,70124,106722,3,0.6570716440846311,0.8870392390011891,0.8591809151426217,53,Critical
73117,44811,20855,8,2.148693358906737,0.6128670487027641,0.992779149148332,24,Critical
39572,12871,66616,6,0.19321184099915936,0.3252552309713939,0.8150051877031053,58,Critical
32246,11001,18057,4,0.6092374148529656,0.3411585933138994,1.0674169856269116,53,Critical
75597,43727,24916,8,1.7549767217851984,0.5784224241702713,0.8824055503576926,33,Critical
93955,52743,49082,12,1.074589462532089,0.5613644829971794,0.8456917267099797,38,Critical
34711,25868,60591,3,0.4269280916307702,0.7452392613292617,1.0535254082516459,15,Critical
39118,19009,10043,10,1.892761127153241,0.4859399764814152,0.9327380606108894,51,Critical
44416,40797,39923,1,1.0218921423740701,0.9185203530259366,0.6147288906887411,23,Critical
41525,27286,78873,11,0.34594855020095594,0.657098133654425,0.789230020347722,43,Critical
71841,23027,11725,10,1.9639232409381664,0.32052727551119836,0.8364856240786547,45,Critical
25886,19361,64964,2,0.29802659934733083,0.7479332457699143,1.1054138942462797,34,Critical
47662,14278,24496,11,0.5828706727629,0.2995677898535521,0.623807785474907,56,Critical
37873,17544,43558,6,0.40277331374259606,0.4632323819079555,0.9386433377336654,37,Critical
67173,13487,47831,10,0.2819719428822312,0.20078007532788472,0.6757917292167621,17,Critical
84635,26623,81228,6,0.3277564386664697,0.3145625332309328,1.1567136037519472,27,Critical
20995,18517,14309,12,1.294080648542875,0.8819718980709693,0.8309217801064279,6,At Risk
20225,8502,104274,8,0.08153518614419702,0.4203708281829419,0.6233229814616553,17,Critical
10926,10037,92528,6,0.10847527234999135,0.9186344499359327,1.1764079100636717,9,Critical
63694,11540,110206,6,0.10471299203310165,0.181178760950796,1.0431366433459448,5,Critical
42690,17176,77402,8,0.22190641068706235,0.40234246896228626,0.5551868118852035,11,Critical
67641,24762,30519,5,0.8113634129558636,0.36607974453364084,0.5568174519019984,50,Critical
90543,43078,11971,6,3.5985297803023975,0.47577394166307724,1.2863863240383695,54,Critical
75756,30886,49743,12,0.62091148503307,0.4077036802365489,0.5222799939992941,24,Critical
68661,38426,79394,9,0.48399123359447815,0.5596481263016851,0.8841335153865604,32,Critical
37119,26088,95052,10,0.2744602954172453,0.7028206578841025,0.5084929806313749,34,Critical
97685,81028,76626,3,1.057447863649414,0.8294825203460101,0.7016535080708913,34,At Risk
95192,81930,54025,11,1.5165201295696438,0.8606815698798218,0.7020756894446383,14,At Risk
72996,17769,95243,10,0.18656489190806674,0.2434242972217656,1.2148850835365006,29,Critical
79093,29225,70797,9,0.4127999774001723,0.3695017258164439,0.9881907589287545,12,Critical
22129,9017,116463,4,0.07742373114207945,0.40747435491888473,0.6252172001535865,47,Critical
60974,20181,60079,1,0.33590772150002496,0.33097713779643784,0.560453759290547,41,Critical
55775,33281,115086,4,0.2891837408546652,0.596701030927835,0.6912620320888221,45,Critical
83365,75293,16264,1,4.629426955238563,0.9031727943381515,1.1251934355085342,58,At Risk
98749,84346,70318,11,1.1994937284905713,0.8541453584340094,0.6032474215939465,41,Critical
29513,26870,71143,7,0.3776900046385449,0.9104462440280554,0.9427045208884421,47,Critical
76345,55633,101675,1,0.5471649864765183,0.7287052197262427,0.7329173831752013,46,Critical
55874,52354,10758,10,4.866517940137572,0.9370011096395461,0.9006690302658265,30,At Risk
24594,9999,81454,3,0.12275640238662312,0.4065625762381069,0.5429196408097517,16,Critical
91435,87513,108031,3,0.8100730345919227,0.9571061409744628,1.1998471782952418,58,At Risk
72906,9881,49085,2,0.20130386064989303,0.135530683345678,0.9817943247063314,56,Critical
12119,9160,92445,8,0.09908594299313105,0.7558379404241274,0.9297604083704811,55,Critical
72892,51347,100067,1,0.5131262054423537,0.7044257257312188,0.8469195903295877,35,Critical
47631,12399,71078,3,0.1744421621317426,0.26031366127102096,0.5315272140566399,27,Critical
19160,8279,18271,8,0.4531224344589787,0.432098121085595,0.7974522933946392,41,Critical
68072,49778,104461,8,0.47652233848038983,0.7312551416147608,0.975349721260957,24,Critical
84518,24439,62150,12,0.39322606596942883,0.28915733926500864,1.0881705567996196,38,Critical
31154,27598,89160,7,0.309533423059668,0.8858573537908455,0.5730191158668769,52,Critical
79235,71357,67142,11,1.0627773971582617,0.9005742411812961,0.5092910039745507,36,Critical
24874,20322,102492,8,0.19827889005971197,0.8169976682479698,1.174020642566115,41,Critical
92195,47594,85619,8,0.5558812880318621,0.5162318997776452,1.0111294460396203,22,Critical
48370,46864,16354,10,2.8655986303045125,0.9688649989663014,0.6276045364545577,11,Critical
46987,29721,14113,4,2.105930702189471,0.6325366590759146,0.5219247318711374,47,Critical
49410,10370,65265,2,0.1588906764728415,0.20987654320987653,0.9953325689902004,44,Critical
58534,29097,64175,2,0.45340085703155436,0.4970957050603068,1.1876595791163287,54,Critical
86476,26421,12126,4,2.17887184562098,0.30552985799528193,0.830080336490642,47,Critical
68419,42181,56295,12,0.7492850164312994,0.6165100337625513,0.6427440802947316,37,Critical
36814,31816,72570,4,0.4384180790960452,0.864236431792253,0.7294793880944387,60,Critical
53517,18594,92901,11,0.2001485452255627,0.34744100005605694,1.1154570577892682,33,Critical
74562,16780,78580,7,0.21354034105370323,0.22504761138381482,1.2766010592984884,37,Critical
77380,51326,31205,10,1.6448005127383432,0.6632980098216593,0.9457556594389622,18,Critical
81749,60097,57770,7,1.040280422364549,0.7351404910151806,1.2310870432102716,47,Critical
57666,50692,23863,3,2.1242928382852115,0.8790621856900079,0.7609157316668732,56,At Risk
66043,25185,82823,6,0.3040821993890586,0.38134245870114925,0.9835227657751161,55,Critical
79444,19437,58526,4,0.33210880634248025,0.24466290720507528,0.761743543040305,5,Critical
63973,59870,48611,12,1.2316142436897,0.9358635674425149,1.2622287988693857,5,At Risk
87798,58945,20213,10,2.9161925493494287,0.6713706462561789,0.532846635926547,27,Critical
34994,20909,52671,10,0.396973666723624,0.5975024289878265,0.8885207393196646,18,Critical
62616,58650,117425,6,0.4994677453693847,0.9366615561517823,0.5451855598373972,9,Critical
44535,23838,99574,11,0.23939984333259687,0.5352643987874706,1.2281073068224102,6,Critical
81936,11477,66103,9,0.17362298231547735,0.1400727396992775,1.2750253327117935,16,Critical
23241,15058,42442,2,0.35479006644361716,0.6479067165784604,1.2802179215850877,10,Critical
70319,64595,39365,1,1.6409246792836276,0.9185995250216868,1.2237383645522004,32,At Risk
45784,16861,80347,5,0.20985226579710506,0.36827275904246026,0.8567331575867556,39,Critical
96397,18956,106490,10,0.1780073246314208,0.19664512381090699,1.0824415624707995,53,Critical
35059,14718,85003,12,0.1731468301118784,0.41980661171168604,1.270888126539615,22,Critical
53121,37020,112716,7,0.32843606941339293,0.6968995312588242,0.7791750724807864,58,Critical
95847,95097,60223,5,1.579081081978646,0.9921750289523928,1.0773376931438503,43,At Risk
51000,8505,70600,4,0.12046742209631728,0.16676470588235295,0.7483800800444074,52,Critical
94508,83099,11088,3,7.494498556998557,0.8792800609472214,1.251844009752133,8,At Risk
96451,80913,53870,9,1.5020048264340078,0.838902655234264,0.6237131852339833,58,Critical
38403,11897,110875,9,0.1073010146561443,0.3097935057156993,0.7870058533923923,27,Critical
24419,20658,68107,6,0.3033168396787408,0.8459805888857037,0.6940201602805767,39,Critical
40940,30474,118567,1,0.2570192380679278,0.7443575964826575,0.7626847620182644,26,Critical
62418,11757,85694,10,0.13719747006791608,0.1883591271748534,0.6146275816540281,23,Critical
74350,66803,59410,2,1.1244403299107895,0.8984936112979153,0.8075641943919629,47,At Risk
26829,10855,67573,9,0.16064108445680966,0.40459950054045996,1.2773850881282334,34,Critical
22501,11935,13542,2,0.8813321518239551,0.5304208701835474,0.5150404298613154,28,Critical
52238,30351,52714,12,0.5757673483325113,0.5810138213561009,1.105669107204796,56,Critical
57130,39896,69008,5,0.5781358683051241,0.698337125853317,0.9241505591491214,54,Critical
31010,19828,59129,9,0.3353346073838556,0.6394066430183811,0.8795105777739958,57,Critical
95121,42477,107945,12,0.39350595210523875,0.4465575424985019,0.9731958689869245,29,Critical
27725,14905,29305,4,0.5086162770858216,0.5376014427412082,0.8716816351028647,21,Critical
88554,86414,88460,5,0.9768709021026453,0.9758339544232898,0.9318428608193872,39,At Risk
26806,10464,119839,3,0.08731715051026795,0.39036036708199656,1.2129078167672878,41,Critical
58492,8304,106562,10,0.07792646534411891,0.14196813239417355,1.0463368443539738,60,Critical
43076,38302,116553,1,0.3286230298662411,0.8891726251276814,0.8969714456804898,6,Critical
68350,8580,104153,10,0.08237880809962267,0.12553035844915875,0.6115665714269346,32,Critical
20538,12202,61781,1,0.19750408701704408,0.5941182198850911,0.6323116076936007,41,Critical
48269,39683,20030,4,1.9811782326510234,0.8221218587499223,0.86789519563097,6,At Risk
73068,47348,25560,12,1.8524256651017215,0.6479991241035747,1.1034958760731606,20,Critical
39893,25987,104926,8,0.2476697863256009,0.6514175419246484,0.5136486262159781,16,Critical
88328,77577,52675,4,1.472747982914096,0.8782832170999004,0.5691305468293775,32,Critical
90041,77241,25058,7,3.0824886263867826,0.8578425383991737,1.211160351655097,24,At Risk
54310,45529,41305,4,1.1022636484687083,0.8383170686798012,0.9143744969153305,45,At Risk
94799,49672,34308,7,1.447825580039641,0.5239717718541335,0.6754717565358708,15,Critical
56851,49520,82167,9,0.6026750398578504,0.8710488821656611,0.5052727443511638,19,Critical
15068,10687,93282,7,0.11456658304924852,0.7092513936819751,0.8245607203670128,46,Critical
67164,62972,10175,5,6.188894348894349,0.937585611339408,0.9338513244100843,30,At Risk
67345,58723,27840,9,2.10930316091954,0.8719726780013364,0.653990100624971,59,Critical
14209,8309,54024,2,0.15380201391973938,0.5847702160602435,0.5551330932501934,47,Critical
57619,17606,10863,7,1.620730921476572,0.3055589302139919,1.246505747709366,40,Critical
40296,28944,58692,1,0.4931506849315068,0.7182846932698035,1.1645163671004926,53,Critical
75846,38308,46371,4,0.8261197731340708,0.5050760752050207,0.8732580017198038,18,Critical
20784,18683,44127,10,0.4233915743195776,0.8989126250962278,0.579090868257763,27,Critical
22769,18855,60115,9,0.3136488397238626,0.82809960911766,0.9411192135928498,18,Critical
67980,57469,95677,12,0.600656375095373,0.8453809944101206,0.962544994216649,22,Critical
33647,20063,25763,6,0.7787524744789038,0.5962790144738015,0.8411722944762552,45,Critical
22345,11790,41015,11,0.2874558088504206,0.52763481763258,0.7115740625230017,35,Critical
84636,31503,53102,12,0.5932544913562577,0.37221749610094995,0.9706295740599076,52,Critical
83895,15332,100744,5,0.15218772333836258,0.18275224983610466,1.060629135726388,50,Critical
73922,32864,82672,2,0.3975227404683569,0.4445767159979438,0.6233307992076363,53,Critical
74822,21141,37054,11,0.5705456900739462,0.2825505867258293,0.7260623296455655,56,Critical
19160,18742,64008,4,0.2928071491063617,0.9781837160751565,1.147124158989957,11,Critical
87549,40805,87025,6,0.4688882505027291,0.4660818513061257,1.2633146080701272,53,Critical
36787,24749,29708,3,0.8330752659216373,0.6727648354038112,0.9876585941205295,14,Critical
44548,44226,34010,10,1.300382240517495,0.992771841609051,1.0577496910623867,12,At Risk
44286,9294,53240,5,0.17456799398948158,0.20986316217314727,0.7938089002205968,14,Critical
89108,39242,42997,12,0.9126683256971416,0.44038694617767205,0.601740558067289,20,Critical
12789,11914,64459,12,0.18483066755612096,0.9315818281335523,0.5526951097958012,44,Critical
27268,8264,24530,12,0.3368935996738687,0.30306586474989,0.9845135340750517,25,Critical
50090,11222,116220,10,0.09655825159180864,0.22403673387901776,0.7492174780937655,11,Critical
48059,27400,10479,2,2.6147533161561216,0.5701325454129299,0.9931682828116213,40,Critical
92573,36464,80039,7,0.45557790577093665,0.3938945480863751,0.6637947161424145,9,Critical
83114,19257,72071,3,0.2671948495233867,0.23169381812931636,0.762898893805344,58,Critical
94630,48142,90933,1,0.529422761813643,0.5087393004332664,1.2567859757426845,46,Critical
25261,18313,89099,9,0.20553541566123076,0.7249515062744942,0.7171663004061335,37,Critical
15821,15029,21311,6,0.7052226549669185,0.949939953226724,0.878806533889309,46,Critical
35128,25840,45675,1,0.565736179529283,0.7355955363242997,0.7112134076465857,10,Critical
76385,25561,37771,5,0.6767361203039369,0.33463376317339794,0.6571712725651964,20,Critical
37732,9340,61198,5,0.1526193666459688,0.24753524859535672,0.6696405950725082,51,Critical
61851,22771,71583,4,0.3181062542782504,0.36815896266834813,1.105518732783191,48,Critical
48047,18495,47969,12,0.38556150847422294,0.384935583907424,0.7788435740197472,13,Critical
94540,20387,111945,10,0.18211621778551967,0.2156441717791411,1.178615410184041,6,Critical
47389,41648,88168,7,0.4723709282279285,0.8788537424296777,0.5563877928523258,39,Critical
16374,15884,51694,5,0.3072697024799783,0.9700745083669232,0.9037597209920956,56,Critical
99861,96742,99920,10,0.9681945556445156,0.9687665855539199,1.0985579750625631,8,At Risk
56806,15699,103387,1,0.15184694400649984,0.2763616519381755,1.2588420660504411,15,Critical
37004,22299,13048,3,1.7089975475168608,0.6026105285915037,1.256677037127985,48,Critical
62918,27916,10515,10,2.6548739895387543,0.4436886105724912,0.962511051929378,45,Critical
20148,10082,44688,12,0.22560866451843894,0.5003970617431011,1.2549337045167652,12,Critical
38584,29802,63972,10,0.46586006377790284,0.7723927016379847,0.8014028811500844,16,Critical
19086,12002,119768,4,0.1002104067864538,0.6288378916483286,0.8956267987083392,21,Critical
72805,19470,98201,12,0.19826682009348173,0.26742668772749123,1.103646911659579,50,Critical
84170,40000,116033,5,0.34472951660303536,0.47522870381371035,1.2881913538305378,5,Critical
94982,64050,78200,4,0.8190537084398977,0.6743382956770757,0.9507779843805733,36,Critical
38510,8087,91083,2,0.0887871501817024,0.20999740327187744,1.078373253729792,55,Critical
62150,47401,12864,5,3.6847792288557213,0.7626870474658085,1.2724567495746872,14,Critical
87966,29410,11471,10,2.563856682067823,0.3343337198463043,1.1081699793269277,46,Critical
72475,29608,112559,8,0.26304427011611686,0.40852707830286306,1.2321221586376954,54,Critical
40605,20955,41506,2,0.5048667662506625,0.5160694495751754,1.2877850077511346,21,Critical
27120,21901,44373,3,0.4935659071958173,0.8075589970501474,0.5924376736813358,40,Critical
10916,9793,73189,4,0.13380426020303599,0.8971234884573104,1.2856489066113759,29,Critical
69224,18033,100802,3,0.17889526001468226,0.26050213798682537,0.5371815056796714,55,Critical
67544,39289,20996,9,1.8712611926081157,0.5816800900153973,0.6966449560659101,33,Critical
77173,41861,80159,10,0.5222245786499332,0.5424306428414083,0.835843304038129,10,Critical
86709,21690,22177,9,0.9780403120349912,0.2501470435594921,0.6069460567537572,35,Critical
95578,12979,119239,2,0.10884861496657973,0.13579484818682125,0.5901630228006337,16,Critical
71092,33799,37331,9,0.9053869438268464,0.47542620829347887,0.712626799055499,50,Critical
40851,12492,88163,2,0.14169209305490965,0.3057942278034809,1.1099647540154978,42,Critical
60847,42766,94665,12,0.4517614746738499,0.7028448403372393,0.8612063280827331,11,Critical
87356,14680,108791,1,0.13493763270858802,0.16804798754521727,1.2894171177821048,55,Critical
82813,58192,43414,7,1.3403971069240337,0.702691606390301,1.152066976092822,11,Critical
73613,58934,49965,6,1.1795056539577704,0.8005922866884925,0.7257137347539295,52,At Risk
14345,12507,16440,12,0.7607664233576642,0.8718717323109098,0.5942671384421965,10,Critical
71719,23522,9115,9,2.5805814591332967,0.3279744558624632,0.5483096925396967,13,Critical
29553,20484,27197,11,0.7531713056587124,0.6931276012587555,0.6978875085702705,21,Critical
72184,8351,34277,8,0.24363275665898415,0.11569045771916214,1.0605074706167095,40,Critical
43167,29171,32771,11,0.8901467761130267,0.6757708434683902,0.7784458066665245,51,Critical
63086,41110,102094,1,0.40266812937097185,0.6516501283961577,0.8574757073317318,48,Critical
33887,23755,22932,10,1.035888714460143,0.7010062855962463,0.6231866647192744,12,Critical
34303,33031,83037,4,0.39778652889675686,0.9629186951578579,1.1273174533531682,50,Critical
89636,22209,89215,12,0.24893795886341982,0.24776875362577536,1.237185970645454,51,Critical
43110,30588,14218,1,2.1513574342382893,0.7095337508698678,0.7542663482626053,9,Critical
62149,53081,10027,11,5.293806721851002,0.8540925839514715,1.1454499680843488,16,At Risk
55953,9834,87235,12,0.11272998223190234,0.1757546512251354,0.7410566373304575,59,Critical
82394,36806,69424,3,0.5301624798340632,0.4467072845110081,0.7519862569826394,11,Critical
56201,25283,78987,3,0.32009064782812363,0.4498674400811373,0.6392359326831851,59,Critical
77917,20859,20444,8,1.02029935433379,0.26770794563445716,0.7538162396316929,59,Critical
16459,8750,96671,4,0.09051318389175658,0.531624035482107,1.1394652450137763,49,Critical
63749,50334,41914,3,1.200887531612349,0.7895653265149257,0.7414116595615858,6,Critical
26629,20566,101872,4,0.20188079158159258,0.7723158962033873,0.5969896584014567,10,Critical
77179,61681,24907,6,2.476452402938933,0.799194081291543,0.9099167970668751,19,Critical
21259,15738,85999,7,0.18300212793172013,0.7402982266334258,0.5391352428742853,11,Critical
77203,11588,71924,11,0.16111450976030253,0.15009779412717122,1.266087719914232,40,Critical
57597,15992,53113,5,0.30109389415020804,0.2776533500008681,0.9591427146645539,28,Critical
52605,8876,41107,6,0.21592429513221592,0.16872920825016632,0.541998927213435,37,Critical
30520,21066,23992,12,0.8780426808936312,0.6902359108781128,1.1276618157354759,43,Critical
56560,35161,23114,4,1.521199273167777,0.6216584158415842,1.0231343247646794,43,Critical
82387,17617,102712,12,0.1715184204377288,0.21383227936446284,0.9817476974848074,49,Critical
53967,22274,76766,10,0.2901544954797697,0.41273370763614803,0.5231681767366595,7,Critical
23475,15530,15766,9,0.9850310795382469,0.6615548455804047,1.2727477159508678,23,Critical
22128,8319,12628,9,0.6587741526765917,0.37594902386117135,0.824007318507901,16,Critical
98733,88364,84503,9,1.0456906855377917,0.8949793888568158,1.1435307256809693,11,At Risk
93698,72071,16987,1,4.242715017366221,0.7691839740442699,0.6709451351326476,26,Critical
19547,19037,102498,2,0.1857304532771371,0.9739090397503454,0.8927375651367131,26,Critical
30930,15355,118280,2,0.1298190733851877,0.49644358228257357,0.9895289685947343,13,Critical
76243,24039,17342,5,1.3861722984661515,0.31529451884107396,0.946382939801178,28,Critical
77466,72868,108452,12,0.6718917124626563,0.9406449280974879,0.5292573918255269,17,Critical
43946,26206,19062,6,1.3747770433322841,0.596322759750603,1.2940036925256497,21,Critical
87762,27579,61859,7,0.4458364991351299,0.3142476242565119,1.069588371831672,55,Critical
68339,10430,117094,8,0.08907373563120229,0.1526214899252257,1.1401807709206104,49,Critical
72438,68753,106054,4,0.6482829501951836,0.9491289102404815,0.7935878634293969,49,Critical
61952,47678,75101,1,0.6348517329995605,0.7695958161157025,0.716938605127351,51,Critical
35996,34064,24011,12,1.418683103577527,0.9463273697077453,1.1950777666379047,51,At Risk
72919,16833,93325,12,0.18036967586391642,0.23084518438267118,0.9063132962572633,18,Critical
87738,44931,102408,10,0.4387450199203187,0.512104219380428,1.119571449385258,7,Critical
83779,54452,82684,7,0.6585554641768662,0.6499480776805644,0.8518652375770339,24,Critical
22016,13865,43438,7,0.3191905704682536,0.6297692587209303,1.29162700283638,38,Critical
66158,39106,85644,9,0.45661108775862874,0.5911000937150458,0.6009542899443141,56,Critical
59753,46663,113506,3,0.41110602082709286,0.7809315013472127,0.8394537752558895,22,Critical
95136,62241,85274,4,0.7298942233271571,0.6542318365287588,0.6551580429132308,19,Critical
11407,9066,14499,6,0.6252845023794744,0.794775138073113,0.5162780955613022,40,Critical
86671,41730,40101,7,1.0406224283683698,0.48147592620368984,1.2424367823407487,24,Critical
38623,19143,97540,5,0.19625794545827352,0.4956373145535044,1.0318815933837504,44,Critical
62114,15559,98722,12,0.1576041814387877,0.2504910326174453,0.9473012414172297,11,Critical
40839,39940,20287,1,1.968748459604673,0.9779867283723891,0.5966131366493793,32,Critical
43665,9343,59934,1,0.15588814362465378,0.21396999885491813,1.2268941153278718,23,Critical
65448,24243,42869,6,0.5655135412535865,0.37041620828749544,1.1922952642490992,53,Critical
81645,49628,112179,4,0.44240009270897407,0.6078510625267928,0.5895668988761213,42,Critical
58370,32260,109838,10,0.29370527504142463,0.5526811718348467,0.5866143649116567,53,Critical
15408,11181,55579,1,0.20117310494971122,0.7256619937694704,0.6449023220256377,37,Critical
10943,9903,38065,7,0.2601602522001839,0.9049620762131043,0.8651667715524846,10,Critical
39400,9076,40953,8,0.22161990574561083,0.23035532994923857,1.0721832130968727,12,Critical
97300,24209,28819,11,0.8400360873035151,0.24880781089414183,0.5291543935052535,33,Critical
22531,17860,50245,1,0.3554582545526918,0.7926856331276907,1.1629936342273397,9,Critical
83978,77583,15007,6,5.169787432531486,0.9238491033365882,0.555763534164702,26,Critical
45677,17501,72652,8,0.24088806915157188,0.38314687917332574,1.2903844735529546,51,Critical
47500,45718,78968,2,0.5789433694661128,0.9624842105263158,0.8962928946124087,12,Critical
17823,15473,21892,9,0.7067878677142335,0.8681478987824721,1.2744992761122287,39,Critical
52265,12859,52058,2,0.2470129470974682,0.24603463120635224,0.7174351988699028,37,Critical
41300,17205,84265,4,0.20417729781047886,0.4165859564164649,0.6578845841481761,39,Critical
55195,35200,113991,11,0.30879630848049405,0.6377389256273213,1.17370094809801,27,Critical
72168,13567,66253,12,0.20477563280153352,0.1879919077707571,0.6352215719255113,55,Critical
47499,24881,82299,5,0.3023244510868905,0.5238215541379818,0.6359289064600009,57,Critical
17564,11877,68315,10,0.1738564004976945,0.6762127078114325,0.7656894128756138,36,Critical
66761,28185,118529,2,0.23778990795501523,0.42217761866958253,0.5592692197039568,30,Critical
38595,37279,22461,11,1.6597212946885713,0.9659023189532323,0.6927781011308258,46,Critical
86882,30022,111087,11,0.2702566456921152,0.3455491356092171,0.9936750275247613,30,Critical
83004,54326,90101,9,0.6029455832898636,0.6544985783817647,1.0837620487090025,55,Critical
35718,19906,14814,9,1.34372890508978,0.5573100397558653,0.7706323078489101,44,Critical
45953,23220,13799,1,1.6827306326545401,0.505298892346528,0.9957580164661339,56,Critical
84325,47179,73881,6,0.6385809612755647,0.5594900681885562,0.9860789417090954,6,Critical
18168,8078,13862,7,0.5827441927571779,0.444627917217085,0.7714212708773347,42,Critical
32133,28483,16200,5,1.75820987654321,0.8864096100581956,0.5867623199296599,29,Critical
43568,26992,113905,6,0.2369694043281682,0.6195372750642674,1.058008666181753,26,Critical
33305,29406,104963,7,0.280155864447472,0.8829304909172797,0.674712727502029,54,Critical
85297,13020,39062,6,0.33331626644821055,0.152643117577406,1.2147529121963232,22,Critical
36946,17657,81185,11,0.21749091580957072,0.4779137119038597,1.1983851434628439,57,Critical
90505,54459,32809,9,1.6598799110000304,0.6017236616761504,0.9454178319711606,36,Critical
13226,12955,114020,7,0.11362041747061918,0.9795100559504007,0.9749693997792589,28,Critical
61726,22131,15895,11,1.3923246303869141,0.3585361112011146,0.5199871712997683,42,Critical
84067,56828,35191,8,1.6148447046119747,0.6759846313059822,0.8900659309388981,5,Critical
81829,72410,96848,2,0.7476664463902197,0.8848941084456611,1.0668661020490675,22,Critical
76273,9315,45607,1,0.20424496239612341,0.12212709608904855,0.6342990615033783,38,Critical
65655,10127,67831,1,0.14929751883357167,0.15424567816617166,0.8297597790202671,9,Critical
84107,40204,74806,10,0.5374435205732161,0.4780101537327452,0.590333816943412,34,Critical
95469,51380,69007,12,0.7445621458692596,0.5381851700552012,0.9300689365636888,53,Critical
51544,8996,55946,7,0.16079791227254853,0.17453049821511718,1.2738876798922303,25,Critical
75574,42946,108930,4,0.39425319012209675,0.5682642178527006,1.073213217561336,27,Critical
95947,45316,13945,1,3.24962352097526,0.472302416959363,0.6189720852670291,21,Critical
41890,20976,29798,5,0.703939861735687,0.5007400334208642,1.2994575054941415,27,Critical
91939,37705,22744,2,1.6577998593035526,0.41010887653770434,1.2365692221208042,10,Critical
20772,11195,47104,8,0.2376655910326087,0.53894665896399,1.0232226149473895,14,Critical
18499,12682,94733,4,0.13387098476771558,0.6855505703010973,0.6481100282745242,39,Critical
44163,28387,14735,2,1.9265015269765864,0.642777890994724,1.2068036597808987,7,Critical
40510,10673,77634,8,0.13747842440167968,0.2634658109108862,1.292566630545333,22,Critical
74517,51204,79856,7,0.6412041675015027,0.6871452151857965,0.5707586625649019,25,Critical
12570,10601,97707,1,0.10849785583428004,0.843357199681782,0.8384673640127045,18,Critical
61487,45710,93370,9,0.48955767377101855,0.7434091759233659,0.6153645116478901,7,Critical
21604,10881,79268,11,0.1372685068375637,0.5036567302351417,0.6709462087303162,16,Critical
62237,29096,85258,1,0.34127002744610474,0.46750325369153395,0.6058539453570196,19,Critical
10904,8048,22128,6,0.36370209689081706,0.7380777696258254,0.7753517812150383,21,Critical
78993,70583,10167,4,6.942362545490312,0.8935348701783702,0.8113819035829202,19,At Risk
38191,10896,72835,7,0.14959840735909932,0.28530282003613416,0.8207202261734301,11,Critical
58635,15865,113860,7,0.13933778324257862,0.2705721838492368,1.0683977914843896,35,Critical
80566,25283,81419,8,0.31052948329014113,0.31381724300573444,0.5108377015660442,42,Critical
36075,19647,48073,10,0.4086909491814532,0.5446153846153846,0.7497027710155453,7,Critical
61818,56561,88489,12,0.6391867915786142,0.9149600440001294,0.8184226325100965,17,Critical
70514,14310,64625,5,0.221431334622824,0.2029384235754602,1.2470655134237338,45,Critical
54433,43697,17157,3,2.546890482019001,0.8027667040214576,0.8569549343031277,30,At Risk
22297,14220,60132,4,0.2364797445619637,0.6377539579315603,1.053745997559636,46,Critical
28148,14503,25603,4,0.5664570558137718,0.5152408696887878,0.6297851702739182,33,Critical
16496,10874,107459,9,0.10119208256172121,0.6591901066925315,1.1608131659564562,60,Critical
93991,34619,66828,6,0.5180313640988807,0.3683224989626666,0.6624565193183996,9,Critical
60129,49193,90322,8,0.5446402869732734,0.8181243659465482,0.6779350883633062,54,Critical
30389,26638,19088,1,1.395536462699078,0.8765671789134226,0.5165326735978024,52,Critical
37172,30970,95465,11,0.32441208819986384,0.8331539868718391,0.8522361143291001,20,Critical
90373,72453,69144,7,1.0478566469975703,0.8017106879267037,0.8540254807894032,43,At Risk
94067,86159,33466,2,2.5745233968804158,0.9159322610479764,0.8988299545942581,28,At Risk
93773,25608,29903,6,0.8563689261946962,0.2730850031458949,1.2209584335225325,53,Critical
23655,16307,111281,11,0.1465389419577466,0.6893679983090256,1.1266397152833152,48,Critical
72413,31829,19514,11,1.6310853746028493,0.4395481474320909,1.0951791338124086,13,Critical
39865,18298,103167,7,0.1773629164364574,0.45899912203687443,0.5682746085181369,17,Critical
25230,15375,32149,5,0.4782419359855672,0.6093935790725327,0.822954647987012,10,Critical
30083,28172,75465,9,0.37331213145166636,0.9364757504238274,0.6246857689719506,9,Critical
68013,19081,28781,8,0.662972099649074,0.28054930675018014,0.6043312569879129,39,Critical
47126,29332,32287,8,0.9084770960448477,0.6224165004456139,0.7785755454467913,27,Critical
84795,22430,60152,3,0.37288868200558584,0.2645203136977416,0.6364182387799404,10,Critical
63628,22619,39576,4,0.5715332524762482,0.3554881498711259,1.167912092189309,35,Critical
57176,45012,30268,1,1.487115105061451,0.7872533930320414,1.233673714412733,35,Critical
48062,46399,67151,12,0.690965138270465,0.9653988598060838,0.7101644246362542,35,Critical
38118,19734,61792,3,0.31936172967374415,0.5177081693688022,0.8881457627385931,20,Critical
73180,49342,39764,11,1.240871139724374,0.6742552610002733,0.7114697692935599,27,Critical
73411,9349,61991,9,0.15081221467632397,0.12735148683439812,0.8692183278939952,29,Critical
13167,13134,38202,2,0.3438039893199309,0.9974937343358395,0.9295257107418814,9,Critical
46808,21127,54877,9,0.3849882464420431,0.4513544693214835,0.5180954489876645,6,Critical
27423,11057,55502,7,0.19921804619653347,0.40320169201035627,0.5180598481649499,32,Critical
94047,37138,29935,1,1.2406213462502087,0.3948876625517029,1.1598658435969118,5,Critical
61803,16526,18899,1,0.8744378009418488,0.2673980227497047,0.9242802376510055,18,Critical
97627,41949,69321,11,0.6051412991734106,0.42968645968840585,1.1599964266515264,53,Critical
73703,18826,97569,3,0.19295062981069808,0.25543057948794484,0.7911071208952861,31,Critical
25463,23394,81652,10,0.2865085974624014,0.9187448454620429,0.7814226498828996,29,Critical
81935,80290,50093,12,1.602818757111772,0.9799231097821444,0.6262977364806905,44,Critical
96233,46428,44341,5,1.047067048555513,0.48245404383111823,0.6371185312141529,28,Critical
62678,43131,21659,10,1.9913661757237175,0.6881361881361882,1.131173692724792,39,Critical
52626,28350,100940,10,0.28085991678224687,0.538707102952913,0.5123193500661843,47,Critical
66659,15559,97622,12,0.15938005777386244,0.23341184236187162,0.5487599194744806,11,Critical
34820,19999,50793,4,0.39373535723426456,0.5743538196438829,0.7026295358699388,11,Critical
10879,8786,58781,6,0.14947006685833858,0.8076109936575053,1.12480487416989,10,Critical
96444,24566,77919,7,0.31527612007340955,0.2547177636763303,1.1482485106422935,33,Critical
64756,44310,12802,3,3.461177940946727,0.684260917907221,0.7604497996938024,58,Critical
98843,79748,42286,3,1.8859196897318262,0.8068148477889178,1.0497247189026773,16,At Risk
35761,15294,46740,12,0.327214377406932,0.4276726042336624,0.627839346406503,58,Critical
80366,41556,12522,1,3.3186391950167704,0.5170843391483961,1.0947221397860698,28,Critical
93285,49364,49697,9,0.9932993943296377,0.5291740365546443,1.1500571307541705,59,Critical
12870,8766,105093,10,0.08341183523165197,0.6811188811188811,0.8852986663085514,5,Critical
81011,42662,94016,10,0.4537738257317903,0.5266198417498859,1.0310471672362294,24,Critical
31286,20251,36422,6,0.5560101037834276,0.6472863261522726,1.055805554765743,58,Critical
42988,13751,111732,11,0.12307127770021122,0.31987996650227973,0.5557111673211264,27,Critical
80560,15202,99618,4,0.152602943243189,0.18870407149950347,1.2220181452057184,31,Critical
27427,11104,73508,5,0.1510583882026446,0.404856528238597,1.2490748386149857,49,Critical
27594,12122,116916,12,0.10368127544561907,0.43929839820250777,0.9338119752096083,57,Critical
88835,22170,102823,7,0.21561323828326348,0.24956379805256937,0.601192865525496,49,Critical
30693,15786,85677,8,0.18425014881473442,0.514319225882123,0.5691535059582264,50,Critical
84497,56176,62285,12,0.9019185999839447,0.6648283371007254,0.9341559496529439,44,Critical
45667,11879,92050,4,0.12904942965779467,0.2601221888891322,1.169720815002562,23,Critical
30249,29455,42974,5,0.6854144366361056,0.9737511983867235,1.1934519434133732,51,Critical
78822,32431,108327,9,0.29938057917232086,0.41144604298292353,0.8394990204757395,27,Critical
46557,23807,111707,4,0.21312003724028036,0.5113516764396331,0.8197099486388915,16,Critical
21188,16182,115858,8,0.13967097654024754,0.7637341891636775,0.7206806768464971,23,Critical
30332,14051,15260,10,0.9207732634338139,0.4632401424238428,0.9107046989627168,58,Critical
82221,23463,104127,5,0.2253306058947247,0.28536505272375673,0.7279388078806743,10,Critical
25766,13167,57238,11,0.23003948425870924,0.5110222774198556,0.9866355371306414,13,Critical
20662,12747,104432,1,0.12206028803431898,0.6169296292711257,0.8914621641174625,31,Critical
73438,53164,119463,1,0.445024819400149,0.7239303902611727,0.9085555456083927,26,Critical
93863,74403,107730,5,0.6906432748538012,0.7926765605190543,1.2107041847710907,48,Critical
31311,30423,111128,12,0.2737653876610755,0.9716393599693398,0.9898456692705723,20,Critical
13264,9971,33010,8,0.3020599818236898,0.7517340168878166,0.8885732581835804,38,Critical
23174,15663,39476,12,0.39677272266693686,0.6758867696556485,0.7064683611711933,17,Critical
78597,71628,12892,12,5.556003723239218,0.9113324936066262,1.0681489315535613,54,At Risk
45417,31856,67286,10,0.47344172636209614,0.701411365788141,0.9980102049471642,49,Critical
13929,12783,94868,3,0.1347451195345111,0.9177256084428171,0.634572489381877,29,Critical
77950,34955,97126,2,0.3598933344315631,0.4484284797947402,0.8862875705535098,11,Critical
97807,56869,94269,1,0.6032630026838091,0.5814410011553365,0.5291213155528026,6,Critical
94923,13313,103213,8,0.12898568978713923,0.1402505188415874,0.6568161486105917,29,Critical
28046,17790,52087,6,0.3415439553055465,0.6343150538401198,0.777602184829644,22,Critical
12114,10686,67895,3,0.15739008763531925,0.8821198613174839,1.29096702244621,26,Critical
50942,44490,101810,10,0.4369904724486789,0.8733461583761926,0.5615229190914717,7,Critical
25523,11322,81858,11,0.13831268782525838,0.443599890295028,0.8595000958262826,49,Critical
10303,9494,101960,3,0.09311494703805413,0.92147918082112,1.0995546300682295,22,Critical
79483,64276,69436,10,0.9256869635347659,0.8086760690965363,0.8169131300126606,22,At Risk
76988,21473,51171,9,0.41963221355846086,0.278913596924196,1.1438416663416766,13,Critical
92168,23557,44940,5,0.5241878059635069,0.2555876226022047,1.1241395503199443,37,Critical
42299,9000,54556,2,0.16496810616614122,0.21277098749379417,1.2180987522128954,53,Critical
82467,52899,82910,5,0.6380291882764444,0.6414565826330533,0.8029592518808579,56,Critical
81127,33468,13213,6,2.532959963672141,0.41253836577218433,0.6615854374084711,55,Critical
27031,16721,32735,12,0.5107988391629754,0.6185860678480264,0.5194133525433939,26,Critical
93767,53922,68736,11,0.7844797486033519,0.5750637217784509,1.0013871825658913,28,Critical
21740,10871,32012,7,0.33959140322379106,0.5000459981600736,1.0544592621252495,15,Critical
90248,86849,78433,1,1.1073017734882,0.9623371155039447,0.7785030871220019,30,At Risk
60788,31706,55360,12,0.5727239884393064,0.5215832072119497,0.8217389571426736,39,Critical
62618,38810,21600,8,1.7967592592592592,0.619789836788144,0.5966764755099729,33,Critical
15936,8155,27958,6,0.2916875312969454,0.511734437751004,1.0344838893498607,59,Critical
97533,29400,48454,8,0.6067610517191563,0.3014364368982806,0.8666889007726901,38,Critical
88559,61759,103446,2,0.5970168010362895,0.6973768899829492,0.9444841412148615,44,Critical
47805,38193,23883,2,1.5991709584223088,0.7989331659868215,0.9611578536490408,43,Critical
20373,11986,23298,10,0.5144647609236844,0.5883276886074706,0.5984400746185875,43,Critical
48153,22002,34466,5,0.6383682469680264,0.4569185720515856,0.664159606485552,52,Critical
89326,13266,20362,1,0.6515077104410176,0.14851219129928575,0.8230364191720474,20,Critical
55988,35985,30400,12,1.1837171052631579,0.6427270129313424,0.6907367467585706,24,Critical
83958,80748,81736,10,0.9879123030243712,0.9617665975845066,0.7298499908691712,21,At Risk
79290,40464,47734,12,0.8476976578539406,0.5103291713961408,1.2543522508338398,49,Critical
80462,69504,86940,7,0.799447895100069,0.8638114886530288,1.1374098491012026,52,Critical
35962,21717,76652,3,0.28331941762772006,0.6038874367387799,1.2299208873989467,37,Critical
70982,40133,63292,4,0.6340927763382418,0.5653968611760728,0.7479608408396354,27,Critical
38510,31588,100564,9,0.31410842846346604,0.8202544793560115,0.7599814571896524,31,Critical
88644,64700,41332,2,1.5653730765508564,0.7298858354767385,0.8104694647644355,19,Critical
85698,14597,13867,8,1.0526429653133338,0.1703306961656048,1.110658990844454,57,Critical
38220,10735,12465,10,0.8612113918973124,0.2808738880167452,1.2765041940572113,29,Critical
96318,77960,94221,6,0.8274163933730272,0.80940218858365,1.2585376774415273,43,At Risk
47350,33734,74480,7,0.45292696025778734,0.7124392819429778,1.021000846560753,35,Critical
51272,17128,41109,3,0.41664842248656014,0.33406147604930564,0.6619123273561199,28,Critical
89483,40385,76256,8,0.5295976710029374,0.45131477487343963,1.2911134084504001,57,Critical
16705,11890,59768,2,0.19893588542363808,0.7117629452259803,0.7192651392719092,27,Critical
76587,12524,64437,1,0.19436038300976147,0.163526447047149,0.7850337451986058,8,Critical
94900,56980,51369,7,1.1092293017189356,0.6004214963119072,0.5410262577014497,47,Critical
13162,8222,78812,7,0.10432421458661117,0.6246771007445677,0.9890172079784127,55,Critical
57739,9529,42411,2,0.22468227582466813,0.16503576438802195,0.5937634283175106,55,Critical
67915,60920,113334,4,0.5375262498455892,0.8970036074504896,0.9231507924437337,48,Critical
41784,35878,13783,3,2.6030617427265472,0.8586540302508137,1.2843661089174305,26,At Risk
77800,66375,11998,8,5.532172028671445,0.8531491002570694,0.8474854591661641,7,At Risk
23380,23202,13355,6,1.737326843878697,0.9923866552609067,1.1069934667790826,60,At Risk
19003,11764,79371,9,0.1482153431354021,0.6190601483976215,1.168788311155076,15,Critical
24316,17906,22109,5,0.8098964222714732,0.7363875637440368,1.0684400765121767,15,Critical
20082,14145,17435,8,0.8112991109836536,0.7043621153271586,0.7601491498883606,26,Critical
18981,14478,14017,5,1.0328886352286508,0.7627627627627628,1.2830520541000734,36,Critical
95590,22088,100957,9,0.21878621591370584,0.23107019562715767,1.0032464015687839,21,Critical
17709,9540,37307,12,0.2557160854531321,0.5387091309503642,0.9799925455198419,45,Critical
50869,10892,80107,9,0.1359681426092601,0.21411861841199945,1.1984720931711226,36,Critical
96112,40407,72341,12,0.5585629172944803,0.42041576494090227,1.2267516551251978,27,Critical
16732,8481,86391,4,0.09816994825849915,0.5068730576141525,0.6188851055011978,28,Critical
79788,65105,63472,2,1.025727880010083,0.8159748333082669,0.8991749254874033,13,At Risk
65655,54535,114548,11,0.4760886266019485,0.8306298073261748,1.2905213684166092,6,Critical
60657,41803,55555,1,0.7524615246152462,0.6891702524028555,0.6241630472100795,32,Critical
53603,10032,89420,8,0.1121896667412212,0.18715370408372667,0.543861132167163,58,Critical
71508,22550,73424,2,0.30712028764436694,0.31534933154332384,1.0715935810801627,13,Critical
31396,10281,115146,6,0.08928664478140795,0.3274620970824309,1.042149114416727,21,Critical
76040,65747,43112,3,1.5250278344776396,0.8646370331404524,1.1211884533038738,21,At Risk
38389,9877,58503,5,0.16882894894278927,0.2572872437416968,0.7514157556881171,52,Critical
88931,46239,62948,3,0.734558683357692,0.5199424272750784,1.2346733040562616,59,Critical
19148,16664,79780,11,0.2088744046126849,0.8702736578232714,1.2100312405524534,60,Critical
16427,15181,70811,7,0.21438759514764655,0.9241492664515736,1.2686719674021578,34,Critical
91434,10629,70839,1,0.15004446703087282,0.11624778528774854,0.835306821616822,25,Critical
37112,8526,118657,1,0.07185416789569937,0.22973701228713084,0.704681216089985,8,Critical
74927,41845,97502,7,0.42917068367828354,0.5584769175330655,0.9906547582745058,30,Critical
94931,51003,42914,4,1.1884932656009695,0.5372639074696358,0.8388135173902694,23,Critical
50223,17329,57992,11,0.2988170782176852,0.34504111661987535,1.0269222476421151,20,Critical
25948,19051,46366,1,0.4108829745934521,0.734199167565901,1.075889173123273,60,Critical
79490,22235,62007,4,0.35858854645443256,0.2797207195873695,0.7112396233640561,39,Critical
89982,30475,107117,9,0.28450199314767965,0.3386788468804872,0.7614991916610969,17,Critical
44910,10329,16747,1,0.6167671821818833,0.2299933199732799,1.2490252012739465,36,Critical
90810,19541,75357,12,0.2593123399286065,0.21518555225195463,1.0320286587859226,11,Critical
61377,46184,111685,6,0.4135201683305726,0.7524642781497956,0.8134701000555711,15,Critical
24144,19115,9712,4,1.9681836902800658,0.791708084824387,1.0385667142314192,38,Critical
59253,54741,71029,2,0.7706852130819806,0.9238519568629436,0.8259703874491122,45,Critical
29547,15640,32378,3,0.48304404225091113,0.5293261583240261,0.8654400090549119,47,Critical
98302,61351,24789,2,2.474928395659365,0.6241073426786841,1.0444118669730218,57,Critical
35582,24307,62679,4,0.3878013369709153,0.683126299814513,1.229432945300856,37,Critical
77139,63294,90589,11,0.6986941019329057,0.8205188037179637,0.6520550518502632,41,Critical
88528,11407,69964,6,0.16304099251043394,0.12885188866799205,0.7810447083421479,35,Critical
95778,34247,9361,8,3.6584766584766584,0.35756645576228363,1.183682294989375,39,Critical
91594,84254,22472,7,3.7492880028479885,0.9198637465336157,0.7689862489702146,24,At Risk
97595,85183,73285,8,1.1623524595756294,0.8728213535529484,0.6225981451720783,21,Critical
85460,54400,64795,9,0.8395709545489621,0.6365551135033934,1.2358088916354986,37,Critical
36401,13919,116476,8,0.11950101308424053,0.3823796049559078,0.7212725433789905,48,Critical
91010,69719,53880,1,1.2939680772086117,0.7660586748708933,1.18665267076317,48,Critical
17938,17021,33458,2,0.5087273596748162,0.9488794737428922,1.1899281662200605,13,Critical
32582,18223,108671,12,0.16768963200853954,0.5592965441041066,1.2971697291338846,48,Critical
53270,8296,66631,2,0.12450661103690475,0.15573493523559226,0.8464007035065194,30,Critical
14881,13338,12407,1,1.0750382848392037,0.8963107318056582,0.5449488848597998,55,Critical
13798,13223,52901,6,0.24995746772272737,0.9583272938106973,0.9846381723249289,50,Critical
14253,13506,38053,6,0.3549260242293643,0.9475899810566196,1.164030937610081,15,Critical
28207,10938,77807,3,0.14057861117894277,0.3877760839507924,1.2473180705138738,53,Critical
99173,59446,75328,6,0.7891620645709431,0.5994171800792555,1.2544079391197576,19,Critical
56367,48747,88421,8,0.5513056853010031,0.8648145191335356,1.2220832937776862,34,Critical
22743,15591,22913,4,0.6804434164011697,0.6855296135074529,0.5236338645394827,41,Critical
81210,79855,99456,8,0.8029178732303732,0.9833148627016377,1.1986959019080514,49,At Risk
84017,39066,49434,8,0.7902658089573977,0.46497732601735364,0.7875643859304209,51,Critical
69302,25870,108278,9,0.23892203402353202,0.37329370003751694,1.2993772949031135,36,Critical
17756,17102,58978,4,0.28997253213062496,0.9631673800405497,1.05423357132184,42,Critical
20946,8211,50614,5,0.162227842099024,0.3920080206244629,0.9944294629667423,32,Critical
36744,27719,103967,1,0.26661344465070647,0.7543816677552798,0.9700353989486659,29,Critical
71356,45465,55021,3,0.8263208593082642,0.6371573518694994,1.0676810250068578,20,Critical
46769,10844,20696,6,0.5239659837649787,0.23186298616605017,0.9755051014107141,34,Critical
26593,13445,85331,3,0.15756290211060459,0.5055841762869928,0.5042458212619855,18,Critical
44452,19325,27268,8,0.7087061757371278,0.43473859443894536,0.5610718428514572,22,Critical
20159,10530,108303,6,0.09722722362261434,0.5223473386576715,0.6801983496552402,34,Critical
82285,14526,64744,10,0.22436055850735204,0.17653278240262502,0.9191704746869698,48,Critical
16863,11912,66942,7,0.17794508679155088,0.7063986242068434,1.2919505910088223,24,Critical
21256,14950,40627,7,0.3679818839687892,0.7033308242378622,1.1384221239928078,42,Critical
21373,17016,11916,7,1.4279959718026183,0.7961446685069948,0.97124390391252,8,Critical
40001,20333,73156,2,0.27794029197878506,0.5083122921926951,0.8768620744281923,48,Critical
35905,22867,45152,10,0.5064448972360028,0.6368750870352319,0.6344653211631408,23,Critical
56009,37674,84738,4,0.444593924803512,0.6726418968380081,0.8108326469733242,33,Critical
65235,41511,16164,1,2.5681143281365997,0.6363301908484709,0.8672605679764427,25,Critical
50739,22407,18932,8,1.1835516585675048,0.4416129604446284,0.5343904208829335,33,Critical
81183,28795,13914,5,2.0694983469886443,0.3546924848798394,1.257181533564329,41,Critical
15422,10711,41784,10,0.2563421405322612,0.6945272986642459,1.2786109272292063,19,Critical
26111,11714,108085,10,0.10837766572604894,0.4486231856305771,1.0123143554435972,17,Critical
87254,50899,113108,8,0.4500035364430456,0.583342883993857,0.9362916811927644,51,Critical
95180,49048,117317,2,0.4180809260379996,0.5153183441899559,0.9283658275725162,19,Critical
65100,34102,48212,6,0.7073342736248237,0.5238402457757296,0.920147095940709,18,Critical
94603,21061,77923,5,0.2702796350243189,0.22262507531473633,1.2250546701740725,58,Critical
92282,53153,89731,10,0.5923593852737626,0.5759844823475867,0.6388481250533347,58,Critical
41893,21464,111980,6,0.1916770851937846,0.5123528990523476,0.8003500563924015,37,Critical
26496,16639,52667,7,0.3159283802001253,0.6279815821256038,1.267026150623588,45,Critical
51260,41526,47165,9,0.8804410049825082,0.8101053452984783,1.0475792900202423,37,At Risk
56801,16904,58019,11,0.2913528326927386,0.29760039435925423,0.5599914575097737,41,Critical
65678,64164,107269,5,0.5981597665681604,0.9769481409299918,0.7685018440650897,33,Critical
30461,18104,37207,6,0.4865751068347354,0.5943337382226453,0.621268944022346,29,Critical
50359,10124,112595,9,0.08991518273457969,0.20103655751702773,0.9543803018787873,8,Critical
54145,44174,88616,7,0.49848785772321025,0.8158463385354142,1.1675310101972016,16,Critical
11435,10243,34301,11,0.29862103145680885,0.8957586357673808,0.9498280840521307,21,Critical
90036,40568,20282,2,2.000197219209151,0.4505753254253854,0.6687173318995792,20,Critical
24015,23966,114395,8,0.2095021635560995,0.9979596085779721,0.6386743885045655,41,Critical
91692,36524,80241,10,0.4551787739434952,0.39833355145487065,0.9693215168037035,33,Critical
53548,22141,38261,7,0.5786832544889051,0.4134794950324942,0.742192520500785,52,Critical
99742,95558,9330,2,10.242015005359058,0.9580517735758256,1.1981794734457534,43,At Risk
34878,15045,45788,10,0.32857954049095833,0.43136074316187856,1.190858703749073,11,Critical
77168,26806,32262,5,0.8308846320748868,0.3473719676549865,0.6436982770545779,53,Critical
69758,54241,56839,5,0.9542919474304615,0.7775595630608676,0.8500018637829425,51,Critical
32185,17631,21858,10,0.8066154268460061,0.5478017710113406,0.9085508665783908,50,Critical
44457,16934,18230,1,0.9289083927591881,0.38090739366129067,0.6756896062670886,30,Critical
50265,21466,83983,4,0.2555993474869914,0.42705660001989454,1.0010000833787536,17,Critical
67366,61743,83263,12,0.7415418613309633,0.9165305940682243,0.9180313013751366,35,Critical
43881,10095,68848,2,0.14662735300952823,0.2300540097080741,0.5780322578025154,49,Critical
58740,15566,100054,8,0.1555759889659584,0.26499829758256727,0.5330017778565178,32,Critical
35661,18684,115104,1,0.16232276897414513,0.5239337090939682,0.610949976415845,42,Critical
10105,8013,28075,3,0.28541406945681214,0.7929737753587333,0.8363243803984834,40,Critical
26158,17450,40264,11,0.4333896284522154,0.6670999311873996,0.5083599277311892,58,Critical
31091,24492,34525,10,0.7093989862418537,0.7877520825962497,0.547936879825499,6,Critical
41549,15625,70955,8,0.22020999224860827,0.3760619990854172,1.137963487922009,5,Critical
88593,18424,23062,4,0.798889948833579,0.20796225435418147,0.6254444560395809,48,Critical
41261,8169,63387,1,0.12887500591603956,0.19798356801822545,0.698288921199288,19,Critical
19088,13452,26485,10,0.5079101378138569,0.7047359597652976,0.9477460558508578,24,Critical
58818,9281,61525,1,0.15084924827305973,0.15779183243224862,0.8150821338216614,16,Critical
49852,34259,115389,9,0.29690005113139034,0.6872141538955308,0.8353647337751839,29,Critical
64635,60373,92142,12,0.6552169477545527,0.9340604935406513,0.9424471102550879,28,Critical
20896,16883,107091,4,0.1576509697360189,0.8079536753445635,1.025028061812578,24,Critical
30085,14752,36490,11,0.40427514387503427,0.49034402526175835,0.8367507769886281,23,Critical
34551,32647,43545,10,0.7497301641979561,0.9448930566409076,0.5264352925952293,18,Critical
57101,24125,114251,11,0.21115788920884718,0.4224969790371447,0.548288391250512,24,Critical
19988,12330,42905,2,0.2873790933457639,0.616870122073244,0.9702148035530949,56,Critical
24181,18233,10637,10,1.7141111215568299,0.75402175261569,1.1947419904194905,8,Critical
52500,9567,93661,8,0.10214496962449686,0.18222857142857143,0.8610703850476426,12,Critical
16227,15756,68553,7,0.22983676863156974,0.9709743020891107,0.5931681127638788,12,Critical
69835,45575,40442,6,1.126922506305326,0.6526097229183074,0.9732712293308587,17,Critical
49984,12604,36512,3,0.34520157756354075,0.2521606914212548,1.1237289811715292,27,Critical
40954,21420,24114,3,0.8882806668325454,0.5230258338623822,0.5084550707793811,31,Critical
25224,12715,74266,9,0.17120889774594028,0.5040834126228988,1.261013556066502,40,Critical
38686,22131,89479,11,0.24733177617094515,0.5720674145685778,1.076369940385598,14,Critical
17881,16144,47002,10,0.34347474575549974,0.9028577820032436,0.9237694077128081,39,Critical
42446,16869,109719,2,0.15374729992070654,0.39742260754841446,0.9214677446985906,20,Critical
48942,34936,31630,3,1.1045210243439771,0.7138245269911324,0.5661588136033742,58,Critical
63550,44873,75533,5,0.5940847046986085,0.7061054287962234,1.2473938368339321,56,Critical
16902,16863,100993,8,0.16697196835424238,0.9976925807596734,1.2423743428902512,23,Critical
76906,33786,37523,3,0.9004077499133865,0.4393155280472265,1.1465496696594646,23,Critical
43764,14208,88216,8,0.16105921828239775,0.3246503975870579,1.1868538375020696,50,Critical
30026,29391,106434,8,0.2761429618355037,0.9788516618930261,1.255628403465293,43,Critical
70196,67255,40385,8,1.6653460443233874,0.9581030258134366,0.5735081272902002,32,Critical
20560,15594,93647,3,0.16651894881843518,0.7584630350194552,1.2304303058681243,13,Critical
51330,46173,51844,3,0.8906141501427359,0.8995324371712449,1.0409543487550614,7,At Risk
60832,36619,48545,12,0.7543310330621074,0.6019693582325092,0.911317647303457,37,Critical
27275,17870,112499,9,0.1588458564076125,0.6551787351054079,1.0710495240389437,23,Critical
18659,16732,12844,9,1.3027094363126752,0.8967254408060453,1.0550802612646097,46,At Risk
40510,22912,43085,6,0.5317860044098874,0.5655887435201185,1.1520346758950926,30,Critical
37125,35887,63814,4,0.5623687592064437,0.9666531986531987,0.6086405717176846,44,Critical
31440,27005,69907,12,0.3862989400203127,0.8589376590330788,1.1372415559608746,5,Critical
64983,60875,70356,6,0.8652424810961397,0.9367834664450703,0.8083422071436079,38,At Risk
71491,37474,115275,4,0.32508349598785513,0.5241778685428935,0.8099852091165078,41,Critical
57954,11450,107582,10,0.10643044375453142,0.1975704869379163,0.9699394469118392,50,Critical
18030,17880,54398,5,0.3286885547262767,0.9916805324459235,1.2530188045589368,19,Critical
61763,17508,31269,4,0.5599155713326298,0.2834706863332416,0.7243093186264409,46,Critical
68992,29435,19716,11,1.4929498884155001,0.42664366883116883,0.5871298970826472,26,Critical
92869,23273,50761,12,0.4584819053998148,0.2506003079606758,1.1923207012318109,38,Critical
70182,49824,79343,8,0.6279570976645703,0.7099256219543473,0.5160872179764124,41,Critical
87838,68691,52022,4,1.3204221290992273,0.7820191716569138,1.2531353763397668,58,Critical
13866,8202,105493,1,0.077749234546368,0.5915188230203375,0.9509865448480618,36,Critical
86420,13778,71445,5,0.19284764504164043,0.1594306873408933,0.9597466441623159,16,Critical
40735,24180,27391,8,0.8827717133364974,0.5935927335215416,0.7999105245770275,42,Critical
23333,17722,25564,10,0.6932404944453138,0.7595251360733725,1.1178501543020967,47,Critical
55501,37087,103112,10,0.359676856233998,0.6682221941946992,1.0199964295585136,50,Critical
74008,29848,28206,9,1.0582145642771041,0.403307750513458,1.1453599421388692,13,Critical
68874,15142,72734,7,0.20818324305001787,0.21985074193454715,1.1092357746405255,58,Critical
54605,20247,119342,3,0.16965527643243786,0.3707902206757623,1.138908304701125,35,Critical
15605,13285,109798,2,0.1209949179402175,0.8513297020185838,0.6184909775869468,14,Critical
56579,11169,45932,4,0.2431638073674127,0.1974053977624207,1.021090120672819,16,Critical
74590,21215,18390,12,1.153616095704187,0.2844215042230862,1.0443106818862609,39,Critical
80284,33355,76013,3,0.4388065199373791,0.4154626077425141,0.7152590205440065,8,Critical
92008,38847,95272,10,0.4077483415903938,0.4222132858012347,1.104578064455632,26,Critical
95936,18698,25269,11,0.739958051367288,0.19490076717811874,1.1660893416482905,43,Critical
63270,15159,27274,3,0.5558040624770844,0.2395922238027501,1.1524166914547527,58,Critical
29257,21579,70932,8,0.30422094400270683,0.7375670779642479,0.8330574942013556,60,Critical
74797,25594,42550,7,0.6015041128084606,0.3421794991777745,0.7315992123528786,19,Critical
88247,22726,16118,12,1.4099764238739299,0.2575271680623704,1.1521732706428618,6,Critical
54370,43202,119405,2,0.361810644445375,0.7945926062166636,0.5990688346951549,10,Critical
72119,63212,58410,1,1.08221195000856,0.8764957916776439,0.7671595495997305,27,At Risk
55285,40526,18868,10,2.1478694085223657,0.7330378945464412,0.983181820232146,29,Critical
36768,26686,16589,2,1.6086563385375852,0.7257941688424717,1.2454480255265152,17,Critical
61721,23757,17142,5,1.3858942947147357,0.3849095121595567,0.5464901696156262,24,Critical
10274,10101,101248,8,0.09976493362831858,0.9831613782363247,0.7982572740390035,47,Critical
27229,20080,52591,1,0.3818143788861212,0.7374490432994234,0.7388359875773587,43,Critical
79601,40688,95218,3,0.42731416328845384,0.5111493574201329,1.2259983042761613,23,Critical
46873,12834,107366,10,0.1195350483393253,0.2738036822904444,0.7024304645617917,45,Critical
25291,15961,67361,1,0.2369471949644453,0.6310940650824404,0.5719957540926212,43,Critical
76460,10236,50715,6,0.2018337769890565,0.13387392100444678,1.2290027377058528,37,Critical
95393,36415,48418,9,0.7520963278119708,0.3817366054112985,1.1834732323768609,33,Critical
90851,73132,25997,12,2.813093818517521,0.8049663735126746,1.0709332030068752,54,At Risk
34909,29868,13095,7,2.2808705612829323,0.8555959781145264,0.5656371235862678,15,Critical
95425,17644,72396,1,0.24371512238245208,0.18489913544668587,0.5381260053272803,18,Critical
75060,26239,22532,5,1.1645215693236286,0.34957367439381826,0.81281829740876,14,Critical
36607,15588,104284,7,0.14947642974953013,0.42582019832272516,1.0546066890004842,41,Critical
96508,37019,37771,2,0.9800905456567207,0.3835847805363286,1.2735472919192925,28,Critical
57017,26377,108219,7,0.24373723652962972,0.4626164126488591,1.0605764981854053,41,Critical
92312,70325,102566,8,0.6856560653627908,0.7618186151312939,0.5914600228752851,8,Critical
53055,24988,13859,8,1.8030160906270294,0.47098294222976156,1.1814512838655178,6,Critical
93010,84939,36387,10,2.334322697666749,0.9132243844747877,1.0302430346038713,49,At Risk
52687,25606,113387,11,0.22582835774824275,0.48600223964165734,1.1622921425808368,54,Critical
94615,61561,45844,6,1.3428365762149899,0.6506473603551234,1.1300544882436165,59,Critical
44008,8201,93253,1,0.08794355141389554,0.18635248136702418,0.7325487187368547,39,Critical
66938,51165,55917,7,0.9150169000482858,0.7643640383638591,0.870704420962255,13,Critical
43873,21481,49726,10,0.43198729035112415,0.4896177603537483,0.8781058604244389,55,Critical
37381,10413,88419,1,0.11776880534726698,0.2785639763516225,1.2638334523577681,39,Critical
51650,28589,106280,1,0.2689969890854347,0.55351403678606,0.7522835768705676,46,Critical
77376,58477,28485,11,2.052905037739161,0.7557511373035567,0.8236711831006536,27,Critical
39475,24659,27687,8,0.8906345938527107,0.6246738442051931,0.6894061145320746,43,Critical
23728,20506,100408,7,0.20422675484025177,0.8642110586648685,0.7069636483040025,8,Critical
82427,11019,16351,6,0.6739037367745092,0.133681924612081,0.6107924073481403,39,Critical
36474,18271,77600,11,0.23545103092783506,0.5009321708614355,1.2800573025663688,58,Critical
94868,31869,107842,12,0.29551566180152444,0.33592992368343383,0.6205707047232526,38,Critical
53826,48364,41382,9,1.1687206998211783,0.8985248764537584,0.9833098617818683,60,At Risk
52629,44651,40287,12,1.1083227840246233,0.8484105721180338,1.1480903308873647,54,At Risk
46859,13934,60277,2,0.23116611642915208,0.29736016560319256,0.878782807656824,29,Critical
91424,44921,68487,3,0.6559055003139281,0.491348004900245,1.0677989022349936,58,Critical
39226,9582,30241,5,0.31685460136900234,0.24427675521337888,1.22297176352015,49,Critical
40079,26890,51168,3,0.5255237648530331,0.6709249232765289,1.1294632347956237,55,Critical
61447,30686,24406,12,1.2573137753011554,0.4993897179683304,0.5085664922045952,57,Critical
24291,13969,60750,6,0.2299423868312757,0.5750689555802561,0.7102833497939977,43,Critical
20157,11113,58885,8,0.18872378364608983,0.5513221213474228,0.9997903158698325,44,Critical
96623,36406,114468,2,0.3180452178774854,0.3767839955290148,0.8030815734171486,7,Critical
45800,34191,64990,6,0.5260963225111556,0.746528384279476,0.9731601515346795,19,Critical
10207,9862,87077,12,0.11325608369603914,0.9661996668952679,1.029410287771436,54,Critical
52875,17431,70009,11,0.24898227370766615,0.3296643026004728,0.9701543065259937,33,Critical
66884,21834,86268,12,0.2530950062595632,0.3264457867352431,0.6379650228847266,17,Critical
49383,41499,22799,11,1.8202114127812623,0.8403499179879715,1.289211895100931,18,At Risk
34910,28150,19380,2,1.4525283797729618,0.8063592093955887,0.5349319601889049,20,Critical
40281,17487,97523,9,0.17931154701967741,0.43412526997840173,0.6550907152889973,32,Critical
68728,36707,116937,3,0.31390406800242865,0.5340909090909091,1.089929020683265,23,Critical
20643,13552,16073,4,0.8431531139177503,0.6564937266870126,1.2267518815996343,41,Critical
18960,16587,17191,8,0.9648653365132919,0.8748417721518987,1.2045266406545765,7,At Risk
43768,37331,36544,12,1.0215356830122593,0.852929080606836,1.003660240496652,42,At Risk
23803,11923,81014,3,0.1471720937121979,0.5009032474898122,0.8560027528964979,58,Critical
13375,12825,116899,1,0.10971009161755019,0.9588785046728971,0.6929739711433781,35,Critical
62543,52972,112595,12,0.4704649407167281,0.8469692851318293,1.2205542063165868,37,Critical
93998,48923,115290,10,0.42434729811778993,0.5204685206068215,0.9034326383360491,35,Critical
25087,18323,36216,10,0.5059366026065827,0.7303782835731654,0.7247871028265908,42,Critical
83144,71563,75010,4,0.9540461271830423,0.8607115366111806,0.5469662621653327,33,Critical
59680,55588,22806,7,2.437428746821012,0.9314343163538874,1.139167990718028,19,At Risk
21911,20495,90363,9,0.2268074322454987,0.935374925836338,0.9117998385695649,24,Critical
74812,64889,48179,8,1.3468316071317379,0.8673608512003422,0.6636889046884276,22,Critical
59996,31570,108289,7,0.29153468958065915,0.5262017467831189,1.0017325330181353,40,Critical
82957,30518,36551,11,0.8349429564170611,0.367877334040527,0.6892479397944893,37,Critical
41899,29949,14803,2,2.0231709788556373,0.7147903291248001,0.6477983567530572,59,Critical
33539,25174,68824,9,0.36577356736022315,0.7505888666925072,0.9934747443965197,13,Critical
39923,38251,58030,4,0.6591590556608651,0.9581193798061268,0.6802369948559774,36,Critical
51112,36958,35417,8,1.0435101787277297,0.7230787290655815,0.7196626771134491,40,Critical
48604,26913,33580,12,0.8014592019058964,0.5537198584478644,1.1911322338206403,35,Critical
12802,12797,18728,3,0.6833084152071764,0.999609436025621,0.8162286185890557,59,Critical
42375,13328,23991,6,0.5555416614563795,0.31452507374631267,0.9201340151836939,8,Critical
11183,9129,26323,9,0.34680697488888046,0.8163283555396584,0.5088714059786147,32,Critical
12224,9071,39728,12,0.2283276278695127,0.7420647905759162,1.2381005284693183,44,Critical
64852,24376,18979,3,1.2843669318720692,0.3758712144575341,0.5966149208515329,18,Critical
76458,62730,93640,6,0.6699060230670654,0.8204504433806796,0.6116706922656407,21,Critical
45579,28965,96015,2,0.30167161381034213,0.6354900283025078,1.0330191138855012,11,Critical
81724,30748,63693,2,0.4827532067888151,0.37624198521854046,0.7555576139199234,27,Critical
21404,20565,100351,10,0.2049306932666341,0.9608017193048028,0.85594207124058,8,Critical
28163,19922,16957,4,1.1748540425782863,0.7073820260625644,0.8607961612765875,42,Critical
55725,37689,58144,12,0.6482010181618052,0.6763391655450874,1.2118330090086258,25,Critical
27916,19251,116692,9,0.16497274877455181,0.6896045278693222,0.9992603166747491,6,Critical
43234,39561,78018,6,0.507075290317619,0.9150437155942083,1.0698595856293123,57,Critical
25512,19339,72607,3,0.2663517291721184,0.7580354343054249,0.7352706784638492,46,Critical
18844,10298,74884,9,0.13751936328187597,0.5464869454468265,1.0206675501330427,24,Critical
87396,78067,83318,8,0.9369764036582732,0.8932559842555723,0.5108791418159628,23,Critical
79626,28487,11373,7,2.5047920513496877,0.3577600281315148,1.068372990195848,27,Critical
77574,17555,43979,6,0.3991677846244799,0.22630004898548484,1.2508810544244082,15,Critical
93623,8216,81859,7,0.10036770544472813,0.08775621375089454,1.0813401230610613,20,Critical
12302,8225,63562,12,0.12940121456215978,0.6685904730938059,0.8277375859402691,24,Critical
50763,44875,21570,7,2.0804357904496986,0.8840100072887733,0.9949398950195854,6,At Risk
48244,42036,34835,3,1.2067173819434476,0.8713207860044773,1.0867559567618152,59,At Risk
58120,48300,45943,8,1.0513027011731928,0.8310392291810048,0.9678112646786358,55,At Risk
33687,13109,51106,3,0.25650608539114783,0.3891412117434025,0.5505070331577037,15,Critical
59868,31077,95030,6,0.3270230453540987,0.5190920024052916,0.6427065864566853,20,Critical
21667,12196,91497,9,0.13329398778102014,0.5628836479438778,1.1234753367782484,57,Critical
33375,29778,82069,4,0.36284102401637647,0.8922247191011236,0.6904690475417083,54,Critical
12265,9660,29643,8,0.32587794757615623,0.7876070118222585,0.5331758625624674,57,Critical
88985,62975,36983,2,1.7028093989130142,0.7077035455413834,0.8143350722381117,51,Critical
22493,10900,15129,11,0.7204706193403397,0.4845952073978571,0.8422823472753836,5,Critical
97340,90908,63478,11,1.432118214184442,0.9339223340867064,0.8209391790433664,19,At Risk
88562,29466,116233,2,0.2535080398854026,0.33271606332286985,0.5366263106594246,12,Critical
76546,42499,85489,4,0.49712828551041655,0.5552086327175816,1.278230424270531,27,Critical
57790,48890,22587,2,2.16451941382211,0.8459941166291746,1.1919383411510314,21,At Risk
63484,33260,46321,12,0.7180328576671489,0.5239115367651692,1.27382685282205,9,Critical
90797,63215,41668,6,1.517111452433522,0.6962234435058428,0.7300491396592832,47,Critical
73896,37795,71453,9,0.5289490994080025,0.5114620547796904,1.1934702027665254,57,Critical
61600,21876,43554,5,0.5022730403636865,0.35512987012987013,0.5323537058658174,19,Critical
53572,39221,36477,12,1.0752254845519094,0.7321175240797432,0.7093692804528382,60,Critical
38405,28409,96376,7,0.2947725574831908,0.7397213904439526,1.021972016517274,52,Critical
45842,31461,49119,12,0.6405057106211446,0.6862920465948257,1.134678090981116,52,Critical
84800,47005,56352,12,0.8341318852924475,0.5543042452830189,1.279569448833262,9,Critical
64615,58173,51369,9,1.1324534252175436,0.9003017875106399,0.7244056209885411,34,At Risk
12964,9575,58131,3,0.1647141800416301,0.7385837704412218,0.9757618702138517,29,Critical
62556,30737,35907,9,0.8560169326315203,0.4913517488330456,1.085623694884284,45,Critical
89151,52657,34853,4,1.5108312053481767,0.5906495720743458,0.7240691587366278,7,Critical
16062,13441,13942,1,0.9640654138574093,0.8368198231851575,1.2497311183871487,14,At Risk
60394,15318,101426,12,0.151026364048666,0.2536344670000331,1.0548265352762898,60,Critical
36352,21535,80020,3,0.26912021994501373,0.5924020686619719,0.8796245138729868,12,Critical
63051,47402,72174,1,0.6567739075013163,0.7518040950976194,0.7970534119191712,55,Critical
68644,68549,62170,4,1.1026057584043751,0.9986160480158499,0.6900326909347678,34,Critical
78522,63081,75333,12,0.8373621122217355,0.8033544739054023,0.5441768528949049,5,Critical
90393,49576,96054,11,0.5161263455972682,0.5484495480844755,0.6024794846548354,36,Critical
91385,38880,114133,6,0.34065520051168374,0.42545275482847295,0.8518881540468204,26,Critical
47958,31411,83219,3,0.3774498612095795,0.654968931148088,0.5800554196851236,46,Critical
99684,90694,26658,10,3.4021306924750543,0.9098150154488183,0.8269581522065839,50,At Risk
36066,18358,9916,10,1.8513513513513513,0.5090112571396883,0.7566498690919614,8,Critical
75725,8082,90782,3,0.08902645898966756,0.1067282931660614,0.9555697302868454,30,Critical
42492,8854,72599,6,0.12195760272180058,0.2083686340958298,0.606862761714171,44,Critical
60475,48894,18899,7,2.5871210116937404,0.8084993799090533,0.6619109483978339,24,Critical
51381,19520,69580,7,0.2805403851681518,0.3799069695023452,0.5395718630614572,34,Critical
65715,23608,47615,8,0.49581014386222827,0.3592482690405539,1.1050021882520324,13,Critical
68780,25501,32540,6,0.7836816226183159,0.37076184937481826,0.8587834132119261,53,Critical
73770,22618,9457,1,2.391667547848155,0.30660159956621935,0.543986695700786,9,Critical
69854,65317,113489,1,0.5755359550264784,0.9350502476594039,0.5286574807675468,41,Critical
88624,40077,24420,7,1.6411547911547912,0.45221384726484926,0.7605158042747348,36,Critical
28088,16950,73952,9,0.22920272609260062,0.6034605525491313,0.7525759184344691,40,Critical
48399,43510,75255,1,0.5781675636170354,0.8989855162296742,0.9158986561740852,27,Critical
76112,43730,58602,9,0.7462202655199481,0.5745480344755097,0.9173189673378146,11,Critical
40022,11386,62770,6,0.1813923848972439,0.2844935285592924,0.6028684649072323,42,Critical
21521,17155,12567,5,1.3650831542929895,0.7971283862274058,0.7245925524591424,56,Critical
87069,20008,20334,4,0.9839677387626635,0.22979476047732258,1.157760934480437,17,Critical
13367,12785,18946,2,0.6748126253562757,0.9564599386548964,0.6122297858471066,38,Critical
18373,8280,56027,7,0.14778588894640085,0.45066129646764275,0.8237534537103133,50,Critical
30173,11518,74716,10,0.15415707478987098,0.3817320120637656,0.54848451482587,37,Critical
79027,45497,60865,2,0.7475067772940114,0.5757146291773697,1.2764647777577705,30,Critical
91461,60108,80114,11,0.7502808497890506,0.6571981500311608,0.9005387918199594,60,Critical
94494,26521,53413,7,0.4965270627000917,0.2806633225389972,1.0183551735438914,10,Critical
95147,93937,45107,8,2.082537078502228,0.9872828360326652,0.6369302589916536,30,Critical
88815,72464,34229,9,2.1170352624967133,0.8158982153915442,0.6054056128684759,20,Critical
82886,29792,29793,6,0.9999664350686402,0.3594334386989359,0.6310366310269007,8,Critical
63633,12403,53266,5,0.23285022340705142,0.19491458834252667,0.6776524758570297,50,Critical
64381,27091,119994,4,0.22576962181442406,0.42079184852673923,1.116639030779191,57,Critical
85246,52692,39247,5,1.3425739546971742,0.6181169790957933,1.2168279595007077,45,Critical
98368,43647,65017,5,0.6713167325468724,0.44371136955107354,0.7218693749529872,24,Critical
33410,20873,64769,12,0.3222683691272059,0.6247530679437294,0.6821431109262102,46,Critical
11570,8474,63329,7,0.13380915536326168,0.7324114088159032,0.6019919718615732,18,Critical
19594,14327,12003,8,1.1936182621011413,0.731193222415025,0.9046757354991961,58,Critical
86390,30383,11354,5,2.67597322529505,0.35169579812478297,0.8616091031001702,12,Critical
59716,37943,99295,8,0.3821239740168186,0.6353908500234443,0.7287510061711866,52,Critical
92690,50431,80436,6,0.6269705107165946,0.5440824252885964,0.6323049448333444,17,Critical
56424,8288,93947,3,0.08821995380374041,0.14688784914220898,0.6594518171827807,35,Critical
98669,47745,31366,12,1.5221896320856978,0.48389058366862947,1.0525220070955572,16,Critical
60065,12911,78365,8,0.16475467364257002,0.21495047032381587,1.158850385105576,14,Critical
97200,93484,31704,10,2.9486500126167043,0.9617695473251029,1.0024626592544426,54,At Risk
53467,10482,63362,5,0.16543038414191472,0.19604615931322125,1.294135655251754,46,Critical
42777,21843,52453,2,0.4164299468095247,0.5106248685041027,1.0760608253896544,30,Critical
43011,34093,51807,4,0.6580770938290192,0.7926576922182698,1.0968581527046752,19,Critical
77480,50051,101069,5,0.49521613946907556,0.6459860609189468,0.6419960860456919,25,Critical
65865,22845,49275,12,0.4636225266362253,0.3468458209974949,0.8793280521385394,15,Critical
66315,60300,10712,10,5.629200896191187,0.9092965392445148,0.9585398161750334,30,At Risk
23871,14871,31107,5,0.478059600732954,0.6229734824682669,0.6381287688031708,10,Critical
83558,24530,60022,8,0.4086834827230016,0.29356853921826753,0.6586759986337077,15,Critical
78768,31585,97587,8,0.3236599137180157,0.4009877107454804,1.2791128141598125,18,Critical
90612,29186,72974,4,0.3999506673609779,0.32209861828455394,0.9059510223255594,25,Critical
87684,59361,40274,5,1.473928589164225,0.6769878198987272,1.0872584508508587,48,Critical
55426,8878,77808,4,0.11410137775035986,0.1601775340093097,0.5975146925064945,37,Critical
85704,34111,67794,2,0.5031566215299289,0.3980094277980024,0.5255446790546195,20,Critical
56247,36095,11409,1,3.1637303882899466,0.6417231141216421,0.7792741769735629,11,Critical
25163,24164,19836,11,1.2181891510385159,0.9602988514882963,1.1864844806415333,53,At Risk
42455,41284,82464,9,0.5006305781916958,0.9724178541985632,0.7823878487917715,29,Critical
43470,33633,70977,5,0.47385772855995606,0.7737060041407867,0.53347570737938,47,Critical
44776,30926,38335,1,0.8067301421677319,0.6906825084866893,0.7776788504560319,40,Critical
93165,48783,58121,3,0.8393351800554016,0.5236193849621639,0.6008700764506143,8,Critical
65742,50097,26464,12,1.8930244860943168,0.7620242767180798,0.8493535100825211,47,Critical
19795,13930,46707,2,0.29824223349819085,0.7037130588532458,0.6509734564045133,28,Critical
53353,42272,36129,4,1.1700296160978716,0.792307836485296,0.7086018467077154,9,Critical
70600,41820,80234,12,0.5212254156591969,0.5923512747875355,0.5538965525869504,45,Critical
93652,35137,76474,7,0.4594633470199022,0.3751868619997437,0.5759470731065128,6,Critical
48939,34731,35625,11,0.9749052631578947,0.7096793968000981,0.5052151672882568,38,Critical
48109,47296,90564,10,0.5222384170310499,0.9831008750961359,0.7032489609982039,32,Critical
11962,8362,98034,6,0.0852969377970908,0.699046982110015,0.9121998358725498,58,Critical
81247,25089,53429,2,0.46957644724774933,0.3087990941203983,1.118042841141706,10,Critical
94673,74435,24072,2,3.092181787969425,0.7862326111985466,1.0783278987529914,8,Critical
74438,20279,109099,5,0.18587704745231395,0.2724280609366184,1.0639505065482942,26,Critical
12563,10950,89585,9,0.12223028408773791,0.8716071002149168,1.0567415048798225,57,Critical
90675,40063,72378,10,0.553524551659344,0.4418307140887786,0.8059174198428505,47,Critical
46843,9551,23265,6,0.41053084031807435,0.2038938582072028,0.5853837822329162,23,Critical
93898,86072,51919,12,1.6578131319940677,0.9166542418368868,1.0941361624550405,26,At Risk
15543,8479,91807,10,0.09235679196575425,0.5455188830985009,1.190384919726356,26,Critical
61805,59839,14578,7,4.104746878858554,0.9681902758676483,0.5011876940085822,27,Critical
89252,35173,76302,11,0.4609708788760452,0.39408640702729353,1.0164704303080914,5,Critical
51210,10446,35871,11,0.2912101697750272,0.20398359695371998,0.702243412167274,17,Critical
78675,61749,66519,11,0.9282911649303207,0.7848617731172546,0.8747263144307624,33,Critical
56751,41560,61397,12,0.6769060377542877,0.7323218974114993,0.6265101751193705,55,Critical
57610,50110,22851,9,2.192901842370137,0.8698142683561881,1.0118609113821864,8,At Risk
95618,64364,54496,7,1.1810775102759836,0.6731368570771193,1.1286040851970247,14,Critical
96244,18493,20948,2,0.8828050410540386,0.19214704293254645,1.1598119436112269,40,Critical
64634,42069,92211,5,0.4562253961024173,0.6508803416158678,0.623502771155253,6,Critical
88242,68597,23012,9,2.9809229966973754,0.7773735862741098,0.878403571629746,50,Critical
56367,41783,37045,11,1.1278985018221082,0.7412670534177799,0.7563589727667848,60,Critical
47596,30951,50325,2,0.6150223546944859,0.6502857382973359,1.2624336054503047,29,Critical
41267,36141,13867,9,2.606259464916709,0.8757845251653864,1.25971753221005,50,At Risk
42928,27924,29228,9,0.9553852470234022,0.6504845322400298,1.1079976553912538,38,Critical
30479,23867,76097,3,0.3136391710579918,0.7830637488106565,0.662328392797792,10,Critical
83790,69699,89342,3,0.7801370016341698,0.8318295739348371,1.008881296169799,59,Critical
83936,22896,40321,4,0.5678430594479303,0.2727792603888677,0.7841316151380013,38,Critical
51667,37124,15223,12,2.438678315706497,0.718524396616796,1.085080917017276,16,Critical
61431,57439,44443,10,1.2924195036338681,0.9350165226025948,0.8974460834783642,55,At Risk
74809,38493,31489,5,1.222426879227667,0.5145503883222607,1.280491600308836,38,Critical
37622,21741,37849,7,0.5744141192633887,0.5778799638509383,0.6445645918352851,29,Critical
81962,44058,80327,5,0.5484830754291832,0.537541787657695,1.0014785126930374,41,Critical
54221,52154,71335,6,0.7311137590243219,0.9618782390586673,0.5342598009392987,9,Critical
79692,8759,42566,6,0.2057745618568811,0.10991065602569894,0.6776761618534627,6,Critical
91599,73824,107957,4,0.6838278203358744,0.8059476631840959,0.6356135840224539,20,Critical
59604,40080,104972,6,0.3818161033418435,0.6724380914032615,0.8424834823972156,25,Critical
53777,14766,72891,3,0.202576449767461,0.2745783513397921,0.6871667700220716,41,Critical
69386,35605,102004,8,0.34905493902199913,0.5131438618741533,0.668240447125116,49,Critical
61926,42007,40606,1,1.0345022903019259,0.678341891935536,0.877239447834989,36,Critical
35085,24552,95286,5,0.25766639380391665,0.6997862334330911,0.5709564998702309,41,Critical
62228,36016,19960,9,1.8044088176352706,0.5787748280516809,1.2100273784606363,9,Critical
38323,35630,32384,2,1.1002346837944663,0.9297288834381442,0.518414347743735,39,Critical
75397,29776,24693,12,1.2058478111205604,0.3949228749154476,0.7387253924737839,20,Critical
90166,57259,104184,11,0.5495949474007525,0.6350398154515006,0.7903472331172678,42,Critical
57031,41368,39104,12,1.057896890343699,0.7253598919885677,1.2038965221794453,54,Critical
74946,39520,63145,7,0.6258611133106342,0.5273129986923919,1.097291714610578,50,Critical
70394,29474,97611,7,0.301953673254039,0.4187004574253487,0.9236475489624475,58,Critical
25221,17133,97764,3,0.1752485577513195,0.6793148566670631,1.276492619815646,41,Critical
44818,18150,102919,6,0.1763522770333952,0.4049712169217725,0.8853922522319808,39,Critical
23128,9002,62567,9,0.14387776303802324,0.38922518159806296,1.106026601649035,29,Critical
63498,38244,51404,4,0.743988794646331,0.6022866861948408,0.8520112382206491,16,Critical
56779,8510,74308,9,0.11452333530710018,0.14987935680445236,1.010077695144218,7,Critical
47882,25954,29324,4,0.8850770699768108,0.5420408504239589,1.2475765590511476,8,Critical
11014,10624,76871,11,0.13820556516761848,0.9645905211548937,0.7270782251320556,21,Critical
38705,26579,11933,11,2.2273527193497027,0.6867071437798734,0.5929174995500135,53,Critical
29567,21962,41418,7,0.5302525472016998,0.7427875672202118,1.089544836986287,36,Critical
17213,9579,82198,6,0.11653568213338523,0.5564979957009237,1.2795231380149024,55,Critical
33807,11399,96203,10,0.11848902840867749,0.33717869080367974,0.8364441313359374,15,Critical
12145,8687,13203,2,0.6579565250321896,0.7152737752161383,0.865734311536978,26,Critical
28118,11546,25270,4,0.4569054214483577,0.41062664485383027,0.5369409436522552,11,Critical
96650,77842,34107,7,2.2822880933532708,0.8054009311950336,1.0838079456286245,29,At Risk
80169,13388,112426,3,0.11908277444719192,0.1669972183761803,1.2298478115080878,25,Critical
49502,16938,85019,4,0.199226055352333,0.34216799321239544,0.8431065264613511,14,Critical
35399,21662,64952,11,0.3335078211602414,0.61193819034436,0.5980946553614392,14,Critical
21360,17803,62515,10,0.28477965288330803,0.8334737827715356,1.2472474210602393,11,Critical
82584,9636,79051,9,0.1218959911955573,0.11668119732635862,0.9908804821968475,52,Critical
63112,22826,63128,7,0.36158281586617663,0.3616744834579795,1.2751216025504037,15,Critical
85424,53282,67710,2,0.7869147836360951,0.623735718299307,1.0148544596002949,38,Critical
92849,28761,118953,6,0.24178457037653528,0.30976100981162963,1.276933363616327,31,Critical
29618,23245,79394,2,0.29278031085472456,0.7848267945168479,0.5508575167843982,53,Critical
65696,23284,66624,11,0.34948366954851107,0.3544203604481247,0.8975270832883699,12,Critical
73479,29907,102571,7,0.2915736416725975,0.4070142489690932,1.0860879208865684,7,Critical
21133,17994,86687,12,0.20757437678083218,0.851464534140917,0.7862802519194483,13,Critical
69568,16517,100860,7,0.16376164981162006,0.2374223781048758,1.1489979710249256,25,Critical
11492,9928,27624,6,0.35939762525340285,0.863905325443787,0.6786937295587586,15,Critical
54772,30408,41089,3,0.7400520820657597,0.5551741765865771,0.574048653380423,7,Critical
83674,63839,92732,11,0.6884247077599965,0.7629490642254464,1.065433048790641,14,Critical
93498,25189,107064,3,0.23527049241575132,0.2694068322317055,0.784117697345507,29,Critical
90094,55276,116556,2,0.47424414015580496,0.6135369724953937,0.5391514686444407,53,Critical
83045,81542,76749,6,1.062450325085669,0.9819013787705461,1.2571682398115103,60,At Risk
93976,93715,112911,3,0.8299899921176856,0.9972226951562101,1.0608856826110487,13,At Risk
89620,12195,43843,6,0.2781515863421755,0.13607453693372015,1.205238650885459,45,Critical
68999,40162,36705,3,1.0941833537665169,0.5820664067595183,1.1763771658043742,14,Critical
81864,73741,98294,5,0.750208557999471,0.9007744551939803,1.1578182354641395,7,Critical
69501,66457,52768,4,1.259418587022438,0.956202069034978,0.6940610374639256,9,Critical
19936,10010,112353,4,0.08909419419152137,0.5021067415730337,1.1149293432914749,27,Critical
18771,15141,73258,4,0.20668049905812336,0.8066165894198498,0.9056304801313737,51,Critical
21657,19322,69397,2,0.2784270213409802,0.8921826661125734,0.5304355194960545,20,Critical
60362,56586,89190,3,0.634443323242516,0.9374440873397171,0.7610618750624287,47,Critical
27783,22814,25663,10,0.8889841405915131,0.8211496238707123,1.250449447167897,42,At Risk
99559,18587,35996,7,0.5163629292143571,0.18669331753030866,0.8240498536914207,39,Critical
43532,33788,21623,7,1.5625953845442353,0.7761646604796472,1.013191292638183,21,Critical
31449,25440,118709,11,0.21430557076548534,0.8089287417723934,0.8659806910184367,13,Critical
85228,64679,43387,1,1.4907460760135525,0.7588937907729854,0.9739322281710721,55,Critical
14457,8069,88625,6,0.09104654442877291,0.5581379262640935,0.5713425210436397,15,Critical
50288,45203,94052,5,0.48061710543103814,0.8988824371619472,0.7428262044504158,41,Critical
42088,14549,108025,5,0.1346817866234668,0.34568047899638854,0.6616756594210507,18,Critical
40311,27284,71600,11,0.3810614525139665,0.6768375877552033,0.9333863204064499,35,Critical
96137,59608,30752,2,1.9383454734651404,0.6200318295765418,1.1625071493007777,10,Critical
41902,33932,76987,8,0.4407497369685791,0.8097942818958522,1.0529058063632166,24,Critical
45903,41562,75725,8,0.5488544073951799,0.9054310175805503,1.2355360365941945,19,Critical
19370,10993,87942,11,0.12500284278274318,0.5675271037687145,0.6172889446387329,9,Critical
46654,31526,69193,11,0.4556241238275548,0.6757405581514982,1.0728486969631543,24,Critical
55317,15779,86888,8,0.1816016020624252,0.28524684997378746,0.9835480296930397,20,Critical
29125,8527,24749,8,0.34453917329993133,0.2927725321888412,1.217692822807566,45,Critical
44398,22152,22585,6,0.9808279831746735,0.4989413937564755,0.8779075871621864,39,Critical
63936,22533,14227,3,1.5838194981373446,0.3524305555555556,1.152531926503069,18,Critical
51690,31805,97957,3,0.32468327939810326,0.6153027664925518,0.8972924532708926,36,Critical
17282,16653,31684,6,0.5255965155914657,0.9636037495660225,0.6676397038622272,27,Critical
15484,10866,89391,12,0.12155586132832165,0.7017566520278997,1.008360520398699,58,Critical
19534,15503,30295,6,0.5117346096715629,0.7936418552267841,1.1849429627289267,58,Critical
87300,38741,20805,7,1.8621004566210047,0.44376861397479955,0.9801735451891669,58,Critical
10180,8960,88690,4,0.10102604577742699,0.8801571709233792,0.7277322365054214,48,Critical
71536,35237,49986,11,0.7049373824670908,0.49257716394542606,1.225756207721203,33,Critical
49406,26600,15878,5,1.6752739639753118,0.5383961462170587,0.9523161837160077,7,Critical
88286,39750,14708,1,2.7026108240413382,0.45024126135514125,1.1063899824195873,15,Critical
99509,26348,96420,8,0.2732628085459448,0.2647800701444091,0.8778664044525504,33,Critical
77723,77161,29435,4,2.6214030915576694,0.9927691931603257,0.6637829812414131,9,Critical
75605,61566,112808,7,0.5457591660165946,0.8143112228027247,0.9104333429048763,50,Critical
47082,20404,12194,5,1.6732819419386584,0.43337156450448155,0.6087647409744333,6,Critical
90372,12015,109612,2,0.10961391088566945,0.13295047138494223,1.06609112102204,8,Critical
61276,55723,113107,12,0.49265739520984553,0.9093772439454273,0.8073055702584907,23,Critical
94457,54050,78173,6,0.6914151945044964,0.5722180463067851,0.8343217451177247,48,Critical
31995,19943,89535,9,0.2227397107276484,0.6233161431473668,1.0682959296195507,53,Critical
94651,35746,47571,11,0.7514241870046877,0.3776610918004036,0.9232362717875482,42,Critical
98396,69964,69645,10,1.0045803718859934,0.7110451644375788,1.0442391373625108,5,Critical
68837,37683,22756,9,1.6559588679908595,0.5474236239231809,0.5590607402554719,55,Critical
25750,18567,94505,7,0.19646579546055765,0.7210485436893204,0.9418687847017821,31,Critical
33652,25365,113062,4,0.22434593408926076,0.7537442053964103,1.0147796517731555,31,Critical
55507,13013,88749,7,0.14662700424793518,0.23443889959824887,0.8606045575327745,38,Critical
64452,51359,67404,7,0.7619577473146995,0.7968565754359833,0.8790997781644103,58,Critical
67395,20147,12906,2,1.561056872772354,0.29893909043697603,1.2273905432728531,19,Critical
31877,19003,63283,1,0.30028601678175815,0.5961351444615239,0.5152771823298467,44,Critical
92550,86326,113704,4,0.759216914092732,0.9327498649378714,0.7274900616115136,44,Critical
44698,11879,92098,9,0.12898217116549762,0.2657613316032037,0.7055450232747615,47,Critical
80333,59297,60933,11,0.9731508378054584,0.7381399922821257,0.5012056074751017,37,Critical
39997,25680,115941,12,0.22149196574119595,0.6420481536115209,0.9826447888387257,6,Critical
12741,9222,111805,10,0.08248289432494074,0.7238050388509536,1.1309754340649536,15,Critical
50457,24737,17372,3,1.423958093483767,0.4902590324434667,0.5468517839303713,12,Critical
29870,16878,76639,9,0.22022729941674604,0.5650485436893203,0.5937435732541815,22,Critical
15297,9444,48123,11,0.19624711676329407,0.6173759560698177,0.7290155296564202,43,Critical
64280,42296,67948,3,0.6224760110672868,0.6579962663347854,0.5023537656120716,35,Critical
58839,40993,119315,11,0.3435695428068558,0.6966977684868879,0.9488549857870867,32,Critical
13411,10524,109042,9,0.09651327011610206,0.7847289538438595,0.8906399577371867,45,Critical
62175,16257,38464,11,0.4226549500831947,0.26147165259348615,0.7032085509022072,9,Critical
81493,25140,28938,12,0.8687538876218122,0.3084927539788693,1.278459038282811,52,Critical
64937,14245,64471,2,0.2209520559631462,0.2193664628794062,1.1894217920726602,38,Critical
30452,20876,81138,11,0.257290049052232,0.6855378957047156,1.0579950428152642,25,Critical
94063,22712,119432,9,0.19016678947015875,0.2414551949225519,0.8608711435690377,42,Critical
26172,15842,93148,2,0.17007343152832052,0.6053033776555097,1.201475017501823,26,Critical
45728,15412,72819,2,0.21164805888573038,0.337036389083275,0.6470857725062514,21,Critical
29763,15130,63422,11,0.23856075178959982,0.5083492927460269,1.0426697000956338,8,Critical
46340,37945,18883,4,2.009479425938675,0.8188390159689254,0.8620983130723625,37,At Risk
73747,73671,57350,4,1.2845858761987794,0.9989694496047297,0.5229949827978443,45,Critical
16260,12375,67568,9,0.18314882784750178,0.761070110701107,1.290391790492847,47,Critical
41054,21923,54802,6,0.400040144520273,0.5340039947386369,1.175775461154835,41,Critical
81310,69837,49942,1,1.3983621000360418,0.8588980445209692,0.8325649828531068,9,At Risk
86317,22007,9587,5,2.2955043287785544,0.25495557074504444,1.2210140790006707,55,Critical
40172,23105,80963,11,0.28537727109914407,0.5751518470576521,0.7877429618066611,36,Critical
92137,37605,42340,7,0.8881672177609825,0.40814222299401975,0.8782216422815028,57,Critical
87800,39885,35703,1,1.1171330140324343,0.4542710706150342,0.7903417885958743,46,Critical
76591,75843,69646,4,1.0889785486603683,0.9902338394850569,0.5468845423847328,47,Critical
58445,55445,43102,12,1.286367221938657,0.9486696894516212,1.0850983679362192,21,At Risk
91222,51156,93476,5,0.5472634686978476,0.5607857753612068,0.5411125592243359,39,Critical
52037,23285,38375,7,0.6067752442996742,0.44747006937371486,0.7500262214906286,28,Critical
42562,38813,106873,5,0.3631693692513544,0.9119167332362201,0.62379261786927,23,Critical
36210,19409,62110,7,0.31249396232490745,0.536012151339409,0.6178071054337353,23,Critical
89779,13290,10780,6,1.2328385899814471,0.14803016295570234,0.6296099178541108,40,Critical
35320,16239,55093,12,0.2947561396184633,0.4597678369195923,0.641594685906157,9,Critical
97931,12285,13503,3,0.9097978227060654,0.12544546670615025,0.5626460777508873,53,Critical
71148,46782,46273,5,1.0109999351673762,0.6575307809074042,1.224145376785696,54,Critical
25636,8317,48910,6,0.17004702514823145,0.32442658761117177,0.5830814333618569,7,Critical
43492,33644,44579,6,0.7547051302182642,0.7735675526533615,0.986910842306553,21,Critical
88178,11377,18200,11,0.6251098901098902,0.1290231123409467,0.7950003089869104,13,Critical
82069,75142,70880,4,1.0601297968397292,0.9155954136153724,0.8824969059641774,47,At Risk
39095,27458,21480,7,1.2783054003724394,0.7023404527433176,1.290986954278399,41,Critical
33286,32446,101447,8,0.31983203051839876,0.9747641651144625,1.2742342457918048,23,Critical
58356,33945,23097,7,1.469671385894272,0.5816882582767838,0.9598906739785789,57,Critical
57689,33308,14888,3,2.237238044062332,0.5773717693147741,0.6031279370196995,56,Critical
60616,24220,77459,9,0.3126815476574704,0.399564471426686,0.8426187873708733,31,Critical
82870,46491,89225,9,0.5210535163911459,0.5610112223965247,1.137664039866439,45,Critical
75009,61767,110943,4,0.5567453557232093,0.823461184657841,0.6859645493522734,37,Critical
40395,27580,66169,6,0.4168114978313107,0.6827577670503775,0.5177152659646355,55,Critical
86658,76027,108087,7,0.7033870863286057,0.8773223476193773,1.011344407385193,26,Critical
23692,11571,31078,1,0.3723212561940923,0.4883927063987844,1.0981924352460375,31,Critical
45011,23031,20636,6,1.116059313820508,0.5116749239074893,0.8645378114788911,14,Critical
55275,41377,58636,1,0.7056586397435023,0.7485662596110357,1.1349413004226707,16,Critical
78529,57675,22888,12,2.5198794127927298,0.7344420532542119,0.7257723068295273,40,Critical
81345,74149,19732,9,3.7578045813906344,0.911537279488598,0.9559264680323453,28,At Risk
41100,16257,11140,3,1.4593357271095153,0.3955474452554745,1.0609343309095174,5,Critical
48635,46568,18558,1,2.5093221252290117,0.9574997429834481,1.296925446667582,60,At Risk
65026,51085,47916,9,1.0661365723349194,0.785608833389721,1.252918025068537,15,Critical
13717,8905,77765,2,0.11451166977432006,0.6491944302690092,1.0530182896758542,44,Critical
66725,50282,119770,7,0.41982132420472573,0.7535706257025103,0.9103678959662163,19,Critical
30100,26681,30335,1,0.8795450799406626,0.8864119601328904,0.8262638807006701,57,At Risk
90495,69984,100043,9,0.6995391981447977,0.7733465937344605,0.8385744261327879,25,Critical
39779,35371,53489,6,0.6612761502364972,0.8891877623871892,0.5615198879248073,57,Critical
47187,42982,12260,9,3.505872756933116,0.91088647296925,0.5087781429334879,10,Critical
92476,22818,86641,3,0.2633626112348657,0.24674510143172282,0.6595013997773729,10,Critical
55030,13312,97533,9,0.13648713768673168,0.24190441577321461,1.0004890985795218,17,Critical
96720,75135,53030,7,1.4168395247972845,0.7768300248138957,1.0898165915435731,30,Critical
46645,44833,99782,5,0.4493094946984426,0.961153392646586,1.2022067539421324,29,Critical
75002,45531,38561,10,1.1807525738440394,0.6070638116316899,0.5597264492408596,14,Critical
38015,17864,112331,6,0.1590300095254204,0.4699197685124293,1.1886200216418996,37,Critical
62176,15086,75603,5,0.199542346203193,0.24263381369016984,1.1809866530275266,22,Critical
11876,10896,15917,8,0.684551108877301,0.917480633209835,1.1803596190216954,53,Critical
41228,29771,100807,5,0.29532671342267897,0.7221063355001456,0.8008953747920076,38,Critical
66905,62374,15857,5,3.9335309327111054,0.9322771093341304,0.5193018139947363,8,Critical
99451,87816,118906,6,0.7385329588077978,0.8830077123407507,0.6198190669528315,6,Critical
17965,13373,26906,9,0.4970266854976585,0.7443918730865572,0.8721324048551868,59,Critical
64281,8697,36735,10,0.23674969375255206,0.13529658841648387,0.6876375665972472,23,Critical
22818,22522,90286,3,0.24945174224132202,0.9870277850819529,0.9854817458942591,16,Critical
84241,37552,106606,2,0.3522503423822299,0.4457686874562268,1.0994197994360138,7,Critical
25841,19395,9889,8,1.9612700980887856,0.7505514492473202,0.9275061710120489,46,Critical
99021,55343,114020,6,0.485379757937204,0.5589016471253573,1.2906468042703185,37,Critical
11940,8556,85383,11,0.10020730121921226,0.7165829145728643,0.8153181685948825,16,Critical
85797,47045,65860,3,0.7143182508351048,0.5483291956595219,0.5654460162632876,25,Critical
24473,21423,60740,2,0.35270003292723084,0.8753728598864055,1.0759722922238015,42,Critical
45297,40450,53725,9,0.7529083294555607,0.8929951210896969,0.5927471854696026,54,Critical
67083,54545,33212,11,1.642328074190052,0.8130972079364369,0.9345524209316403,55,At Risk
68044,47216,52266,2,0.9033788696284392,0.6939039445064958,0.6683260490798639,58,Critical
40562,38336,76582,4,0.5005876054425322,0.9451210492579262,1.2517118387733879,9,Critical
98608,93944,30913,8,3.038980364248051,0.9527016063605387,0.5836029003381474,42,Critical
45796,17236,95324,12,0.18081490495572994,0.3763647480129269,0.6284066025457566,19,Critical
36996,18902,113831,7,0.1660531841062628,0.510920099470213,0.8120537809897723,13,Critical
19189,12309,33290,4,0.36975067587864224,0.6414612538433477,1.1818035602517756,39,Critical
19141,10622,69407,12,0.15303931880069735,0.5549344339376208,1.0161251908537512,60,Critical
12814,8208,31641,4,0.2594102588413767,0.6405493990947402,0.6715874893215799,49,Critical
19641,10181,97109,10,0.10484095192000742,0.5183544626037371,0.8220434398875107,56,Critical
33384,18974,58058,7,0.3268111199145682,0.5683560987299305,1.1880143955482083,20,Critical
97925,55711,38923,5,1.4313131053618684,0.5689149859586419,1.1129174330713325,23,Critical
80359,19064,84383,9,0.2259222829242857,0.23723540611505867,1.2203594133114395,36,Critical
94950,25801,78530,7,0.32854959887940915,0.27173249078462347,0.913376138497453,45,Critical
23539,8442,110411,5,0.07645977302986115,0.3586388546667233,1.207122870160593,58,Critical
81086,68422,58947,11,1.1607376117529307,0.8438201415780776,0.5856742481915053,11,Critical
74028,34890,115811,10,0.3012667190508674,0.47130815367158374,0.7576172603988225,39,Critical
51339,44284,63428,7,0.6981774610582078,0.8625801047936267,0.7740128190481192,7,Critical
47095,44145,92757,6,0.47592095475274104,0.9373606539972397,1.119465392585675,6,Critical
84990,80485,34725,9,2.3177825773938086,0.946993763972232,0.7134394890591433,24,At Risk
57918,36017,56654,12,0.6357362233911109,0.6218619427466417,0.9052476528545556,54,Critical
78924,71184,103878,5,0.6852654074972564,0.901930971567584,1.0081746744251745,37,Critical
13205,12511,86997,9,0.1438095566513788,0.9474441499432034,1.1388805624129597,27,Critical
46799,45579,22328,8,2.0413382300250804,0.9739310669031389,0.5906386271274728,45,Critical
17738,13801,28328,8,0.4871858232137814,0.7780471304543917,1.0836084988430277,51,Critical
14343,13372,55962,1,0.23894785747471498,0.9323014711008855,0.6136683608765734,60,Critical
52498,10070,44185,6,0.22790539775942062,0.1918168311173759,1.0297595217081277,19,Critical
80106,34888,33547,11,1.039973768146183,0.4355229321149477,0.718976662072222,32,Critical
55513,36722,86101,9,0.4264991115085771,0.6615027110766848,1.0069943480087091,59,Critical
85759,33312,15665,8,2.1265240983083307,0.3884373651745006,0.6538961805086292,58,Critical
70949,66569,108791,11,0.6118980430366483,0.9382655146654639,1.2905901475755162,24,Critical
54985,9123,44106,7,0.2068426064481023,0.1659179776302628,1.0195882893127446,15,Critical
30979,23458,114347,10,0.20514748965867055,0.7572226346880144,0.5113864198033364,51,Critical
20367,10164,107292,10,0.09473213287104351,0.4990425688613934,0.9855711444466615,49,Critical
53257,25690,90039,6,0.28532080542875865,0.48237790337420433,0.8644183013188572,52,Critical
74086,70762,65369,2,1.0825008796218392,0.9551332235510083,0.8717102321121929,26,At Risk
81826,34545,15738,9,2.1950057186427756,0.4221763253733532,1.1265972177768453,49,Critical
15492,8367,45086,5,0.1855786718715344,0.5400852052672347,1.232731248434163,6,Critical
95928,16391,115752,4,0.14160446471767227,0.17086773413393377,1.172018559796362,34,Critical
47758,35643,29778,8,1.1969574853919,0.746325222999288,1.0680593404266765,31,Critical
33207,10140,36897,12,0.2748190909830068,0.305357304182853,0.612347447230798,46,Critical
58042,9199,72120,2,0.12755130338325013,0.15848868061059232,0.5471090349711384,52,Critical
50904,32943,111792,7,0.29468119364534134,0.6471593587930221,1.0910502288382944,47,Critical
67190,25577,53862,2,0.4748616835616947,0.3806667658877809,1.196537522573173,27,Critical
73640,10483,58921,6,0.17791619286841703,0.14235469853340577,0.8020896298049816,48,Critical
22936,21406,52424,3,0.408324431558065,0.9332926403906523,0.5601356971805354,47,Critical
81917,13033,88429,8,0.14738377681529816,0.159100064699635,0.796312547820103,22,Critical
11415,9483,99357,10,0.0954437030103566,0.8307490144546649,0.670951689335552,42,Critical
48991,27968,32092,7,0.8714944534463418,0.5708803657814701,0.6864245056502634,28,Critical
69665,54684,67134,6,0.8145500044686745,0.7849565779085624,1.0505403211720998,33,Critical
53676,43081,19995,10,2.1545886471617903,0.8026119681049259,0.8994630693888142,7,At Risk
87468,85977,61261,10,1.4034540735541372,0.9829537659486898,1.2476859594502292,56,At Risk
78665,20703,18198,1,1.1376524892845368,0.26317930464628486,0.9663097143778936,23,Critical
25278,22197,15228,4,1.4576438140267927,0.8781153572276288,1.0988817359277991,23,At Risk
37759,24525,58888,9,0.4164685504686863,0.6495140231467994,0.7266329793885168,48,Critical
79283,68800,84060,4,0.8184630026171782,0.8677774554444206,1.2099857070700297,47,At Risk
21314,18573,44966,7,0.41304541208913403,0.8713990804166276,0.6679299682568519,37,Critical
30383,9846,108371,4,0.09085456441298871,0.32406279827535134,1.057518026377183,52,Critical
59736,13516,99708,10,0.13555582300316926,0.22626222043658764,0.5971438252470885,49,Critical
19869,10742,87976,5,0.1221014822224243,0.540641199859077,0.5027566973176752,37,Critical
37825,30060,24758,3,1.2141530010501655,0.7947124917382683,0.5554062779155857,37,Critical
61673,12884,48393,8,0.26623685243733597,0.20890827428534367,0.5609994587519951,43,Critical
16862,16486,66308,5,0.24862761657718527,0.9777013402917804,0.9867234665353297,17,Critical
59534,49118,33325,9,1.4739084771192799,0.8250411529546142,1.0590908565090804,25,At Risk
68193,13643,95195,3,0.14331635064866852,0.20006452275160208,0.5230644984991405,31,Critical
68139,20585,62683,2,0.3283984493403315,0.3021030540512775,0.520991758564736,14,Critical
40096,15469,100572,2,0.1538102056238317,0.3857990822027135,0.5865917030614931,56,Critical
36727,26284,54535,8,0.4819657100944348,0.7156587796444033,0.8633533679718856,36,Critical
50999,50210,109700,12,0.4577028258887876,0.9845291084138905,0.8121141897031636,34,Critical
29815,20874,68067,4,0.30666842963550617,0.7001173905752138,1.1742511001925098,15,Critical
41358,20604,111080,9,0.18548793662225424,0.498186566081532,0.8696027864839261,20,Critical
67944,40577,68374,8,0.5934565770614562,0.5972124102201813,0.614547798599541,59,Critical
67045,29080,109768,11,0.2649223817506013,0.43373853382056826,0.5235904288501143,20,Critical
22041,18618,38225,10,0.48706344015696534,0.8446985164012523,0.7863749556118719,52,Critical
87370,52773,117077,4,0.45075463156725915,0.6040173972759528,0.6952426126083752,37,Critical
35185,13997,68528,12,0.20425227644174643,0.39781156742930224,0.9755164737028459,49,Critical
29636,14996,69730,6,0.215058081170228,0.506006208665137,0.5575841621583626,54,Critical
82459,60268,99028,2,0.6085955487336915,0.73088443953965,0.8692533721485018,45,Critical
40738,32905,109415,11,0.30073573093268746,0.8077225195149492,0.9896168503803754,58,Critical
69968,62863,92759,3,0.6777024331870762,0.8984535787788703,0.7290633337174663,40,Critical
60734,12183,19895,7,0.6123649158079919,0.20059604175585338,0.6921726469853557,58,Critical
17395,12102,93123,2,0.12995715344222158,0.6957171601034781,1.2473467733898502,8,Critical
34901,13169,55966,3,0.23530357717185435,0.37732443196470017,1.227951732599541,20,Critical
42740,29552,78845,11,0.3748113387025176,0.6914365933551708,1.2777934846368826,15,Critical
46559,29769,25888,5,1.149915018541409,0.6393822891385125,0.5454224708622208,57,Critical
87250,21802,61704,8,0.35333203682095166,0.24987965616045846,0.9103137677709412,34,Critical
75752,28545,106916,3,0.2669852968685697,0.37682173407962827,0.8679598463011065,29,Critical
65667,20922,19738,11,1.059985814165569,0.31860751975878293,0.5101202382560373,32,Critical
30072,26147,46654,5,0.560444977922579,0.8694799148709763,0.9248872348255661,57,Critical
79579,35608,36489,4,0.9758557373455014,0.44745473051935813,0.5510817696600838,50,Critical
54661,31632,9572,7,3.304638529043042,0.5786941329284133,1.0696213789300266,11,Critical
55970,19912,10780,7,1.8471243042671615,0.35576201536537433,0.9350286806124195,7,Critical
10063,8854,25398,11,0.34861012678163633,0.8798569015204214,1.2062891600823331,27,Critical
78129,73196,28168,12,2.5985515478557226,0.9368608327253645,0.6853143861108789,26,Critical
69439,32938,103417,7,0.31849695891391167,0.4743443886000662,1.036027349163661,6,Critical
29735,18391,35202,6,0.522441906709846,0.6184967210358164,0.5322187738931053,51,Critical
38112,36738,45685,2,0.8041589143044763,0.9639483627204031,0.9324610001861464,24,At Risk
14334,10758,111855,7,0.09617808770282955,0.7505232314776057,0.8825430782937094,47,Critical
73839,14470,106220,7,0.1362266993033327,0.1959669009601972,1.1619663247450154,11,Critical
17132,13199,116300,9,0.11349097162510748,0.770429605416764,1.147573035127384,30,Critical
99836,24206,45770,10,0.5288616998033646,0.24245763051404304,0.7404262587739256,31,Critical
81014,62098,109213,8,0.5685953137447007,0.7665094921865356,0.9906309244182347,10,Critical
94315,78565,79485,9,0.988425489085991,0.83300641467423,1.0650697298596405,39,At Risk
37543,26533,9827,6,2.7000101760455886,0.7067362757371547,0.5354941778496242,41,Critical
15654,12730,82714,5,0.15390381313925092,0.8132106809761084,0.7804400417308568,46,Critical
44555,29262,84433,7,0.34657065365437684,0.6567613062507014,0.6579939837456718,41,Critical
39331,24149,55480,9,0.4352739726027397,0.6139940504945208,1.1463961478631346,27,Critical
18953,8836,63536,8,0.13907076303198188,0.46620587769746213,0.8444772582774311,39,Critical
64662,63606,20048,5,3.172685554668795,0.9836689245615663,0.9606908045187648,60,At Risk
98382,21290,29665,8,0.7176807685825046,0.21640137423512432,0.8707657928184213,18,Critical
49246,37904,105392,8,0.3596477911036891,0.769686878122081,1.1383753663823277,26,Critical
31555,29516,113696,6,0.25960455952716016,0.9353826651877674,0.5591562531783892,6,Critical
30433,17347,116311,8,0.14914324526485026,0.5700062432228173,0.8037120153594915,26,Critical
59454,16931,72092,7,0.23485268823170394,0.28477478386651867,1.1669943659735094,45,Critical
26301,18698,21822,9,0.8568417193657777,0.7109235390289342,0.7512753542770814,46,Critical
78979,33758,102031,5,0.3308602287540061,0.4274300763494093,0.7806893516898646,46,Critical
56653,9406,67814,6,0.13870292270032736,0.16602827740808077,0.6839392560079841,57,Critical
26125,23359,47889,3,0.4877738102695817,0.8941244019138755,1.0856074634093509,25,Critical
83836,74149,22590,8,3.282381584772023,0.8844529796268906,0.6600013172723427,7,Critical
30074,17996,47971,2,0.3751433157532676,0.598390636430139,0.8325765110321903,47,Critical
68576,18668,53697,1,0.34765443134625773,0.2722235184321045,0.6272390520292911,10,Critical
54739,25797,70686,4,0.36495204142262966,0.4712727671312958,0.9053119575082573,28,Critical
19916,17121,76571,1,0.22359640072612347,0.8596605744125326,1.2886370676476622,26,Critical
93567,65281,74996,2,0.8704597578537522,0.6976925625487619,1.1914942683627276,19,Critical
13241,11059,65873,3,0.16788365491172408,0.8352088210860207,0.6644797810603577,47,Critical
20336,20068,78107,8,0.2569295965790518,0.9868214004720692,0.7301678528635629,6,Critical
78903,28407,57894,4,0.49067260856047257,0.36002433367552567,1.1216591621064111,25,Critical
63061,33652,89808,9,0.37471049349723856,0.533642029146382,0.8690472117132539,32,Critical
24305,20044,29619,12,0.6767277760896722,0.8246862785435096,0.8468725056980617,31,Critical
23818,21996,81709,9,0.2691992314188156,0.9235032328491057,0.6278378201988917,58,Critical
64984,14106,108379,8,0.13015436569815186,0.21706881693955435,1.07980132711985,22,Critical
58955,20011,37795,4,0.5294615689906073,0.3394283775761174,1.0285215878940737,15,Critical
77938,21147,38407,6,0.5506027547061734,0.2713310580204778,1.0903554677896188,43,Critical
16969,15137,16646,3,0.9093475910128559,0.8920384230066593,1.277883103693065,44,At Risk
42960,29401,84453,1,0.34813446532390796,0.6843808193668529,1.2279282340547142,41,Critical
63976,29509,79515,11,0.3711123687354587,0.4612510941603101,0.7766717783157471,55,Critical
19989,12852,59594,10,0.21565929455985502,0.6429536244934714,0.7050575496146065,57,Critical
84871,64491,109808,6,0.5873069357423867,0.7598708628388967,0.6059877823609965,55,Critical
30638,19037,23335,1,0.8158131562031283,0.6213525687055291,0.8971971635019212,56,Critical
56984,49601,14034,12,3.5343451617500357,0.870437315737751,0.7915563163937751,26,At Risk
90879,25097,69502,12,0.3610975223734569,0.2761584084331914,1.1328487335352588,45,Critical
82962,45700,100404,10,0.45516114895820886,0.5508546081338445,0.9317551083868592,34,Critical
27480,16841,102934,10,0.1636096916470748,0.6128457059679767,1.2837352633519488,34,Critical
39136,17437,102838,9,0.16955794550652484,0.4455488552739166,0.7811270626672808,17,Critical
75511,8855,23007,7,0.384882861737732,0.1172676828541537,1.1232649867432642,12,Critical
15447,11059,100532,1,0.11000477459913262,0.7159318961610669,1.013657853254589,24,Critical
91517,51090,80487,4,0.634760893063476,0.5582569358698384,0.5278317971161222,45,Critical
16082,13709,118640,1,0.11555124747134188,0.8524437259047383,0.6205224356635136,35,Critical
36514,18139,118217,9,0.1534381687912906,0.49676836281974035,0.5918854151168438,48,Critical
84086,62286,90028,8,0.6918514240014217,0.740741621673049,1.063452630355664,47,Critical
68071,31980,39161,2,0.8166287888460458,0.46980358743077083,0.9141781123612926,29,Critical
95969,28994,90437,8,0.32059886993155456,0.30211839239754507,0.9523775840613944,44,Critical
67354,62612,107318,3,0.5834249613298794,0.9295958666151973,0.915011197859435,51,Critical
43126,32094,114416,12,0.28050272689134387,0.7441914390390948,0.5544941757530345,41,Critical
70336,11078,57129,11,0.19391202366573895,0.15750113739763422,0.8887777619730912,28,Critical
47212,41594,14371,6,2.894301022893327,0.8810048292806913,0.9143779019438627,55,At Risk
27756,25737,35477,5,0.725455929193562,0.9272589710332901,0.5347271024296979,22,Critical
87509,58974,116690,7,0.5053903505013283,0.6739192540195865,1.056596200979326,39,Critical
42793,28838,55074,5,0.5236227621018993,0.6738952632439885,0.991792736004671,50,Critical
95781,10549,14141,11,0.745986846757655,0.11013666593583278,0.831787124810172,54,Critical
47547,18931,42511,6,0.4453200348145186,0.39815340610343447,0.6663900465883279,54,Critical
22407,12553,99492,6,0.12617094841796325,0.5602267148658902,0.653007471701288,18,Critical
58818,14196,41071,11,0.3456453458644786,0.24135468734061002,1.144242663485062,41,Critical
24794,10486,45511,10,0.23040583595174793,0.42292490118577075,1.2285396576783418,31,Critical
17780,13327,56821,3,0.2345435666390947,0.7495500562429697,0.5843929565301719,45,Critical
57445,21737,69461,4,0.31293819553418467,0.3783967273043781,1.2777616610792104,27,Critical
58266,47180,86535,11,0.5452129196278962,0.809734665156352,1.266978085065708,34,Critical
70126,41611,74063,1,0.5618324939578467,0.5933747825342954,0.582376502445684,42,Critical
46658,11731,104179,7,0.11260426765470968,0.2514252646920142,0.899251198981752,55,Critical
11176,10801,54393,12,0.198573345834942,0.966445955619184,0.7813554634626958,24,Critical
84947,63583,65836,4,0.9657786013731089,0.74850200713386,0.677360568677661,23,Critical
37369,27627,43374,11,0.6369484022686402,0.7393026305226257,0.7899841622735108,30,Critical
92164,17531,85561,2,0.20489475345075442,0.19021526843452974,0.8219249471337162,31,Critical
11424,9650,48180,5,0.20029057700290576,0.8447128851540616,0.7331741968466909,32,Critical
89193,82359,34624,9,2.378667975970425,0.9233796374154922,0.7261321230532702,17,At Risk
79313,61288,28553,11,2.146464469582881,0.7727358692774199,0.5544226659659427,9,Critical
81909,12315,30687,2,0.40131000097761266,0.15034977841262864,0.8306223987157769,9,Critical
97790,29288,108532,3,0.26985589503556556,0.29949892627057983,0.8863488138926093,28,Critical
83342,30201,43299,2,0.697498787500866,0.3623743130714406,1.1473661297071764,38,Critical
75051,19833,87373,7,0.22699232028200933,0.2642603029939641,0.5362255958741858,50,Critical
81934,53079,73141,12,0.7257078793016228,0.6478262992164425,0.8629130874650143,5,Critical
98606,29988,71712,7,0.4181726907630522,0.3041194247814535,1.1103048297610956,43,Critical
87985,83114,28259,8,2.941151491560211,0.944638290617719,1.2650864885698105,7,At Risk
18567,14362,51329,2,0.2798028404995227,0.7735229170032853,0.9515230365612457,15,Critical
27151,23078,22170,6,1.040956247180875,0.8499871091304187,1.0189297352545885,11,At Risk
27737,21022,95718,11,0.21962431308635785,0.7579046039586113,0.7422311191173712,48,Critical
43360,40403,24496,1,1.6493713259307643,0.9318035055350553,0.7077865533891929,22,At Risk
61689,18899,12552,10,1.5056564690885914,0.3063593185170776,0.8060978874409106,53,Critical
15852,15059,60173,2,0.25026174530104867,0.9499747665909665,0.6256960365006285,11,Critical
66428,32717,94559,9,0.3459956217811102,0.4925182152104534,0.9203925733750009,39,Critical
49358,10763,73605,1,0.14622647917940357,0.2180598889744317,1.04417694412178,21,Critical
31297,23009,63761,7,0.3608632236006336,0.7351822858420934,1.2302343400827191,7,Critical
96744,85852,50068,4,1.7147079971239114,0.8874142065657818,0.8829912553332903,33,At Risk
88280,80456,110370,7,0.7289662045845792,0.9113729043951064,0.5630884358581352,58,Critical
61623,37390,17884,12,2.0906955938268843,0.606753971731334,1.1491738066789319,52,Critical
77365,41279,22795,7,1.810879578855012,0.5335616881018549,1.2598189298906282,10,Critical
62346,18484,57200,8,0.32314685314685315,0.2964745132005261,1.0283850610953678,32,Critical
41005,18436,36751,10,0.5016462137084705,0.44960370686501644,0.8261451167748384,59,Critical
77050,75243,16817,10,4.474222512933341,0.9765476963011032,1.13153882733241,6,At Risk
95115,22102,71181,9,0.31050420758348435,0.2323713399568943,0.6867755768954578,7,Critical
98425,40934,34761,12,1.1775840741060384,0.41589027178054355,0.7819534730899013,20,Critical
92088,84923,108773,9,0.7807360282423028,0.922193988358961,0.7175586904454073,24,Critical
80627,22026,34278,8,0.6425695781550849,0.2731839210190135,0.6966905614720893,7,Critical
84455,56491,24504,6,2.3053787136793993,0.6688887573263869,0.8320836364485562,42,Critical
94438,16250,54097,8,0.3003863430504464,0.1720705648150109,0.6465090760696717,32,Critical
62888,41976,63498,10,0.6610601908721535,0.6674723317644066,1.1853884489234745,35,Critical
51235,35358,86773,10,0.4074769801666417,0.6901141797599297,0.7669089537329922,9,Critical
76529,9674,63910,2,0.15136911281489596,0.12640959636216337,0.7869127334381454,22,Critical
91812,13978,76164,10,0.1835250249461688,0.15224589378294776,0.7171529254635834,20,Critical
54855,8817,96538,2,0.09133191075017091,0.16073284112660652,0.9811298556501395,45,Critical
48588,17192,55778,2,0.3082218795941052,0.35383222194780606,0.5997370371767984,18,Critical
68488,32237,90292,5,0.35703052319142337,0.47069559630884245,1.1433731694325884,51,Critical
33975,19265,83180,5,0.23160615532579948,0.5670345842531272,1.173524092635883,50,Critical
64143,36464,76040,3,0.47953708574434506,0.5684798029403052,0.7001539289136037,37,Critical
63998,22849,28571,9,0.7997269959049386,0.3570267820869402,0.7888482821697114,16,Critical
80566,50160,79604,2,0.6301190894929903,0.622595139388824,1.298638579152494,35,Critical
46395,29316,21516,10,1.3625209146681538,0.6318784351762043,0.8397413230820687,23,Critical
92079,39668,15589,4,2.544614792481878,0.4308039835358768,1.0022947247251308,10,Critical
95818,28518,34990,11,0.8150328665332952,0.29762675071489697,1.2413186256789173,38,Critical
65586,36674,112963,4,0.32465497552295886,0.5591742140090873,0.663102730122125,60,Critical
77543,26728,93595,11,0.2855708104065388,0.3446861741227448,1.2650484638233115,56,Critical
28202,10988,77730,9,0.14136112183198252,0.38961775760584355,1.1207031038981055,47,Critical
73361,32690,104137,10,0.31391340253704253,0.44560461280516894,1.2864504305939037,47,Critical
40110,15556,65078,11,0.2390362334429454,0.38783345799052604,0.7298877503474249,45,Critical
27745,11843,63141,12,0.1875643401276508,0.4268516849882862,0.7578659116871382,19,Critical
73061,25699,83513,12,0.3077245458790847,0.3517471701728693,0.5446277770269802,46,Critical
28835,23876,44378,2,0.538014331425481,0.8280215016473036,0.8859316981299951,10,Critical
68892,11142,35826,6,0.31100318204655836,0.16173140567845323,1.2460060479353154,45,Critical
62336,13148,38591,12,0.34070119976160246,0.21092145790554415,1.2850271241399929,42,Critical
68822,63884,119069,11,0.536529239348613,0.9282496875998953,0.7126673804221144,16,Critical
60705,13098,81768,8,0.1601849134135603,0.2157647640227329,1.197008131626001,6,Critical
95741,11167,76436,3,0.14609608038097233,0.11663759517865908,1.0735860961965722,21,Critical
67398,26261,84565,9,0.31054218648376986,0.38964064215555355,0.6152720308023787,27,Critical
92715,26282,60730,1,0.43276798946155115,0.2834708515342717,0.6072511800085049,55,Critical
86199,28530,79685,12,0.35803476187488237,0.33097831761389346,0.8491177941792529,25,Critical
37887,11327,47428,3,0.2388251665682719,0.29896798374112493,0.606036263294494,9,Critical
63329,10775,115113,7,0.09360367638754963,0.17014322032560122,0.9003556880011401,60,Critical
38751,29680,105333,7,0.281773043585581,0.7659157183040438,0.9223314700574567,8,Critical
34770,20890,116296,11,0.17962784618559538,0.6008052919183204,0.9873052427248481,20,Critical
69017,20008,17774,10,1.1256892089569033,0.28989958995609777,0.890582962627017,16,Critical
21991,8987,112078,4,0.08018522814468496,0.40866718202901187,0.6962712705050632,30,Critical
16415,15520,56735,10,0.27355248083193795,0.9454766981419434,1.2678066197366535,5,Critical
96314,93460,119705,11,0.780752683680715,0.970367755466495,1.2908874410415905,34,Critical
31501,25853,37335,10,0.6924601580286595,0.820704104631599,0.5865630679647642,39,Critical
98193,84900,102975,9,0.8244719592134013,0.8646237511838929,1.1690665232426283,34,At Risk
23052,16705,47395,12,0.3524633400147695,0.7246659725837238,0.812149193565902,24,Critical
62182,8117,67800,2,0.11971976401179941,0.13053616802290052,1.1370987999790563,20,Critical
52469,20160,104753,3,0.19245272211774364,0.3842268768225047,0.7266325950042705,47,Critical
85951,74986,37816,7,1.9829172836894435,0.8724273132366116,1.0991300861967108,5,At Risk
50007,41374,79577,11,0.5199240986717267,0.8273641690163377,0.9144971226454462,60,Critical
63591,51863,48420,7,1.0711069805865345,0.8155713858879401,0.7843438186988403,35,At Risk
66279,58683,93451,8,0.6279547570384479,0.8853935635721721,1.259182877042067,57,Critical
85399,75755,108690,12,0.69698224307664,0.8870712771812316,0.7119215311739003,36,Critical
27696,15134,106546,2,0.14204193493889963,0.5464326978625073,0.7801247971042868,44,Critical
32956,11640,114142,10,0.10197823763382453,0.35319820366549337,1.27747966944855,12,Critical
81695,62498,85645,5,0.7297332010041451,0.7650162188628435,0.7174347639111694,35,Critical
32836,30153,32741,11,0.9209553770501817,0.9182909002314533,0.8309455862818567,32,At Risk
98972,64715,30367,5,2.131096255803998,0.6538718021258538,0.8923288375757816,35,Critical
25086,13484,19682,12,0.6850929783558581,0.5375109622897234,0.684452167552129,52,Critical
24386,12582,35829,7,0.35116804822908815,0.515951775608956,0.5507377896219753,56,Critical
22078,12808,73426,4,0.17443412415220766,0.5801250113234895,1.195695013232499,38,Critical
22332,12038,114132,12,0.10547436301825956,0.5390471072899875,0.8011736735138908,55,Critical
36293,17475,65011,5,0.2688006645029303,0.4814978094949439,1.1193095011687055,37,Critical
96697,29373,71986,8,0.4080376739921651,0.3037633018604507,1.0960619464551482,18,Critical
83016,74507,10228,6,7.284610872115761,0.8975016864218945,1.058610605191317,58,At Risk
95730,21565,59841,2,0.3603716515432563,0.22526898568891673,1.1935383247736695,46,Critical
97474,11027,33120,5,0.33294082125603863,0.11312760325830477,0.6612175163649023,40,Critical
39377,13825,85149,4,0.1623624470046624,0.35109327780176247,0.8139223351034597,35,Critical
36606,19433,89644,8,0.21677970639418143,0.5308692564060536,0.764279623504958,32,Critical
96471,73434,20441,6,3.592485690523947,0.761202848524427,0.9951945432023287,27,Critical
33042,16853,17457,1,0.9654006988600561,0.5100478179286968,0.9135639018997275,17,Critical
74677,36371,81109,8,0.4484212602793771,0.4870442037039517,1.2632043150756531,51,Critical
48660,11324,63811,2,0.17746156618764788,0.2327168105219893,1.007877424159525,42,Critical
72214,65237,89817,12,0.7263324314996048,0.9033843852992495,0.6233823434528647,14,Critical
48144,9429,32282,9,0.29208227495198563,0.19584995014955134,0.6301544898956082,48,Critical
88240,49469,24182,2,2.0456951451492844,0.5606187669990934,0.7457183851660253,14,Critical
41545,8071,103995,5,0.07760950045675273,0.19427127211457457,0.5423765451101004,53,Critical
57007,46335,57426,6,0.8068644864695435,0.8127949199221148,0.5133504619190165,50,Critical
88880,17286,67471,7,0.25619895955299316,0.1944869486948695,0.9476153768561041,47,Critical
63336,25500,29487,2,0.8647878726218333,0.40261462675255777,0.967253399500835,13,Critical
98874,79235,27161,7,2.917234269724973,0.8013734652183587,0.8800400646101068,32,At Risk
64765,10189,14448,3,0.705218715393134,0.15732262796263413,0.5963773616959515,16,Critical
56137,40967,26355,12,1.5544298994498198,0.7297682455421558,0.9520440515047821,56,Critical
97087,47229,78615,10,0.6007632131272658,0.48646059719632906,1.0678101194814422,46,Critical
92826,46825,49642,7,0.9432536964667015,0.5044384116519078,0.7258766899203914,58,Critical
72377,35595,36187,3,0.9836405338933871,0.4917998811777222,1.0391652232198816,17,Critical
66187,27351,73606,11,0.37158655544384966,0.4132382492030157,1.050241302512997,33,Critical
41743,16700,64467,10,0.25904726449191057,0.40006707711472583,0.924274191759159,52,Critical
12065,10610,45376,8,0.233824047954866,0.8794032324906755,0.9495533037871253,21,Critical
31974,26937,106084,6,0.25392142076090646,0.8424657534246576,0.5735066801516416,36,Critical
38004,15234,35598,4,0.42794539019046013,0.4008525418377013,0.7099349590901763,51,Critical
61015,37020,102646,11,0.3606570153732245,0.6067360485126608,0.7328472820822819,40,Critical
61179,55746,106011,9,0.5258510909245268,0.9111950178982985,0.7778258115860739,22,Critical
73403,63391,79512,5,0.7972507294496428,0.8636023050828985,1.0056321164481425,55,Critical
32509,16593,113785,4,0.1458276574240893,0.5104125011535268,0.5681996908713061,16,Critical
82564,53250,60868,7,0.87484392455806,0.6449542173344315,1.0497402807688534,34,Critical
84825,62655,99250,3,0.6312846347607053,0.7386383731211318,0.8978891981912607,31,Critical
40915,22262,42091,6,0.5289016654391675,0.5441036294757424,0.5539224958052342,39,Critical
74979,45562,28134,8,1.6194639937442241,0.6076634791074834,0.8688421367287933,41,Critical
81340,75491,16013,10,4.714357084868544,0.9280919596754365,0.809645188237949,56,At Risk
41020,37652,32084,8,1.173544445829697,0.917893710385178,0.5303600916577516,39,Critical
13771,13634,53558,2,0.25456514432951194,0.9900515576210878,1.1047834772374365,6,Critical
28826,15253,114031,3,0.1337618717717112,0.5291403593977659,1.1443477314484483,45,Critical
28276,18576,21762,1,0.8535980148883374,0.6569528929127175,0.674718631024332,15,Critical
85904,69588,100367,8,0.6933354588659619,0.8100670515924753,1.0099405516451592,30,Critical
22819,8486,37433,10,0.22669836775038069,0.3718830798895657,1.20412106594069,50,Critical
32386,22615,106783,12,0.2117846473689632,0.6982955598097944,1.1548592306284533,39,Critical
33289,31759,108759,2,0.29201261504795006,0.9540388716993602,0.6048900111665183,14,Critical
15154,12582,43094,12,0.2919663990346684,0.8302758347630989,0.9779591977710923,44,Critical
23347,22566,74804,7,0.3016683599807497,0.9665481646464213,0.944871031228522,31,Critical
62992,46958,89198,7,0.5264467813179667,0.7454597409194819,0.7568995189879422,58,Critical
92791,10636,44786,3,0.2374849283258161,0.11462318543824293,1.210302278670043,43,Critical
51407,40603,48700,8,0.8337371663244353,0.7898340692901745,0.5977564821640671,43,Critical
41078,21554,15106,6,1.4268502581755593,0.524709090023857,1.095003809905343,35,Critical
49618,42806,78959,11,0.5421294595929533,0.8627111129025756,0.6516985283869979,33,Critical
28930,18102,20197,10,0.8962717235232955,0.6257172485309368,0.8000695960076587,53,Critical
76212,55861,40323,1,1.385338392480718,0.7329685613814098,0.5995593477351163,32,Critical
77082,40320,109674,5,0.367634990973248,0.523079318128746,1.1312098912565696,60,Critical
86676,79996,36570,2,2.1874760732841128,0.9229313766209792,1.1919525944517597,50,At Risk
59996,9468,36706,11,0.2579414809567918,0.1578105207013801,1.020428689350586,26,Critical
34979,15275,51157,7,0.2985906132103133,0.43669058578003944,0.659569844692425,32,Critical
57672,21822,58770,1,0.37131189382337926,0.378381190178943,1.1335364464575286,14,Critical
10318,9013,103293,9,0.08725663888162799,0.873522000387672,1.063256417873132,30,Critical
76158,8957,58818,8,0.15228331463157538,0.11761075658499436,0.5441371409850013,24,Critical
84995,53668,116108,9,0.46222482516277946,0.6314253779634096,0.6959282942158649,60,Critical
52780,18481,107095,10,0.17256641299780567,0.35015157256536567,1.1898015120606238,56,Critical
34211,20121,21280,3,0.9455357142857143,0.5881441641577271,1.1692289908486835,28,Critical
98536,32723,10240,5,3.19560546875,0.33209182430786716,1.2681440624313174,20,Critical
57743,53608,69046,5,0.7764099296121426,0.9283895883483713,1.2819810809709118,59,Critical
63041,36830,100772,2,0.36547850593418807,0.5842229660062499,0.5683431605799643,44,Critical
21511,19813,88554,4,0.2237391873884861,0.9210636418576542,0.8556041956744967,16,Critical
18364,10780,42840,5,0.25163398692810457,0.5870180788499237,1.2853702618454177,37,Critical
95783,85257,91580,5,0.9309565407294169,0.8901057598947621,1.0135832004144985,15,At Risk
84663,12077,53539,5,0.225573880722464,0.14264790994885607,0.5998789074614178,37,Critical
69464,62977,96442,7,0.6530038779784741,0.9066134976390648,1.2676340159508919,24,Critical
32467,15257,94905,4,0.16076076076076076,0.4699233067422306,1.280501839034101,40,Critical
79637,55605,30013,10,1.8526971645620232,0.6982307219006241,0.6295622376809266,35,Critical
79302,71932,110980,7,0.648152820327987,0.9070641345741596,1.102261249692582,43,Critical
88257,73058,47733,6,1.5305553809733308,0.8277870310570267,1.2214774795493044,17,At Risk
54450,27850,92242,3,0.3019232020120986,0.5114784205693297,1.2119726479523876,44,Critical
85613,78103,64479,2,1.211293599466493,0.9122796771518344,0.8962429372855972,44,At Risk
95114,38148,31993,12,1.1923858344012752,0.40107660281346597,0.7457749644557984,42,Critical
61626,47612,19970,11,2.384176264396595,0.7725959822152987,1.293598547805309,14,Critical
73158,52744,73328,9,0.7192886755400393,0.7209601137264551,0.5962104570198672,20,Critical
45142,14223,20888,12,0.68091727307545,0.31507243808426744,0.7664583502390494,57,Critical
74526,73509,67190,9,1.0940467331448132,0.9863537557362532,1.1248706668290405,15,At Risk
48653,48457,38414,4,1.2614411412505857,0.99597147144061,0.663917784622007,58,Critical
32411,16833,45393,1,0.37082810124909127,0.5193607108697664,0.5252618856710148,18,Critical
34230,12081,33779,11,0.35764824299120757,0.35293602103418054,1.1516399390142849,50,Critical
75421,67706,11276,2,6.00443419652359,0.8977075350366609,1.010363716120109,11,At Risk
87649,8235,68938,3,0.11945516260988134,0.09395429497199055,0.787948689817084,58,Critical
64376,41860,26685,4,1.5686715383174068,0.6502423263327949,0.8315638712023412,41,Critical
79040,11129,65795,8,0.16914659168629836,0.14080212550607288,0.5683186703569241,26,Critical
44209,17945,24753,11,0.7249626307922272,0.4059128231808003,0.5237887106886043,25,Critical
21934,9652,23053,10,0.4186873725762374,0.4400474149721893,1.1670542336021348,33,Critical
99757,49748,66960,2,0.7429510155316607,0.49869182112533456,1.254768299094196,43,Critical
54390,47026,29036,1,1.619575699132112,0.8646074646074646,1.2106296269844257,23,At Risk
86426,36311,98009,5,0.37048638390351907,0.4201397727535695,0.6209821659878905,21,Critical
85591,13413,100527,1,0.1334268405502999,0.1567104017945812,0.5941806655197045,44,Critical
75807,62460,54359,10,1.149027759892566,0.823934465154933,1.22246451436059,33,At Risk
67087,50079,106497,4,0.4702385982703738,0.746478453351618,0.6357594953071679,17,Critical
91172,17466,68033,8,0.2567283524172093,0.1915719738516211,1.1779758439455688,32,Critical
14235,8513,68186,10,0.12484967588654562,0.5980330172110994,0.629503045786018,21,Critical
68783,24708,115222,11,0.2144382149242332,0.3592166669089746,1.2959283246640183,56,Critical
48755,26857,76907,3,0.3492139857230161,0.5508563224284688,0.9062478790786119,47,Critical
80308,14900,40846,12,0.36478480144934633,0.18553568760272948,1.0836180240337536,39,Critical
12691,10970,85719,6,0.12797629463712829,0.8643920888818848,1.1390348084575823,5,Critical
96721,82448,13643,4,6.043245620464707,0.8524312196937583,1.0013543512727545,21,At Risk
83111,65888,116783,8,0.5641917059846039,0.7927711133303654,0.8506785613046435,5,Critical
78835,56650,76131,6,0.7441121225256466,0.7185894589966385,1.0024335487081917,51,Critical
54246,14986,85451,8,0.17537536131818235,0.27626000073738155,1.203147204300501,10,Critical
12279,11546,91704,11,0.12590508592863997,0.9403045850639303,1.1828281261684823,59,Critical
21862,12028,39390,3,0.30535668951510536,0.5501783917299423,1.0310798182318108,25,Critical
52866,15216,76755,8,0.19824115692788744,0.2878220406310294,1.1040709241943558,54,Critical
53521,17332,15961,3,1.0858968736294718,0.3238355038209301,0.7111732040825994,56,Critical
91102,19483,118055,10,0.165033247215281,0.2138591907971285,0.5795044257691168,15,Critical
59259,57572,29269,1,1.966995797601558,0.9715317504514083,0.6735963278331398,10,Critical
87918,79894,27996,5,2.853764823546221,0.9087331376964899,0.7962510491654957,53,At Risk
97613,69566,36680,9,1.8965648854961832,0.7126714679397211,1.2673047353119686,28,Critical
94232,59463,50186,11,1.1848523492607501,0.6310276763732066,0.8278192814895312,49,Critical
28549,17622,41136,11,0.4283838973162194,0.6172545448176818,1.2549820229779258,11,Critical
39911,17270,99972,5,0.17274836954347217,0.4327127859487359,0.560297021221958,11,Critical
17510,16415,56663,11,0.28969521557277234,0.9374643061107938,1.0229144782326403,46,Critical
30744,9913,76970,10,0.1287904378329219,0.3224368982565704,1.206494348968664,44,Critical
85497,30313,16715,11,1.8135207897098415,0.35455045206264546,0.9851820402638458,54,Critical
23081,19291,87519,9,0.22042070864612257,0.8357956760972228,1.2302056289950258,60,Critical
27681,15023,14373,7,1.0452236832950672,0.5427188324121238,0.5222383136671319,13,Critical
63727,36708,38933,6,0.9428505381039222,0.5760195835360208,1.0582351701586954,55,Critical
32656,25510,45832,2,0.5565980101239308,0.7811734443900049,0.853350800469683,34,Critical
96821,11458,77638,3,0.14758236945825498,0.1183420952066184,1.1685574715749185,42,Critical
17223,8183,50984,1,0.16050133375176526,0.4751204784300064,0.7816127332526046,21,Critical
13518,8612,44151,8,0.19505786958392787,0.6370764906051191,0.5504458056900434,36,Critical
37663,37239,107076,2,0.34778101535358064,0.9887422669463399,0.7181792992996825,60,Critical
35866,9593,24254,9,0.39552238805970147,0.267467796799197,0.7126659417353808,20,Critical
61270,51777,22098,10,2.3430627206082,0.8450628366247755,1.0228297379581364,28,At Risk
46475,44433,80368,1,0.5528693012144137,0.9560623991393222,0.922700351110652,57,Critical
47575,16449,44309,9,0.37123383511250535,0.3457488176563321,1.0533540553337017,56,Critical
99019,19801,49001,10,0.404093794004204,0.19997172259869317,1.0564478522021172,53,Critical
92245,49267,73711,5,0.6683805673508703,0.5340885684860968,0.9233381638396356,25,Critical
18535,12172,76481,7,0.15915063872072802,0.6567035338548691,1.0780963233785714,53,Critical
86923,12369,114779,6,0.10776361529548088,0.14229835601624427,0.5262940084170351,59,Critical
93917,71317,32478,12,2.1958556561364615,0.7593619898420946,0.9741914636772286,13,Critical
21761,13503,109393,12,0.12343568601281618,0.6205137631542668,0.7834543937549021,44,Critical
34194,19803,99548,9,0.19892915980230644,0.579136690647482,1.2949392851389547,36,Critical
40386,9214,95458,6,0.0965241257935427,0.22814836824642204,0.8729665591922702,7,Critical
70984,13016,70708,12,0.18408100922102166,0.1833652654119238,0.6104750837878498,7,Critical
10102,8410,52993,5,0.15870020568754364,0.8325084141754108,1.2912656670958143,15,Critical
73574,46775,25555,1,1.8303658775190765,0.6357544784842472,0.6025593280871839,41,Critical
23048,14687,115046,9,0.12766197868678617,0.6372353349531412,1.2453130515189337,24,Critical
91506,36504,112687,3,0.32394153717820157,0.3989246606779883,0.5898610425651023,21,Critical
39096,10958,9279,5,1.1809462226533032,0.28028442807448334,0.9029122144667714,6,Critical
38883,15058,61451,7,0.2450407641860995,0.38726435717408636,1.2485688325867907,23,Critical
58121,15544,108895,1,0.14274300932090547,0.26744206052889663,1.0053428498680108,47,Critical
11796,10328,113280,9,0.09117231638418079,0.8755510342488979,0.5205319098652061,34,Critical
60490,25983,99712,8,0.26058047175866494,0.4295420730699289,1.0136968952347258,45,Critical
70317,62265,12017,5,5.181409669634684,0.885489995306967,0.9021675283499075,22,At Risk
84488,8671,61603,7,0.14075613200655812,0.1026299592841587,0.645291321865752,33,Critical
61713,42896,26938,6,1.5923973568936076,0.6950885550856384,1.287957035192329,10,Critical
15467,9018,84180,8,0.10712758374910905,0.5830477791426909,1.1198643737887521,20,Critical
54655,9093,71402,5,0.12734937396711576,0.16637087183240326,1.0304904644409079,31,Critical
69898,65162,86711,9,0.7514848173818778,0.9322441271567141,0.9824659688809287,13,Critical
27694,25624,29618,2,0.8651495712066987,0.9252545677764137,0.7588552372029496,23,At Risk
31466,25917,92049,11,0.28155656226574977,0.823650924807729,0.6369926043991632,28,Critical
47191,35087,9858,3,3.5592412254006898,0.7435104151215274,0.7838077588145809,20,Critical
39588,31049,105501,5,0.29430052795708095,0.7843033242396685,0.6483671463131505,42,Critical
81707,25856,12436,11,2.079125120617562,0.31644779517054844,0.5795250799387354,31,Critical
43955,42194,9937,11,4.246150749723257,0.9599362984870891,1.1847993591606987,49,At Risk
39501,15320,29064,11,0.5271125791357005,0.3878382825751247,1.2463349260888668,24,Critical
54980,36071,107695,2,0.3349366265843354,0.6560749363404874,0.7916511432262033,32,Critical
28694,27324,107650,8,0.25382257315373896,0.9522548267930577,0.9736555256267857,14,Critical
90061,57977,28987,9,2.0001034946700247,0.6437525677041117,1.2854310763833632,37,Critical
31828,17560,81921,9,0.21435285213803543,0.5517154706547693,0.8984282278258311,20,Critical
58297,9990,118142,11,0.08455925919656007,0.1713638780726281,0.7436818763690304,24,Critical
76758,58980,25053,4,2.3542090767572748,0.7683889627139842,0.7834924896459137,19,Critical
25400,23433,29840,10,0.7852882037533512,0.9225590551181102,0.8054741831052941,14,Critical
62635,30007,71166,1,0.4216479779670067,0.4790771932625529,0.8490542949094686,57,Critical
29123,21108,51383,7,0.41079734542552987,0.7247879682724994,0.8985819922603164,27,Critical
99401,80643,90968,7,0.8864985489402867,0.8112896248528687,0.530348852662651,47,Critical
30267,16241,35760,11,0.45416666666666666,0.5365910067069746,0.9152750548054691,35,Critical
26010,20160,38841,2,0.5190391596508844,0.7750865051903114,0.805542763685959,39,Critical
12145,10732,48897,3,0.21948176779761538,0.8836558254425689,0.6201428788287726,26,Critical
68326,35817,25014,12,1.4318781482369873,0.5242074759242455,0.9875015448102277,44,Critical
68644,33145,58754,12,0.5641318037920823,0.4828535633121613,0.9412216236604101,53,Critical
74046,48473,63701,5,0.7609456680428879,0.6546336061367258,0.8467705211962013,32,Critical
93677,13783,83757,9,0.16455938011151305,0.14713323441186205,0.5982398981938472,7,Critical
16500,9193,95714,2,0.09604655536285182,0.5571515151515152,1.19524700876399,39,Critical
51227,50021,43584,12,1.1476918135095449,0.9764577273703321,0.6870070194067629,34,Critical
63869,37203,70547,2,0.5273505606191617,0.582489157494246,1.2564629033578822,6,Critical
81524,22903,91143,1,0.25128643998990596,0.28093567538393605,1.0082168872708102,40,Critical
60314,11002,31778,1,0.3462143621373277,0.18241204363829294,0.8285727585651151,38,Critical
77200,60883,44340,9,1.3730942715381145,0.788639896373057,0.5743877304909211,34,Critical
17308,13197,9580,8,1.3775574112734865,0.7624797781372775,0.8462072608341714,17,Critical
85098,82582,43004,2,1.9203329922797878,0.9704340877576442,0.7639908976999752,56,At Risk
15593,14020,25353,11,0.5529917563996372,0.8991214006284871,0.5729902608781502,9,Critical
10627,10240,71160,9,0.14390106801573918,0.9635833254916721,0.5440117969863698,34,Critical
48240,17637,97536,5,0.18082554133858267,0.3656094527363184,1.2209425967176628,28,Critical
22129,12187,51690,1,0.23577094215515573,0.5507252926024674,0.6340241052313467,58,Critical
18376,13294,29099,11,0.45685418742912126,0.7234436221158033,0.812566208292848,24,Critical
73909,20919,102774,6,0.20354369782240644,0.28303724850830075,0.5232503257708869,36,Critical
84086,24301,72332,1,0.33596471824365426,0.28900173631757964,0.6169057012881815,53,Critical
98606,23701,32311,1,0.7335272817306799,0.24036062714236456,0.6653661155467591,56,Critical
11012,8763,15180,5,0.5772727272727273,0.7957682528151108,0.7918419817822606,28,Critical
86915,18631,72295,10,0.2577080019365101,0.214358856353909,0.8318539816619768,53,Critical
69280,63461,48377,9,1.3118010624883725,0.9160075057736721,0.5541093608193378,11,Critical
44237,43017,92513,7,0.4649832996443743,0.9724212763071637,0.7963224754767633,20,Critical
44142,33387,84326,4,0.39592770912885705,0.7563544923202392,0.6985266825533893,11,Critical
51819,11200,103602,11,0.10810602111928341,0.21613693818869525,1.0515579833345878,24,Critical
90560,35764,17147,5,2.0857292820901616,0.39492049469964663,0.6710341207657979,60,Critical
70457,27002,77779,1,0.347163116008177,0.3832408419319585,0.9590695057295711,17,Critical
10737,9211,103187,4,0.08926512060627792,0.8578746390984446,0.6632489106797743,44,Critical
70903,18721,12445,2,1.5042989152269988,0.26403678264671454,0.8548467700668918,52,Critical
22876,17207,85427,12,0.2014234375548714,0.7521856968001399,0.5698054406386148,39,Critical
12612,10721,71458,5,0.15003218673906352,0.8500634316523945,1.252143009593968,27,Critical
34057,20534,13038,6,1.574934805951833,0.6029303814193852,0.5882733995511175,11,Critical
91371,14025,78620,9,0.17838972271686593,0.15349509144039136,1.1091341607132144,26,Critical
52564,17150,79787,1,0.2149472971787384,0.32626892930522794,0.9888476549123149,53,Critical
66811,27357,99761,6,0.2742253987028999,0.40946850069599317,0.9023941013087995,24,Critical
30708,20839,103231,9,0.2018676560335558,0.6786179497199427,0.6107160625567561,32,Critical
20152,8412,31725,1,0.26515366430260046,0.41742755061532355,1.1525219239475062,31,Critical
99301,27443,67151,1,0.40867596908460035,0.276361768763658,0.8735742926215366,40,Critical
38276,9754,12399,8,0.7866763448665215,0.2548333159159787,0.8706788199301427,23,Critical
30622,22696,34219,4,0.6632572547415179,0.7411664816145255,0.8143987646275282,16,Critical
22607,8985,79355,9,0.11322537962321215,0.3974432697836953,0.9425626807929421,6,Critical
24649,10005,119126,2,0.08398670315464299,0.4058988194247231,1.1426698570937228,56,Critical
55100,26930,49520,6,0.5438206785137318,0.48874773139745914,1.0131750677152365,7,Critical
91479,8136,93035,9,0.0874509593163863,0.08893844488899091,0.5676788522791754,7,Critical
95773,84058,69142,5,1.2157299470654594,0.8776795130151505,0.5772736457462532,58,Critical
70936,52746,77874,8,0.6773249094691425,0.743571670237961,0.5321251773951401,55,Critical
14720,13958,85546,11,0.1631636780211816,0.9482336956521739,0.7679646938426685,9,Critical
49475,36141,27995,2,1.2909805322378995,0.7304901465386558,1.0916991547802983,17,Critical
74993,71013,53882,3,1.317935488660406,0.9469283799821316,0.70995874935656,35,At Risk
39327,17303,113860,9,0.1519673282979097,0.43997762351565084,1.0184878817040919,9,Critical
10129,9488,73091,8,0.12981078381743305,0.9367163589692961,1.2125573281806574,49,Critical
31619,17045,68911,11,0.24734802861662145,0.5390746070400708,0.6334144466579346,60,Critical
19526,13477,23833,1,0.5654764402299333,0.6902079278910171,0.8712740534644374,23,Critical
13076,8144,119658,2,0.06806063948921091,0.6228204343836036,0.599548578292907,32,Critical
29860,25196,46658,6,0.5400145741351965,0.8438044206296048,0.9778218915187239,51,Critical
14939,14652,66659,6,0.2198052776069248,0.9807885400629226,0.7824778136329553,13,Critical
42436,18280,91325,6,0.20016424856282508,0.43076633047412577,1.1037359922266536,11,Critical
88929,48673,18523,2,2.6277060951249798,0.5473242699231972,0.9886769790117411,33,Critical
18334,9321,40349,12,0.23100944261319983,0.5083996945565615,0.9736431248114434,24,Critical
28897,20398,9635,9,2.1170731707317074,0.7058864241962833,1.1271003182286923,14,Critical
27818,26568,91880,9,0.2891597736177623,0.9550650657847437,1.0220784066088902,6,Critical
39458,11643,52981,11,0.21975802646231668,0.29507324243499417,1.1214466752499996,25,Critical
19994,8853,91545,12,0.09670653776831066,0.4427828348504551,0.954639008706675,55,Critical
22122,16792,58053,12,0.28925292405215924,0.7590633758249706,1.2126975747733826,18,Critical
29340,8515,93184,10,0.09137834821428571,0.2902181322426721,0.6906691913662504,40,Critical
68995,32985,14781,2,2.2315810838238277,0.4780781216030147,0.6070406041762206,58,Critical
74523,13890,72711,2,0.19103024301687502,0.1863854112153295,0.5461113115904646,42,Critical
90201,61564,34111,7,1.804813696461552,0.6825201494440195,0.6168028838083391,42,Critical
27316,25252,26709,6,0.9454490995544573,0.9244398887099136,0.8724754798285668,60,At Risk
20982,8807,30204,11,0.29158389617269237,0.4197407301496521,1.160571023096189,6,Critical
80301,71045,117528,5,0.6044942481791573,0.8847336894932816,1.0612709600717327,34,Critical
42370,11903,67437,4,0.17650547918798284,0.2809299032334199,0.8727450737595862,59,Critical
89473,8425,36016,12,0.23392381163927142,0.09416248477194238,0.793846841248296,50,Critical
78023,41358,82746,3,0.4998187223551592,0.5300744652217936,0.9044146718069836,34,Critical
51353,29664,73201,9,0.4052403655687764,0.5776488228535821,1.2366802182189924,48,Critical
15052,10942,71350,6,0.15335669236159777,0.7269465851714058,1.1874586277006625,30,Critical
87404,8196,9658,9,0.8486229032926071,0.09377145210745504,1.2423663314647804,60,Critical
83442,11113,39766,12,0.27945984006437663,0.13318233024136525,1.0877121709150288,22,Critical
24885,10500,47354,7,0.22173417240359844,0.4219409282700422,0.5025180962275966,39,Critical
28245,26109,114499,6,0.2280281923859597,0.9243759957514605,0.6728218245757754,42,Critical
22471,12584,64233,1,0.1959117587532888,0.5600106804325575,0.6512164931163283,23,Critical
52675,22147,14279,1,1.5510189789200926,0.42044613194114855,0.5045719760469185,34,Critical
20662,16904,74233,4,0.2277154365309229,0.8181202206949957,0.8900318564585874,30,Critical
59412,56410,80590,11,0.6999627745377839,0.9494714872416347,0.7168430264983395,7,Critical
65401,59963,104263,11,0.5751129355571967,0.9168514242901484,1.0072338544469952,10,Critical
41520,41046,77963,11,0.526480509985506,0.9885838150289017,0.9153017738635005,54,Critical
97023,73016,69004,5,1.0581415570111878,0.7525638250724055,0.6384695651921215,18,Critical
26993,15622,60493,3,0.2582447555915561,0.5787426369799578,0.9219901759174423,15,Critical
36315,11749,97657,8,0.1203088360281393,0.3235302216714856,1.167722681486612,13,Critical
14979,13229,59814,3,0.2211689571003444,0.8831697710127512,1.087385056004519,54,Critical
36682,26111,18552,1,1.407449331608452,0.711820511422496,1.205352853657653,18,Critical
50356,36917,36877,6,1.0010846869322343,0.7331201842878704,1.2891261656314628,46,Critical
35670,17785,48881,2,0.3638428019066713,0.4985982618446874,1.0222345033559121,30,Critical
32709,17087,74810,8,0.22840529340997193,0.5223944480112507,1.0807176064061839,27,Critical
93286,63110,98933,8,0.6379064619489958,0.6765216645584546,0.9474950895678302,37,Critical
62716,57154,32689,2,1.7484168986509223,0.9113144970980293,1.1871429739244055,43,At Risk
38421,24172,12247,8,1.9737078468196294,0.6291351084042581,1.0137619745131388,32,Critical
27177,21902,87557,10,0.25014561942506025,0.8059020495271737,1.133953918710701,11,Critical
48556,8293,38066,9,0.21785845636526033,0.17079248702529037,1.1700233624812588,40,Critical
11718,11559,11590,3,0.9973252804141501,0.9864311315924219,1.1984707106629309,56,At Risk
62913,50701,112349,10,0.4512812753117518,0.8058906744234101,1.2398614252847626,16,Critical
91288,20904,25767,3,0.8112702293631389,0.22898957146612917,0.9743800157472753,20,Critical
91525,52943,90385,11,0.5857498478729878,0.5784539743239552,1.106396453090306,12,Critical
18067,14065,65854,9,0.21357852218544052,0.7784911717495987,0.7244919423341436,22,Critical
99714,26163,11067,8,2.3640552995391704,0.262380407966785,0.500923005443464,44,Critical
29988,20158,29057,5,0.6937398905599339,0.6722022142190209,0.5018562458726336,10,Critical
52910,27645,89925,11,0.3074228523769808,0.5224910224910225,1.211512142831432,38,Critical
49245,13049,119162,11,0.10950638626407748,0.2649812163671439,0.7032086141033338,41,Critical
77996,57180,80708,10,0.7084799524210735,0.7331145186932663,1.2043356439394235,31,Critical
90908,24024,69711,6,0.34462279984507466,0.2642671712060545,0.5599737088864878,42,Critical
45390,37527,53777,8,0.6978262082302843,0.8267680105750165,0.6736214160601499,49,Critical
87778,32753,27886,11,1.1745320232374667,0.37313449839367496,0.8345033229578018,8,Critical
97425,43082,101364,10,0.4250226905015587,0.44220682576340775,1.0642779277626335,26,Critical
67890,66107,54328,9,1.216812693270505,0.9737369273825306,1.171923574569652,23,At Risk
20587,16281,63107,8,0.25799039726179346,0.7908388789041628,1.2540956622379467,33,Critical
65106,23112,95133,7,0.242944088801993,0.354990323472491,1.2580347544928419,53,Critical
21185,18923,14598,7,1.2962734621180985,0.8932263393910785,1.0657858293404519,42,At Risk
89190,82718,33286,4,2.4850687976927235,0.9274358111895953,1.1709859741952195,23,At Risk
62836,51901,104949,3,0.4945354410237353,0.8259755554140938,0.7790075873790883,56,Critical
33060,25263,94923,7,0.2661420309092633,0.7641560798548095,0.7606973056908155,47,Critical
62429,47722,80393,2,0.5936088962969412,0.7644203815534447,0.9273950762177425,46,Critical
69768,57889,49543,12,1.1684597218577801,0.8297356954477697,0.66448771643765,52,Critical
90664,86625,91258,8,0.9492318481667361,0.9554508956145769,1.0999732059270175,16,At Risk
97031,48281,113676,3,0.4247246560399733,0.49758324659129555,1.1075432794132576,37,Critical
84935,66867,24374,4,2.7433740871420365,0.7872726202390063,0.8198445098073515,7,Critical
39529,35548,46065,1,0.7716921741018127,0.8992891294998608,1.2259856350912646,10,Critical
65997,57183,91112,1,0.6276121696373694,0.8664484749306787,1.0051748097240214,16,Critical
16652,15012,65983,2,0.22751314732582634,0.901513331731924,0.6526340408342082,43,Critical
74381,29548,97037,12,0.30450240629862835,0.3972519863943749,1.0055007486782184,10,Critical
62882,36475,78474,7,0.46480362922751484,0.5800547056391336,0.9045913895903297,25,Critical
69291,61673,81052,2,0.7609065784928194,0.8900578718736921,0.8531166566008626,39,Critical
42092,27752,43384,11,0.6396828323806012,0.6593176850707974,0.5082703081951795,27,Critical
31095,16450,38864,9,0.42327089337175794,0.5290239588358256,1.1532630801799897,53,Critical
84465,79340,49975,7,1.5875937968984493,0.9393239803468892,0.5897812283920343,24,Critical
74652,39015,94534,2,0.4127086550870586,0.5226249799067674,1.281240480926132,58,Critical
71215,43410,95973,12,0.4523147135131756,0.6095625921505301,0.8597562396180607,42,Critical
89946,35197,22254,8,1.581603307270603,0.39131256531696795,0.838889257375112,60,Critical
93718,48311,51027,5,0.9467732768926255,0.5154932883757656,1.1200569983802455,30,Critical
31060,18191,9958,1,1.8267724442659168,0.5856728911783644,1.2670852968311603,58,Critical
34321,19862,114706,7,0.17315571984028735,0.5787127414702369,0.5189562185004469,46,Critical
77913,15461,97108,4,0.15921448284384396,0.1984392848433509,1.1885822188252593,30,Critical
27432,10626,50315,12,0.21118950611149756,0.3873578302712161,0.8189475453520942,12,Critical
99906,21827,93363,7,0.23378640360742478,0.21847536684483415,0.7072938251907361,34,Critical
31539,18973,20818,10,0.9113747718320684,0.6015726560766036,1.021359604962874,60,Critical
41601,15049,113288,2,0.13283842948944283,0.36174611187231076,0.6718858468716467,9,Critical
37858,25145,90700,7,0.2772326350606395,0.6641925088488563,1.2805018625771636,43,Critical
67959,66192,62266,9,1.063052066938618,0.973999028826204,1.0847729564662634,53,At Risk
36171,19090,110516,12,0.1727351695682073,0.5277708661635011,0.6068089243818735,58,Critical
27125,24564,71753,4,0.34234108678382785,0.9055852534562212,1.1228576047458563,27,Critical
62541,34480,116305,4,0.29646188899875325,0.5513183351721271,0.9633247194920835,44,Critical
89578,16539,12846,8,1.2874824848201776,0.18463238741655316,1.249413559009952,59,Critical
83625,73531,36786,6,1.9988854455499374,0.8792944693572496,0.7373275937602477,42,At Risk
96109,76951,57231,1,1.344568503083993,0.8006638296101302,1.2245898202240428,45,At Risk
13934,10045,82491,8,0.12177085985137773,0.7208985216018372,1.2388368924975715,51,Critical
47922,29031,19222,2,1.5103006971178858,0.6057969199949919,0.5589807155058261,25,Critical
88125,18274,63021,9,0.28996683645134164,0.2073645390070922,1.035633271758029,20,Critical
81590,9643,82490,9,0.11689901806279548,0.11818850349307514,0.5997151256121177,55,Critical
61622,10595,22132,4,0.47871859750587387,0.17193534776540845,0.8066414215968651,37,Critical
45383,13838,69098,11,0.2002662884598686,0.3049159376859176,1.1616655860910332,5,Critical
11667,8910,17051,12,0.5225499970676206,0.7636924659295449,1.289809128467203,35,Critical
92046,41899,59633,5,0.7026143242835343,0.45519631488603524,0.6051434509365659,58,Critical
71328,61247,56828,5,1.07776096290561,0.8586670031404217,0.7906536626357183,41,At Risk
65770,60228,102728,11,0.5862861147885678,0.9157366580507831,1.1650540818856614,13,Critical
57213,25152,27950,1,0.8998926654740608,0.4396203660007341,1.0041831490799518,38,Critical
41881,36376,57965,4,0.6275511084274994,0.8685561471789117,0.5195001716426247,24,Critical
32540,23883,11320,12,2.1098056537102474,0.7339582052858021,0.6105406178675314,58,Critical
43212,31502,59553,11,0.5289741910567058,0.7290104600573915,0.6118465403266481,26,Critical
78676,38536,98692,10,0.3904673124468042,0.4898062941684885,1.2696473586402273,58,Critical
74489,49192,63670,5,0.7726087639390607,0.6603928096765965,0.5383117762262116,45,Critical
38516,13794,108469,9,0.12716997483151868,0.35813687818049644,0.6846576110601149,36,Critical
53539,38257,42477,4,0.9006521176165925,0.7145632155998431,1.2971181661668174,22,Critical
86716,67911,37456,4,1.8130873558308416,0.7831426726325015,0.9421741545148534,47,Critical
32224,17769,39230,6,0.45294417537598775,0.5514213008937437,0.7983723405586003,12,Critical
99102,83351,113672,4,0.7332588500246323,0.8410627434360558,0.9143302546541504,56,Critical
41575,40995,37340,11,1.097884306373862,0.986049308478653,0.5837804905586828,54,Critical
88780,83826,85983,3,0.9749136457206657,0.9441991439513404,1.2528358903526682,16,At Risk
66712,55865,9597,10,5.821089923934563,0.8374055642163329,1.049834332302387,36,At Risk
48466,38464,58201,5,0.66088211542757,0.7936285230883506,0.5739383921050748,30,Critical
74099,14168,83401,4,0.16987805901607894,0.19120365996842062,1.1849770075307084,25,Critical
92730,77825,42083,5,1.8493215787847825,0.83926453143535,0.5191130945295066,52,Critical
88034,40438,72034,12,0.5613737957075825,0.45934525297044326,0.8473337738369549,23,Critical
91489,87497,90493,7,0.966892466820638,0.956366339122736,1.2924720013798385,6,At Risk
16727,9701,112031,9,0.08659210397122225,0.5799605428349375,0.506327013450237,26,Critical
55436,15438,50914,11,0.3032171897709864,0.2784832960531063,0.9207606277370229,51,Critical
72369,68296,85680,8,0.7971055088702148,0.9437189957025799,0.6420576742020272,20,Critical
77144,19528,69162,9,0.2823515803475897,0.2531369905631028,0.6134277119728375,42,Critical
51602,16627,62571,3,0.2657301305716706,0.32221619317080735,0.7424619598920121,18,Critical
47664,19525,55124,4,0.35420143676075755,0.4096383014434374,1.1182477474836134,50,Critical
95423,42007,41488,6,1.0125096413420749,0.4402188151703468,0.7226679556009925,57,Critical
11291,10009,49379,11,0.2026975029870998,0.8864582410769639,0.8776148475833235,56,Critical
82099,81096,113524,10,0.7143511504175328,0.9877830424243901,1.2727940520546905,14,Critical
92263,62587,109236,10,0.572952140320041,0.67835426985899,1.2936293846717408,49,Critical
71751,50825,9108,5,5.580259112867808,0.7083524968293125,1.0052112007850353,24,Critical
73431,40207,44614,2,0.9012193481866678,0.5475480382944533,0.792515367609549,47,Critical
13695,8642,40689,2,0.2123915554572489,0.6310332238043082,0.7684022934206991,8,Critical
85347,76675,78095,6,0.9818170177348101,0.8983912732726399,1.2346335626387366,45,At Risk
86938,41824,73104,9,0.5721164368570804,0.4810784697140491,0.8340227164651908,57,Critical
53385,33558,86597,7,0.38751919812464636,0.6286035403203147,1.2767140686531881,45,Critical
72632,47179,39377,3,1.1981359676968788,0.649562176451151,0.5193052404548767,8,Critical
97156,32912,9406,4,3.499043163937912,0.33875416855366625,1.1488704085409425,51,Critical
46617,39677,79108,11,0.5015548364261516,0.8511272711671708,0.7958764251151123,17,Critical
29780,13660,29160,3,0.46844993141289437,0.4586971121558093,1.030181396422793,9,Critical
56680,47303,27489,3,1.72079740987304,0.8345624558927311,0.8847920154158699,30,At Risk
23151,18335,39939,3,0.45907508951150505,0.7919744287503779,1.0314000380219897,13,Critical
11511,10391,44027,5,0.23601426397437936,0.902701763530536,0.7256156186673693,45,Critical
18901,16598,91704,4,0.1809953764285091,0.8781545949949738,0.7831002736886649,38,Critical
19892,10106,99151,9,0.10192534618914585,0.5080434345465514,0.6048861726762028,24,Critical
17372,11671,38741,2,0.301257066157301,0.6718282293345613,0.6738945338092824,16,Critical
82040,67396,114870,4,0.5867154174283973,0.8215017064846416,0.5414375412848375,36,Critical
82566,30112,33230,3,0.9061691242852844,0.36470217765181795,0.5888106597852973,7,Critical
12274,8236,47271,11,0.1742294429988788,0.6710118950627343,1.2811274137043704,49,Critical
14103,9701,70815,1,0.13699075054720045,0.6878678295398142,0.748793087288824,23,Critical
94039,31055,106309,3,0.2921201403455963,0.330235327895873,0.97197554232123,6,Critical
38922,14835,77439,11,0.19157013907720916,0.3811469092030214,0.7910044380172818,58,Critical
85398,30643,47881,1,0.6399824565067563,0.35882573362373826,0.6298350259022117,16,Critical
90859,33125,80904,6,0.40943587461682984,0.36457588131060215,0.5849978362998369,41,Critical
59227,43801,54734,11,0.8002521284759017,0.7395444645178719,0.9258132395881159,31,Critical
91006,55418,24864,3,2.2288449163449164,0.6089488605146913,1.2070855325437342,33,Critical
63885,44354,86472,6,0.5129290406143029,0.6942787821867418,0.5408348893351224,9,Critical
17499,14060,87967,9,0.159832664521923,0.8034744842562432,0.5504740730655293,40,Critical
80285,44456,70398,5,0.6314952129321856,0.553727346328704,0.8184113102047715,44,Critical
79450,26624,81472,4,0.3267871170463472,0.33510383889238515,0.8613842752496652,7,Critical
33047,12902,71220,11,0.18115697837686043,0.3904136532816897,0.6451421393373366,9,Critical
86997,11181,93427,6,0.11967632483115159,0.1285216731611435,0.7176042783874074,24,Critical
30425,19259,63314,4,0.30418232934264144,0.6329991783073131,0.8768219649421196,49,Critical
53612,48144,32399,6,1.4859717892527546,0.8980079086771618,0.8870208285134489,56,At Risk
27760,21542,98580,4,0.2185230269831609,0.7760086455331412,1.0258515878248773,60,Critical
75292,28178,47984,11,0.5872374124708236,0.3742495882696701,0.6559693929844035,5,Critical
80013,65401,62798,2,1.041450364661295,0.8173796758026821,0.7105821939434059,37,At Risk
35661,13256,52439,4,0.25278895478556035,0.3717226101343204,0.5704145059886334,34,Critical
17353,13005,41166,1,0.3159160472234368,0.7494381374978389,0.9414446904100313,29,Critical
59680,55328,62888,7,0.8797862867319679,0.9270777479892761,0.7202877366445029,36,At Risk
28399,15518,65142,6,0.23821804672868502,0.5464276911158844,0.8767327961275835,30,Critical
75189,32442,42422,11,0.7647447079345623,0.4314726888241631,0.6823584058921013,29,Critical
93038,83882,60868,1,1.3780968653479662,0.9015885982071842,0.6634525593231952,27,Critical
24057,15377,58667,9,0.2621064653041744,0.6391902564742071,0.8676076143434259,53,Critical
68255,21211,35329,9,0.6003849528715786,0.3107611164017288,0.9227052522126395,57,Critical
45805,35672,100644,3,0.35443742299590636,0.7787796092129681,0.9574771384512173,28,Critical
62844,42690,18894,8,2.2594474436328995,0.6793011265991981,0.5815711166850241,53,Critical
50100,10479,46797,6,0.22392461055195845,0.2091616766467066,0.9377376293017619,25,Critical
95405,82642,73399,11,1.1259281461600295,0.8662229442901316,1.1492182413088288,10,At Risk
13184,12015,17182,12,0.6992783145151903,0.9113319174757282,0.8574556731962306,58,Critical
50064,25534,40608,8,0.6287923561859732,0.5100271652285076,1.2583145891739171,16,Critical
55671,38572,25836,10,1.4929555658770708,0.6928562447234646,1.0322172707028492,45,Critical
11097,9008,30925,5,0.291285367825384,0.8117509236730648,0.6561614618948078,58,Critical
10710,9798,51944,6,0.18862621284460188,0.9148459383753501,1.1725483627615478,60,Critical
15173,9450,77295,8,0.12225887832330681,0.6228168457127793,1.035352682862873,21,Critical
34517,29937,85209,2,0.3513361264655142,0.8673117594228931,0.5185554895963971,19,Critical
86633,73943,76937,7,0.9610850436071071,0.8535200212390198,0.6154380948136151,47,Critical
13009,11127,25041,4,0.44435126392715946,0.8553309247444078,0.7679569732743421,58,Critical
54243,8710,13914,12,0.6259882133103349,0.16057371458068323,0.576183868915286,33,Critical
23249,22664,85139,10,0.26619997885810265,0.9748376274248355,1.113905323916115,23,Critical
55367,39636,87011,1,0.4555286113250049,0.7158776888760453,0.8681629055742991,47,Critical
37880,25211,87399,1,0.28845867801691094,0.6655491024287222,1.0979380300129504,10,Critical
64421,41916,13809,7,3.035411688029546,0.6506573943279366,0.8928168462779023,41,Critical
15059,10249,62422,12,0.16418890775688058,0.6805896805896806,1.2242463505329606,34,Critical
82380,61396,56086,11,1.0946760332346752,0.7452779800922554,1.0424549799789253,36,Critical
11051,8633,101335,4,0.08519267775201066,0.7811962718306036,0.5934359071656453,30,Critical
78490,69922,98202,4,0.7120221584081791,0.8908395974009428,1.1763175795931837,9,Critical
55442,54133,118938,1,0.45513628949536733,0.9763897406298474,1.1542708654131197,5,Critical
13971,12232,79393,4,0.15406899852631845,0.8755278791782979,0.7127955901717266,14,Critical
52966,37527,29641,11,1.2660504031577882,0.7085111203413511,0.746888294968136,33,Critical
25616,15042,61340,5,0.2452233452885556,0.587211118051218,0.9997130095786402,18,Critical
83056,34502,76095,10,0.45340692555358436,0.415406472741283,0.8707157707078717,27,Critical
37338,19756,100764,8,0.19606208566551547,0.5291124323745247,0.8123129927021566,13,Critical
28637,10663,77992,2,0.13671915068212123,0.372350455704159,0.7441397877997948,21,Critical
43276,32029,92662,5,0.3456540976883728,0.7401099916813014,0.8431157974782849,25,Critical
41649,33895,107212,8,0.31614931164421894,0.8138250618262143,0.9515695618183235,36,Critical
46830,9480,115412,9,0.08214050532007071,0.20243433696348495,1.1859063881311744,27,Critical
91397,39855,30009,11,1.3281015695291412,0.43606464107136994,0.8463671614086026,17,Critical
12774,10215,35829,8,0.28510424516453153,0.7996712071395021,1.248053158804264,34,Critical
10258,8789,27352,10,0.3213293360631764,0.8567946968219926,0.6068112609875269,42,Critical
52083,12246,46465,9,0.2635532120951254,0.2351247047981107,0.5204148739262435,19,Critical
47687,41631,17926,5,2.3223808992524826,0.8730052215488497,0.9645403739343612,18,At Risk
15815,8997,33023,9,0.27244647669805894,0.5688902940246602,0.8042969546250007,58,Critical
31904,12520,110578,1,0.11322324513013439,0.3924272818455366,0.8760469167516753,37,Critical
55090,53886,65850,5,0.8183143507972666,0.9781448538754764,1.1808735136260826,11,At Risk
44130,41205,33026,2,1.2476533640162297,0.933718558803535,0.7052639780328687,19,At Risk
52469,29267,91550,3,0.3196832332058984,0.5577960319426709,1.2711428338122275,38,Critical
27265,15715,63227,5,0.24854887943441883,0.576379974326059,1.179253287199538,50,Critical
60531,22107,25323,7,0.8730008292856296,0.36521782227288496,1.1044517387080797,57,Critical
56837,8686,106470,12,0.08158166619705082,0.15282298502735894,0.5791961952869092,19,Critical
57436,27567,64005,3,0.43070072650574176,0.4799603036423149,0.6397301565307489,43,Critical
31249,20073,80862,8,0.24823773836907323,0.6423565554097731,1.238949385898268,48,Critical
69314,35014,55118,1,0.635255270510541,0.5051504746515856,1.039743681489338,12,Critical
48427,34552,87351,10,0.3955535712241417,0.7134862783158156,1.210839413764448,45,Critical
68587,13265,90220,9,0.1470294834848149,0.19340399784215667,0.7835543120749886,30,Critical
42105,22136,33395,10,0.6628537206168588,0.5257332858330365,1.1136427126040633,54,Critical
48504,25766,114445,12,0.22513871291886933,0.5312139205014019,0.7371959602336651,38,Critical
50152,40638,74702,12,0.5440014992905143,0.8102966980379646,0.5610778516686865,21,Critical
90638,83233,93824,12,0.887118434515689,0.9183013746993535,1.1561445444759864,34,At Risk
63472,33788,77908,11,0.43369102017764544,0.5323292160322662,1.0537812201015564,58,Critical
29563,9017,25723,3,0.35054231621506043,0.30500964042891454,0.919868128838718,27,Critical
44027,27281,85586,6,0.31875540392120205,0.6196424921071161,0.6469264006708635,31,Critical
79044,39982,90138,1,0.4435643124986132,0.5058195435453672,0.9407873901229709,15,Critical
47935,34611,83869,7,0.4126792974758254,0.7220402628559508,1.0190117755240435,50,Critical
57132,25589,84102,9,0.30426149199781216,0.44789259959392286,0.7085549098347302,59,Critical
75354,36895,79579,9,0.46362733887080765,0.48962231600180484,1.2739770319337769,35,Critical
35541,19403,36963,7,0.5249303357411466,0.5459328662671281,0.7288597752337509,24,Critical
12129,9870,109147,6,0.09042850467717849,0.8137521642344794,1.003037303406758,10,Critical
55820,48091,116697,10,0.41210142505805636,0.8615370834826227,0.5595523492806939,34,Critical
57736,24429,41505,2,0.588579689194073,0.42311556048219484,1.293779254298392,33,Critical
50514,48893,58430,10,0.8367790518569228,0.9679098863681356,1.0528607673630264,15,At Risk
91229,53823,29892,10,1.8005820955439582,0.5899768713895801,0.9398592080275441,53,Critical
75317,51949,114066,3,0.45542931285396177,0.6897380405486145,0.7895675205659016,46,Critical
86231,38655,10180,5,3.7971512770137523,0.44827266296343543,0.8913405153168985,50,Critical
92724,8329,40646,12,0.2049156128524332,0.08982571933911393,1.0282027314490427,49,Critical
97674,87589,63381,2,1.381944115744466,0.896748367016811,0.5421113241714577,15,Critical
62605,33610,82893,11,0.40546246365796873,0.5368580784282405,0.6210046222734843,9,Critical
89609,72030,74950,7,0.9610406937958639,0.8038255085984667,1.2285473400375597,54,At Risk
12679,8000,105527,3,0.07580998227941664,0.6309645871125483,1.1405121228889241,17,Critical
94915,14830,27921,7,0.5311414347623652,0.1562450613707001,1.2964059244928783,29,Critical
17982,17088,39222,9,0.435673856509102,0.9502836169502836,1.1793203563992476,29,Critical
17561,14373,109376,8,0.13140908425980105,0.8184613632481066,1.2434066962850272,7,Critical
15204,14071,17981,4,0.7825482453701129,0.9254801368061036,1.0458589519694934,23,Critical
65283,8841,95950,7,0.09214174048983846,0.13542576168374615,0.6350048131942416,53,Critical
15546,13836,34216,11,0.4043722235211597,0.8900038595137013,0.9804350851198835,11,Critical
84205,34464,115758,3,0.29772456331311875,0.4092868594501514,0.7390551061332828,59,Critical
89833,34271,89974,8,0.38089892635650296,0.38149677735353377,1.1138385879499175,37,Critical
80981,65072,55341,1,1.175837082813827,0.8035465109099665,0.6630334855661144,13,Critical
99538,79611,100574,2,0.791566408813411,0.799805099559967,0.9290252737829234,37,Critical
63744,60814,25666,5,2.369438167225123,0.9540348895582329,0.5938681442369351,12,Critical
93091,28155,70595,7,0.3988242793398966,0.3024459937050843,0.8874483011240907,34,Critical
84326,42786,74961,10,0.5707768039380477,0.5073879942129356,1.0246089182278615,31,Critical
93899,24873,43397,5,0.5731502177569878,0.2648909999041523,0.5643878130829333,38,Critical
46916,15601,48026,6,0.32484487569233333,0.33253048000682073,0.7814823698037399,40,Critical
93736,74756,97898,12,0.7636111054362704,0.7975164291200819,0.5326746158131247,8,Critical
54808,17691,103304,12,0.17125183923178192,0.3227813457889359,0.5983606862579303,25,Critical
84946,47395,109224,2,0.4339247784369736,0.5579426930049679,0.5834204175772191,38,Critical
88321,64357,54616,11,1.1783543284019335,0.7286715503674098,1.2601523236486267,50,Critical
50658,36118,59298,6,0.6090930554150225,0.7129772197875952,1.0830794967346324,38,Critical
25749,20948,104778,9,0.19992746568936226,0.8135461571323158,0.5679996576961653,50,Critical
31604,30469,82739,11,0.36825439031170304,0.964086824452601,0.6780470336260616,19,Critical
66194,14000,38320,3,0.3653444676409186,0.21149953167960842,0.8553409120104976,38,Critical
15894,13924,47192,9,0.29505000847601287,0.8760538568013087,0.5598090020362999,18,Critical
69751,32167,21913,2,1.467941404645644,0.46116901549798567,0.7086631937021386,28,Critical
96300,44740,105319,11,0.42480464113787636,0.46458982346832817,0.794499749729974,22,Critical
95617,42598,26363,5,1.6158252095740242,0.44550655218214336,1.275925037220865,48,Critical
91834,41175,86626,3,0.4753191882344793,0.44836335126423765,1.0874929276662275,59,Critical
15573,13700,97796,12,0.14008752914229622,0.879727733898414,1.2292385493618352,18,Critical
18348,17964,90839,11,0.19775647023855392,0.9790712884238064,1.2820539332469871,58,Critical
31249,16389,59231,3,0.27669632455977444,0.524464782873052,0.8873730384565572,14,Critical
95054,91023,113501,3,0.8019576920027136,0.9575925263534412,0.7592578442736886,54,At Risk
60920,33745,114642,1,0.2943511104132866,0.5539231779382797,1.2376644380645847,6,Critical
49723,49300,41218,6,1.196079382793925,0.9914928705025843,0.8654822771322213,50,At Risk
16527,14628,88870,11,0.16459997749521774,0.8850971138137593,1.2927577866339335,53,Critical
74354,52010,45558,5,1.1416216690811714,0.6994916211636226,1.2152083281828412,42,Critical
47061,21433,26798,5,0.7997984924248078,0.4554301863538811,1.2788013006930763,29,Critical
21502,14572,11579,4,1.2584851887036876,0.6777043995907357,1.1846444141790653,6,Critical
41908,21632,75022,7,0.2883420863213457,0.516178295313544,0.96069828582774,16,Critical
67506,66613,111848,11,0.5955671983406051,0.9867715462329274,1.0922130712894194,30,Critical
94563,52578,12887,9,4.079925506324202,0.5560102788617113,1.2108758505277168,37,Critical
11232,11190,70743,12,0.15817819430897756,0.9962606837606838,0.8515894920969935,42,Critical
81022,64349,88058,8,0.7307570010674782,0.7942163856730271,0.7996038078538814,38,Critical
35536,13707,32042,9,0.4277822857499532,0.38572152183701036,1.0192455986685012,30,Critical
68041,13175,59867,9,0.22007115773297475,0.19363325054011551,0.703842647962638,29,Critical
70790,62442,62886,2,0.9929396049995229,0.8820737392287046,1.0831858461444475,26,At Risk
23537,22101,14358,8,1.5392812369410782,0.938989675829545,0.9190769989271812,39,At Risk
65790,24154,78416,9,0.3080238726790451,0.3671378628970968,0.5937762578753272,32,Critical
22555,18332,34754,3,0.5274788513552396,0.8127687874085568,1.0798848433392987,12,Critical
88792,30015,34894,7,0.8601765346477904,0.33803721055950986,0.9221320621532907,33,Critical
31959,22507,29436,5,0.7646079630384564,0.7042460652711287,0.5279505767504917,29,Critical
11213,8813,22144,10,0.3979859104046243,0.7859627218407206,0.6836712217737941,26,Critical
65061,64615,80139,1,0.8062865770723369,0.9931448947910423,0.7644451121705544,53,At Risk
41898,31358,29848,5,1.0505896542481907,0.7484366795551101,1.1448873943445061,9,Critical
19440,19062,76493,7,0.24919927313610396,0.9805555555555555,0.9978705804486482,37,Critical
62799,59496,58112,12,1.0238160792951543,0.9474036210767688,0.5417829134277026,24,Critical
24227,19413,68033,6,0.2853468169858745,0.8012960746274818,0.9408625581247152,26,Critical
96999,87476,104592,3,0.8363545969098976,0.9018237301415478,1.062358906574946,35,At Risk
87840,49882,60586,12,0.8233255207473674,0.5678734061930784,0.956665567542186,27,Critical
32112,18636,110294,2,0.1689665802310189,0.5803437967115097,1.1744284670664231,46,Critical
97413,9342,48420,1,0.1929368029739777,0.09590095777770934,0.930587634651153,48,Critical
38165,23543,64433,11,0.36538730153803173,0.6168740993056465,0.801914961868222,51,Critical
17154,16071,43865,1,0.3663741023595121,0.9368660370759007,0.6456123880214426,50,Critical
67993,66036,40250,5,1.6406459627329193,0.9712176253437854,0.570136879297354,16,Critical
82049,43907,110033,9,0.39903483500404424,0.5351314458433375,1.0716651399098023,31,Critical
32337,28750,75014,1,0.38326179113232195,0.8890744348579027,1.0296144120173092,43,Critical
93514,62728,109321,11,0.5737964343538753,0.6707872618003722,1.1926641813997376,49,Critical
47453,34610,103450,6,0.3345577573707105,0.7293532547994858,0.9354759412313243,44,Critical
44535,40216,49241,2,0.8167177758372088,0.9030200965532728,0.6494798376525913,26,Critical
66459,17315,88113,8,0.19650902817972377,0.2605365714199732,0.8328105374300214,8,Critical
88641,33939,11528,3,2.9440492713393476,0.38288151081328053,1.1961213927200602,28,Critical
22928,22536,61812,6,0.3645894001164822,0.9829030006978368,1.0914846879656102,27,Critical
54219,32567,42611,11,0.7642862171739692,0.6006565963960974,0.5385813268621954,46,Critical
49189,17387,112757,6,0.1541988523994076,0.3534733375348147,0.876280691283797,19,Critical
42987,27891,90652,12,0.30767109385341745,0.6488240630888408,1.0790710368765932,24,Critical
29727,8583,107125,8,0.0801213535589265,0.2887274195176103,0.5677891917670628,35,Critical
46432,27571,27355,12,1.0078961798574302,0.5937930737422468,0.5391728673486987,39,Critical
49804,9860,23971,7,0.41133035751533104,0.19797606617942334,0.9359599436286969,43,Critical
69281,20648,80189,4,0.25749167591564925,0.2980326496442026,0.5623251266076239,38,Critical
52354,47887,88845,4,0.5389948787213686,0.9146770065324522,0.610613291948735,14,Critical
27203,26819,38866,6,0.690037564966809,0.9858839098628828,1.249464020205973,35,Critical
99859,10319,81664,8,0.12635922805642633,0.10333570334171181,1.1340307404369785,40,Critical
64001,59791,37404,7,1.5985188749866324,0.9342197778159717,0.9915831265681985,59,At Risk
28425,25914,118569,9,0.2185562836829188,0.9116622691292876,1.2094624634181441,15,Critical
54958,54290,16074,9,3.377504043797437,0.9878452636558827,1.1099707963323788,6,At Risk
79622,17711,116495,11,0.15203227606335035,0.22243852201652808,0.5487308025978144,22,Critical
69323,58935,48859,12,1.2062260791256472,0.8501507436204434,0.8511269539833398,43,At Risk
33048,18500,113493,9,0.16300564792542271,0.5597918179617526,1.0643941788101912,31,Critical
40861,8123,107797,2,0.07535460170505673,0.19879591786789358,0.5544930763759608,48,Critical
13198,8371,79385,1,0.1054481325187378,0.6342627670859221,0.6061816098479824,50,Critical
87493,22091,118649,10,0.18618783133444025,0.25248877053021385,0.6941774916148568,57,Critical
71430,57238,64225,1,0.8912105877773453,0.8013159736805264,0.8349128176001361,12,At Risk
49333,37023,80290,4,0.46111595466434174,0.7504712869681552,1.088303497232332,26,Critical
79445,32193,10957,2,2.9381217486538285,0.405223739694128,0.9819041664649524,48,Critical
66450,62824,68361,7,0.9190035254019104,0.9454326561324304,1.2443729128186445,46,At Risk
26423,9155,102412,5,0.08939382103659728,0.3464784468077054,0.5650828274578259,17,Critical
51634,16241,114097,2,0.14234379519181048,0.3145408064453655,1.2715605155840035,42,Critical
39718,39527,99964,11,0.3954123484454404,0.9951910972355104,0.8602985218278336,25,Critical
41025,21253,34500,6,0.6160289855072464,0.5180499695307739,0.710829550419619,33,Critical
87781,8838,49758,7,0.17761967924755817,0.10068238001389822,0.9137560349410809,27,Critical
60784,21885,33361,10,0.6560055154221995,0.36004540668597,0.9172082926163156,9,Critical
32647,11217,14959,12,0.7498495888762617,0.3435844028547799,1.1705130924055047,42,Critical
10221,8761,54128,4,0.16185707951522318,0.8571568339692789,1.0138523321183284,7,Critical
27640,16267,17165,6,0.947684241188465,0.5885311143270622,1.0659114671067242,9,Critical
53655,23294,16109,11,1.4460239617605066,0.43414406858633864,1.1836094979556155,58,Critical
87604,68997,117158,5,0.5889226514621281,0.7876010227843477,0.722367112247037,37,Critical
10646,10517,102789,4,0.10231639572327779,0.9878827728724403,0.8183648382877102,20,Critical
98553,32072,71483,5,0.4486661164192885,0.32542895700790436,0.7445595633929449,43,Critical
62340,28885,45594,9,0.6335263411852436,0.4633461661854347,1.0091703503727136,29,Critical
59676,22376,69290,5,0.3229326021070862,0.3749581071117367,0.6236245487311596,41,Critical
11865,10598,12674,12,0.8362000946820262,0.8932153392330383,0.5545230840607187,58,Critical
68693,49803,114211,11,0.43606132509127843,0.7250083705763324,0.989602977868342,60,Critical
25385,20346,117852,10,0.17264026066591998,0.8014969470159543,1.1682398875952162,46,Critical
58620,29938,16771,2,1.7851052411901496,0.5107130672125555,1.203406567523466,50,Critical
51053,43802,24928,5,1.757140564826701,0.8579711280434059,0.6273084471724284,44,Critical
12653,11468,53875,3,0.2128631090487239,0.9063463210305857,0.589317737763364,55,Critical
48042,29020,48965,11,0.5926682324109057,0.6040547853961117,1.0017211061455642,17,Critical
63665,19699,109711,11,0.17955355433821585,0.3094164768711223,0.8970292406035272,29,Critical
16447,8748,40516,11,0.2159147003652878,0.5318903143430412,0.7479673319329271,29,Critical
58095,12251,13543,1,0.9046001624455439,0.21087873310956193,1.2450252810500562,58,Critical
50625,19775,94679,12,0.20886363396318086,0.3906172839506173,0.6053345082080754,46,Critical
15289,14997,109770,10,0.136622027876469,0.9809013015893779,0.5062894910230906,44,Critical
67742,27739,40555,1,0.6839847121193441,0.4094800862094417,1.2039297884528781,24,Critical
12034,11301,111977,8,0.10092251087276852,0.9390892471331228,1.195085253954016,27,Critical
35018,14333,21626,10,0.6627670396744659,0.40930378662402195,0.6071986400012406,57,Critical
95104,50996,68763,9,0.7416197664441633,0.5362129878869448,1.0909667676455257,59,Critical
72566,70307,59369,12,1.184237565059206,0.9688697186009977,0.7924806782067835,17,At Risk
93072,48866,107619,10,0.454064802683541,0.5250343819838404,1.2564209147841199,37,Critical
66185,25939,110360,4,0.23503986951794129,0.391916597416333,1.271601694424049,29,Critical
84311,21306,113736,8,0.1873285503270732,0.2527072386758549,0.5082673249381728,36,Critical
14559,8690,94108,12,0.09234071492327964,0.59688165395975,1.004316092627339,15,Critical
98779,32087,62276,2,0.5152386151968655,0.32483625062007104,0.8315923790727806,32,Critical
85660,8899,13739,10,0.6477181745396317,0.10388746205930423,1.0227041594161594,16,Critical
49940,46717,35975,5,1.2985962473940236,0.9354625550660793,1.229342873031918,39,At Risk
78707,41692,95148,11,0.43818051877075714,0.5297114614964361,0.6993166634972043,30,Critical
71779,23514,75756,11,0.3103912561381277,0.32758884910628455,0.5695992490274406,16,Critical
35557,21867,106718,2,0.2049045147022995,0.6149843912591051,0.541582617313271,31,Critical
27389,22768,41119,5,0.5537099637637102,0.8312826317134616,0.5824177852484924,20,Critical
79887,27906,57552,6,0.48488323603002503,0.34931841225731347,0.9716247230277024,8,Critical
95873,9341,108517,2,0.08607867891666743,0.09743097639585702,1.0442626819618102,29,Critical
37623,10973,88849,6,0.12350167137502954,0.2916566993594344,0.687157160931347,30,Critical
28423,12287,19165,2,0.6411166188364206,0.4322907504485804,0.7529585525689566,59,Critical
29463,13551,44163,3,0.3068405678962027,0.4599327970675084,0.8921324573634988,38,Critical
25988,11361,113842,8,0.09979620878059065,0.437163306141296,1.2249037439894703,51,Critical
81682,33626,92453,9,0.3637091278811937,0.41166964569917486,0.8704025728359515,47,Critical
21811,17350,14861,11,1.1674853643765561,0.7954701755994682,0.7890608778457603,12,Critical
39101,13747,112823,12,0.12184572294656232,0.3515766860182604,0.7054195965030371,9,Critical
93480,65808,74773,10,0.8801037807764834,0.7039794608472401,0.8727341811451965,54,Critical
46753,22885,11526,2,1.9855110185667186,0.48948730562744636,0.5489657313830499,44,Critical
91764,82632,11994,9,6.889444722361181,0.9004838498757682,0.8150258225915514,9,At Risk
90006,22547,13584,11,1.6598203769140165,0.25050552185409863,0.8030361008638979,33,Critical
43915,37906,29026,5,1.3059326121408392,0.8631674826369122,0.5421516045498016,38,Critical
47827,35176,80111,2,0.43909076156832394,0.7354841407573128,0.692107764978413,22,Critical
67768,58532,32153,3,1.8204211115603521,0.8637114862471963,0.5704093580487938,33,Critical
18439,17870,15382,10,1.1617474970745028,0.9691414935734042,0.5123189396828616,53,Critical
49249,38556,94845,2,0.4065158943539459,0.782878840179496,0.7563630434336059,35,Critical
36956,14097,13576,5,1.0383765468473778,0.3814536205217015,0.6780548580778187,15,Critical
27980,27629,40405,6,0.6838015097141443,0.9874553252323088,0.6461751372707853,14,Critical
28974,10893,100909,5,0.10794874589977108,0.37595775522882585,0.6438300533535782,25,Critical
42407,27290,59273,7,0.4604119919693621,0.643525832999269,1.2266238580279576,11,Critical
57242,16723,58073,7,0.28796514731458683,0.29214562733657107,0.9701471985150169,56,Critical
