planned_duration_days,elapsed_days,remaining_days,team_size,complexity,bugs,pending_tasks,progress,risk,status
428,353.82308681515053,74.17691318484947,14,5,37,8,73,0.5279296285668029,Delay
284,136.66281772476816,147.33718227523184,8,3,46,23,29,0.7708802530634757,Delay
334,233.58449025713318,100.41550974286682,2,4,13,37,80,0.8478663628744473,Delay
71,23.525975089891883,47.47402491010811,9,1,2,2,65,0.6482589525827299,Risk
52,37.16432064389611,14.835679356103888,10,2,41,29,30,0.9248871911245263,Delay
425,192.01789513477863,232.98210486522137,12,2,32,14,64,1.3805686213723503,Delay
419,20.795301120517415,398.2046988794826,6,3,6,8,85,1.0549151383494189,Risk
348,250.80479712322148,97.19520287677852,5,3,23,15,69,1.0757475641807859,Delay
155,59.86916663779634,95.13083336220366,13,1,38,20,73,0.7175885337594947,Risk
208,183.66885445847973,24.33114554152027,4,2,35,20,59,1.178443910591389,Delay
237,226.58729864967947,10.412701350320532,13,4,1,16,47,0.5150090259307583,Delay
201,36.05290358755294,164.94709641244705,8,1,25,36,72,1.1937074980055415,Delay
356,275.9291798843955,80.07082011560448,3,1,18,19,73,1.0701770070681706,Delay
249,166.40009233683116,82.59990766316884,8,4,48,28,74,1.480684403935118,Delay
483,446.26661606127954,36.733383938720465,8,5,20,33,25,1.258387092902716,Delay
208,82.64117432730794,125.35882567269206,2,5,0,36,21,0.8820251609397498,Delay
384,122.54485368155693,261.4551463184431,5,1,28,6,59,1.1152431280224722,Delay
168,9.92653093887268,158.07346906112733,6,1,45,39,45,1.2128187358422418,Delay
515,227.5035908547938,287.4964091452062,9,5,50,34,56,1.08313495318362,Delay
508,335.3224660015172,172.67753399848277,6,2,44,31,21,0.5287465577905033,Delay
335,320.2884238412814,14.711576158718572,3,3,2,7,100,1.178992220948936,Delay
62,36.04039699430947,25.959603005690532,5,3,28,28,45,1.071298217416099,Delay
111,69.87028968927486,41.129710310725144,8,1,10,32,22,0.9063051381291954,Delay
239,225.96970085026126,13.030299149738738,14,1,44,16,48,0.8903587634808969,Delay
359,22.921381013716093,336.0786189862839,7,5,44,22,87,0.9948144342674488,Delay
67,25.804953897316192,41.195046102683804,9,2,46,26,30,1.1658199453952198,Delay
168,54.00597132439539,113.99402867560461,11,2,11,34,76,1.0761119828596484,Delay
57,23.144600438463957,33.855399561536046,9,2,13,15,29,0.819482858930986,Delay
289,152.00457789759432,136.99542210240568,5,1,33,6,29,1.1516592147139169,Delay
372,182.0693909427969,189.9306090572031,9,1,18,13,25,1.1081804111813196,Delay
262,28.07235742215173,233.92764257784827,11,4,35,14,22,0.5475194247842395,Delay
350,204.22670991902802,145.77329008097198,10,2,34,5,64,0.8263589645813951,Delay
103,87.24851630798351,15.751483692016492,14,4,34,16,77,0.5406503775857224,Delay
143,40.56061031303465,102.43938968696534,5,4,32,38,83,1.3670566827600847,Delay
374,238.33220491527905,135.66779508472095,7,3,8,6,97,0.9407961994338493,Risk
145,118.50683100488119,26.493168995118808,8,2,20,25,57,1.0012275828327384,Delay
43,9.33883753630873,33.66116246369127,12,3,41,35,93,1.3854823176961326,Risk
211,49.49935357105312,161.50064642894688,3,1,29,35,42,0.5246391416708077,Delay
509,371.42139326030883,137.57860673969117,14,1,37,9,47,1.160639105372112,Delay
373,218.53579871115653,154.46420128884347,14,3,20,34,95,0.9955825074987777,Risk
151,110.22944085387839,40.77055914612161,10,5,33,34,30,0.7056544439667815,Delay
418,143.1037317037371,274.89626829626286,11,3,1,0,29,1.1786960640640256,Delay
375,142.15112122877895,232.84887877122105,10,2,42,33,47,1.3944153162479147,Delay
180,52.93396610992679,127.06603389007321,14,3,11,24,42,1.1247602467610633,Delay
232,26.97455306928547,205.02544693071454,2,4,19,36,68,1.1747162425276954,Delay
139,30.04250072767506,108.95749927232494,6,3,43,10,82,0.6410033280466954,Delay
446,276.26331952680164,169.73668047319836,10,1,30,34,96,1.4178682010382515,Risk
401,156.74168248832459,244.25831751167541,6,5,6,26,28,0.932605407529963,Delay
335,267.27828914709943,67.72171085290057,12,2,9,30,53,1.4432914479966827,Delay
401,235.67694866441616,165.32305133558384,4,3,19,11,39,0.6387018893895356,Delay
531,215.36414038542983,315.63585961457017,12,4,42,21,69,0.7094006444303486,Delay
69,53.83333841318733,15.166661586812673,4,4,41,31,78,0.8052623776322969,Delay
55,16.864572207896394,38.135427792103606,10,5,49,21,38,0.5825766280945563,Delay
469,149.16902347474047,319.83097652525953,4,1,2,29,84,1.2007688606503701,Risk
41,30.78809601499919,10.21190398500081,11,2,35,6,63,0.7999485982004619,Delay
85,35.170635432749535,49.829364567250465,11,4,39,9,72,1.45761567292484,Delay
495,38.7759871950673,456.2240128049327,8,1,9,31,72,0.7447875236997265,Risk
230,45.45367388673454,184.54632611326545,6,2,13,1,93,1.084607268964787,Risk
377,220.97804582816914,156.02195417183086,8,3,11,28,45,1.4768995506994975,Delay
103,36.524358425244124,66.47564157475588,14,1,17,12,24,0.5378358127258727,Delay
237,29.00497768231706,207.99502231768292,2,1,9,32,42,0.5148394823889071,Delay
152,107.7378891724776,44.262110827522406,6,5,38,9,72,1.4487946582918179,Delay
32,19.108413621852158,12.891586378147842,13,5,16,12,85,1.144135254951575,Delay
481,393.4029478921991,87.59705210780089,12,1,8,34,22,1.0216548504699978,Delay
163,25.412657746500805,137.5873422534992,13,2,26,8,64,1.2391098226940551,Risk
277,128.56971092404024,148.43028907595976,9,2,40,7,31,1.3481444627255272,Delay
221,184.3014427401177,36.69855725988231,8,5,9,28,61,0.8106359608511746,Delay
163,109.41218359528419,53.58781640471581,14,1,46,26,84,0.6682527741171544,Delay
210,54.97717150084316,155.02282849915684,10,1,9,21,57,0.5024905768607959,Delay
100,55.33331815453809,44.66668184546191,14,5,32,14,93,1.3937693861684752,Delay
365,32.86901807759486,332.1309819224051,13,1,4,21,50,1.0378825559563962,Risk
307,53.45780174047163,253.54219825952836,7,1,18,6,89,1.351400665110793,Risk
346,181.3295305157121,164.6704694842879,15,3,6,22,98,0.8663952102533493,Risk
275,221.92931185214138,53.07068814785862,3,3,46,27,41,0.5873786711090169,Delay
399,113.33722331109068,285.66277668890933,13,2,36,5,30,1.1144744662661838,Delay
153,94.77221830335932,58.227781696640676,15,4,26,37,75,1.0802823163451456,Delay
289,158.95192296668552,130.04807703331448,12,5,2,23,21,1.3842989592215282,Delay
445,266.7193049029149,178.28069509708507,15,4,39,16,47,0.5841706510920497,Delay
89,37.40727709275777,51.59272290724223,4,5,9,16,62,1.2334213079559782,Delay
527,398.4519845679199,128.5480154320801,7,5,27,14,28,1.4192326296617725,Delay
502,157.38886665452785,344.6111333454721,8,3,28,7,80,1.0615877300576073,Delay
33,1.4200677895862646,31.579932210413734,11,2,38,1,20,1.0933911267831635,Delay
44,41.12761216834976,2.8723878316502365,14,5,43,25,52,1.457703234325932,Delay
492,198.58645460256975,293.41354539743025,6,4,36,38,23,0.848174953927973,Delay
271,241.46590694268815,29.53409305731185,11,4,7,38,22,1.4787129221374475,Delay
371,357.55865835745567,13.44134164254433,7,5,15,8,85,1.3529794682406249,Delay
457,274.9159936475737,182.0840063524263,13,5,25,11,78,1.2888507983792827,Delay
139,76.38144504546484,62.618554954535156,2,2,43,40,97,1.4689215018633692,Delay
158,51.16800566696069,106.83199433303932,5,2,4,1,27,1.3852960407216384,Delay
111,87.11268770985178,23.887312290148216,9,4,18,7,58,1.2772935370738034,Delay
58,28.734947788741874,29.265052211258126,15,2,35,3,44,1.0077846504027166,Delay
151,78.01951112328484,72.98048887671516,3,5,4,15,94,0.559163438208715,Delay
331,181.29373727603,149.70626272397,8,5,25,29,52,0.7818217732654925,Delay
456,416.24448331225085,39.75551668774915,10,3,18,13,68,0.8302207839141204,Delay
427,141.1611485847829,285.8388514152171,11,5,20,20,32,1.4582241348383898,Delay
363,228.4142587384101,134.5857412615899,15,2,45,26,41,0.7815949201850128,Delay
101,34.068630923354796,66.93136907664521,12,1,26,17,94,1.3453268797910494,OnTime
322,275.5064041943165,46.493595805683526,10,3,14,7,32,1.3854831655304933,Delay
194,120.33339032559914,73.66660967440086,7,4,17,9,56,1.1052013775021114,Delay
160,31.67351463035148,128.3264853696485,9,5,13,13,77,1.257878063372158,Delay
76,35.79617463848736,40.20382536151264,5,3,35,27,55,1.0274948584566965,Delay
43,37.72763691710377,5.272363082896227,13,3,18,39,23,0.879258259271171,Delay
401,112.75783626758749,288.2421637324125,3,4,33,40,29,0.7694080272578391,Delay
220,26.900007492471715,193.09999250752827,4,2,41,25,84,0.5886457543095297,Delay
193,169.6438946397822,23.35610536021781,15,2,21,17,51,0.6587413790444786,Delay
337,273.5080331252053,63.491966874794684,3,4,1,32,50,1.2177782998942952,Delay
397,117.28107930127642,279.7189206987236,11,4,45,4,36,0.6832870328115996,Delay
189,50.58539890501521,138.4146010949848,8,3,20,27,44,0.7703205468277171,Delay
278,0.6888747248628073,277.3111252751372,5,5,48,25,39,1.031219980576064,Delay
248,165.96562802852003,82.03437197147997,15,3,30,10,65,1.4008114801228144,Delay
240,75.20485538644557,164.79514461355444,14,2,50,30,79,0.7834843253964783,Delay
427,86.71366924441637,340.28633075558366,7,2,50,18,77,0.967513327291359,Delay
483,94.13162957239273,388.86837042760726,4,1,14,13,51,0.9671161671376927,Delay
231,104.44510812700857,126.55489187299143,10,1,44,9,99,0.5998393291503706,Risk
325,255.32301169270582,69.67698830729418,14,4,37,38,84,0.6196790960046926,Delay
188,132.26895217941367,55.731047820586326,15,4,44,29,47,1.0512866690496807,Delay
496,287.6572554289496,208.3427445710504,9,5,13,17,95,1.4741443000766385,Delay
232,186.83248510354355,45.16751489645645,10,2,21,37,24,0.8180724204381861,Delay
74,64.98195200332165,9.018047996678348,6,5,47,15,72,0.6298732479701188,Delay
484,77.09863874582763,406.90136125417234,12,4,20,13,84,0.9219408076861147,Risk
188,94.7106533126327,93.2893466873673,3,4,26,26,86,0.8204458850602968,Delay
116,46.96448445597452,69.03551554402549,7,1,4,9,94,0.760427819076374,Risk
54,5.720092388576988,48.27990761142301,2,5,23,19,25,1.4377612595214624,Delay
61,23.144554217420033,37.85544578257996,5,2,36,22,75,1.4263730029828645,Delay
238,19.721309283421235,218.27869071657875,9,5,13,15,68,1.299800406600761,Delay
182,104.93104802337392,77.06895197662608,7,2,17,23,32,1.0171309646298068,Delay
320,9.931598180514385,310.06840181948564,10,2,15,34,40,0.7971236620904186,Delay
328,3.1661185791765387,324.83388142082345,12,5,8,36,59,0.6716916987774357,Delay
99,6.51832033885234,92.48167966114767,10,5,11,25,73,1.307991431609996,Delay
295,285.82575380567846,9.17424619432154,4,2,48,28,27,0.9837319868110763,Delay
30,13.558904203735437,16.441095796264563,15,2,33,14,81,1.1838983186318845,Risk
178,73.2873010164977,104.7126989835023,4,2,41,1,96,1.075172555814126,Risk
164,92.30138019846119,71.69861980153881,13,1,18,25,63,0.8099509918543186,Delay
387,184.74857193723366,202.25142806276634,3,5,0,2,59,1.32324232667132,Delay
134,44.30034711260788,89.69965288739212,2,3,8,35,39,1.0827790143390135,Delay
242,157.64199682386288,84.35800317613712,3,1,15,6,61,0.7033618081434405,Delay
510,312.05284023257144,197.94715976742856,7,4,26,11,56,0.6877036631570225,Delay
442,356.0114983059834,85.98850169401658,13,1,50,20,98,0.6078509013222323,Risk
82,8.88007870327191,73.1199212967281,9,2,45,2,36,0.8559190092898108,Delay
326,76.78660360147352,249.21339639852647,4,1,8,11,51,1.4310711216549725,Delay
242,135.7330209245606,106.2669790754394,12,1,9,35,54,0.7671785877949737,Delay
406,281.8449523816253,124.15504761837468,3,4,16,16,56,0.7685660204118496,Delay
57,9.960172641011646,47.039827358988354,13,3,36,5,86,0.6851344384753421,Risk
342,198.38700680669868,143.61299319330132,10,1,28,2,97,0.7426957347429363,Risk
229,23.724029225260512,205.27597077473948,13,2,40,34,33,0.9542352864734647,Delay
118,20.705939784043498,97.2940602159565,9,4,37,25,70,1.1955857670900634,Delay
281,92.10062627896336,188.89937372103662,8,3,18,18,48,0.5732248907342252,Delay
504,184.83110258472973,319.1688974152703,8,2,1,39,32,1.2899903932457255,Delay
294,147.99493304044617,146.00506695955383,14,2,29,9,46,0.8697379927479948,Delay
534,189.11607552199288,344.8839244780071,12,5,10,19,22,1.3559949105460798,Delay
127,67.38685718909043,59.613142810909565,9,1,25,25,32,0.8577017145129355,Delay
516,24.853648308125642,491.1463516918744,8,3,7,25,68,1.2369454936365307,Delay
501,124.44714706032816,376.5528529396718,3,5,30,17,83,1.0682268976287443,Delay
358,57.209634004692035,300.790365995308,6,1,7,11,61,1.0712639399792407,Delay
52,46.46560074431446,5.534399255685543,12,5,18,27,69,0.9495372590378258,Delay
179,25.940145580384552,153.05985441961545,9,2,30,37,33,1.2328031472483174,Delay
336,45.698745941145724,290.3012540588543,6,1,7,24,28,0.8251049965392913,Delay
80,65.82286942949862,14.177130570501376,13,2,16,25,97,1.4186182520493162,Risk
165,35.90434366613001,129.09565633386998,10,2,35,6,73,1.4187501877322688,Risk
422,337.79364721918955,84.20635278081045,14,4,47,20,85,1.450799396727858,Delay
98,97.05163461952436,0.9483653804756358,8,5,44,39,65,1.1453730632742984,Delay
254,190.65810030924735,63.341899690752655,12,2,40,9,68,1.1885750785642017,Delay
162,92.39229861888307,69.60770138111693,6,5,3,25,52,0.8001475086501327,Delay
234,195.7841640055322,38.215835994467795,3,5,46,39,24,1.4013115520719643,Delay
74,69.11965021196822,4.880349788031779,10,5,34,40,51,1.109179626607336,Delay
193,111.09427416718803,81.90572583281197,12,2,30,29,50,1.0919689062266056,Delay
535,255.141862340536,279.858137659464,10,5,7,27,50,1.2722420182814198,Delay
184,161.8337559502425,22.166244049757495,10,5,8,0,88,0.6985098155287867,Delay
390,63.03669961116968,326.9633003888303,13,4,0,27,88,1.0208099539699296,Risk
83,17.77644690090868,65.22355309909132,12,2,7,5,58,0.7255849135222135,Risk
238,41.236196265462674,196.76380373453733,5,5,45,37,92,0.7256661499844685,Delay
86,42.45448921075486,43.54551078924514,10,1,47,10,72,1.2303894692448536,Delay
87,42.415634504058815,44.584365495941185,5,3,6,11,79,0.863530390548809,Delay
114,69.1103717139597,44.889628286040306,9,5,45,3,31,1.4215082582913845,Delay
130,69.31769021821731,60.68230978178269,9,4,18,33,74,0.6176886535702097,Delay
297,182.3620508498041,114.63794915019591,12,2,37,36,29,1.3131839601259134,Delay
116,60.043149571660464,55.956850428339536,12,3,34,11,76,1.240278003384307,Delay
306,170.83197516275388,135.16802483724612,8,4,11,1,58,1.054429839549555,Delay
274,138.09613141196644,135.90386858803356,13,5,32,19,71,1.0575876540317033,Delay
471,301.1721347194181,169.82786528058188,15,1,16,31,38,0.9021327494755127,Delay
191,189.0826275928368,1.9173724071632137,4,1,30,12,81,0.6138941154753458,Delay
125,68.97397882319683,56.02602117680317,13,1,48,28,35,1.435455704362143,Delay
93,90.47420316249743,2.5257968375025683,3,3,21,34,68,0.5887381234764907,Delay
88,12.102693489832827,75.89730651016717,4,5,46,37,30,0.5173344121766476,Delay
353,352.9098889449803,0.09011105501969041,11,1,48,40,96,1.367647881275154,Delay
253,189.3668176895504,63.6331823104496,3,3,17,23,56,1.2375090103743953,Delay
402,246.34922379404267,155.65077620595733,11,5,10,11,39,0.8067327557926044,Delay
510,213.65265247338633,296.3473475266137,7,1,2,32,95,0.9741659327813104,Risk
459,394.40714862182864,64.59285137817136,3,4,29,1,30,1.0172242974041166,Delay
403,354.09671928232586,48.903280717674136,7,1,2,27,37,0.513846802414847,Delay
452,339.70276433763706,112.29723566236294,9,2,50,28,79,1.1412323011095338,Delay
331,211.36755928073816,119.63244071926184,8,2,42,17,58,0.7208110440480914,Delay
423,412.8096465869218,10.190353413078185,11,2,13,21,92,0.5274195066752123,Delay
140,84.71431320709809,55.28568679290191,9,1,50,27,85,0.9978587598098249,Delay
275,90.1876899631091,184.8123100368909,12,5,13,25,75,0.7774492751031051,Delay
430,184.77342136441504,245.22657863558496,8,4,10,33,74,1.336738554782729,Delay
472,280.33453097007794,191.66546902992206,8,1,5,23,32,0.6339224100895768,Delay
449,243.9541512970957,205.0458487029043,13,2,18,35,82,1.337133190836509,Delay
202,76.77578611567279,125.22421388432721,11,2,26,30,92,1.1252128435856958,Risk
47,43.86926922097014,3.130730779029861,12,3,44,39,73,1.087273763145598,Delay
289,243.6765403635361,45.323459636463895,6,2,15,1,84,0.608106269007812,Delay
365,304.79200457766643,60.20799542233357,6,3,44,1,60,0.8155862162246995,Delay
495,141.35337540637298,353.64662459362705,5,4,4,39,20,1.290315471154193,Delay
37,26.941124548995134,10.058875451004866,10,5,43,8,52,0.7424796985709344,Delay
472,387.92189110454456,84.07810889545544,8,2,16,15,51,0.6038835100556621,Delay
416,321.111041842126,94.88895815787401,2,2,5,34,25,1.2816902262775676,Delay
59,38.643481681925614,20.356518318074386,7,3,1,3,63,1.1663805759414243,Delay
82,19.800208100638095,62.199791899361905,9,2,12,2,93,1.0849792562732876,OnTime
328,111.49037387331614,216.50962612668386,15,3,39,33,36,1.4522506963594375,Delay
406,24.336875933551102,381.6631240664489,12,3,6,34,71,1.1008716009551038,Risk
161,37.27005508051593,123.72994491948407,4,4,30,13,73,1.0459168929571798,Delay
60,28.496017339089757,31.503982660910243,9,2,14,29,86,0.5542537830815817,Delay
497,9.125829784156682,487.8741702158433,15,3,16,6,22,1.1834787947076943,Delay
485,32.00130631341028,452.9986936865897,8,4,18,22,47,0.9167733466721426,Delay
385,323.8688553492603,61.131144650739714,4,3,20,23,72,1.4241652608370161,Delay
436,385.7935282768849,50.2064717231151,6,1,28,29,59,1.3294618833550969,Delay
136,73.19376022973465,62.80623977026535,13,2,28,12,88,1.0382408968431636,Risk
215,88.58028215219417,126.41971784780583,12,2,29,28,37,1.0329275682238788,Delay
279,168.90228134367703,110.09771865632297,6,5,2,7,43,0.9785800877060519,Delay
127,38.13300027242976,88.86699972757023,7,3,33,17,73,1.492690284374774,Delay
308,145.35283474424523,162.64716525575477,6,3,44,37,22,0.5774465563606374,Delay
345,217.60895420777757,127.39104579222243,10,4,37,2,47,1.3458677887075317,Delay
240,85.05150788850467,154.94849211149534,14,3,25,12,76,1.260984567007459,Risk
439,171.7578428047747,267.24215719522533,6,5,14,37,53,0.9394205417980701,Delay
248,15.041107335897937,232.95889266410205,6,2,13,16,87,1.0071966862804247,Risk
288,7.096454618233327,280.90354538176666,5,1,1,18,81,0.7938088454100135,Risk
337,324.53299857046767,12.467001429532331,15,5,44,17,74,1.2309796144233396,Delay
478,393.84891125677416,84.15108874322584,7,3,19,17,56,0.8657881614119001,Delay
245,112.8313495211628,132.1686504788372,5,1,31,1,61,1.3813050059469618,Delay
384,283.3491410133698,100.65085898663023,13,2,31,23,67,1.0939561185039903,Delay
450,86.94100043934289,363.0589995606571,7,1,14,38,36,1.3460010062904626,Delay
155,85.351224511977,69.648775488023,8,3,21,30,68,0.7207931529459644,Delay
529,407.7097884895499,121.29021151045009,7,1,1,14,71,0.5394869406935787,Delay
57,25.75636551627048,31.24363448372952,15,1,50,28,29,1.2861342091090615,Delay
196,33.40302685184448,162.5969731481555,13,5,42,2,64,0.5485374669939855,Delay
440,140.7093283420272,299.2906716579728,13,2,22,29,72,0.6190489683600435,Delay
108,89.46904014417669,18.530959855823312,7,4,8,4,20,1.4606982390555736,Delay
177,117.99874921414828,59.001250785851724,14,4,47,6,36,1.023340882479532,Delay
62,4.37625534506086,57.62374465493914,10,2,26,9,69,0.5228831110984382,Risk
404,360.35359023941,43.64640976059002,10,4,30,33,53,1.1780955406492999,Delay
492,89.1882037944857,402.81179620551427,10,1,39,15,57,0.7584608066396162,Delay
421,134.99624550745185,286.0037544925482,15,1,24,8,88,1.3062578940714005,OnTime
509,104.82339926560701,404.176600734393,9,4,4,14,32,0.7898143544795827,Delay
493,269.299668195452,223.700331804548,9,5,49,30,73,0.5798052638824499,Delay
427,11.367220338683579,415.6327796613164,10,5,24,28,21,0.5105824184072013,Delay
32,20.007133145896542,11.992866854103458,9,2,22,29,80,1.2998898843338078,Delay
61,55.09777697305492,5.90222302694508,12,3,40,8,31,1.399669000576535,Delay
53,35.9466727355068,17.0533272644932,15,1,35,39,83,0.6622055402019817,Delay
274,74.57675889349153,199.42324110650847,8,1,33,30,31,0.8032254012963252,Delay
126,103.50678551375353,22.493214486246472,12,3,42,11,65,0.8360021804164472,Delay
489,69.69822606850629,419.3017739314937,11,4,30,28,53,1.0806449941309868,Delay
69,36.361061512855265,32.638938487144735,10,1,40,28,70,0.9941757079168391,Delay
287,35.5998311231897,251.4001688768103,7,5,12,26,46,0.5839006249739269,Delay
37,17.510225409298993,19.489774590701007,9,5,22,13,36,0.8910554472990863,Delay
174,108.85073958891773,65.14926041108227,6,1,26,2,22,0.818785967104508,Delay
327,172.99013110016688,154.00986889983312,2,4,25,35,83,0.7895222567165041,Delay
500,286.626641189726,213.373358810274,9,2,20,26,86,0.8177752962119305,Delay
429,276.78752283854243,152.21247716145757,13,2,8,12,84,1.2266227969402916,Risk
110,47.90233701580965,62.09766298419035,2,5,30,36,93,1.0950712282524209,Delay
342,239.00122222488312,102.99877777511688,11,1,1,40,24,0.602932922623515,Delay
96,87.45241046898315,8.547589531016854,15,5,24,7,91,0.8194732872920258,Delay
69,65.32132866350891,3.6786713364910923,6,1,11,4,93,0.7238798271299622,Delay
218,13.149130604660222,204.85086939533977,14,3,2,24,59,0.9029087662080846,Risk
97,22.822912934566205,74.1770870654338,6,1,45,36,97,1.397903314686934,Delay
484,53.241900634498265,430.7580993655017,7,2,31,25,41,0.5163353715434637,Delay
468,114.50971164478308,353.49028835521693,3,4,7,12,65,1.2247864589319126,Delay
387,202.6452917419366,184.3547082580634,12,4,31,24,43,1.3456227574862383,Delay
397,33.62664580150657,363.3733541984934,11,2,46,3,62,1.1821568185842208,Delay
107,78.60314499970029,28.39685500029971,12,3,22,18,46,1.4158673431482924,Delay
202,86.81850563636672,115.18149436363328,11,3,0,38,39,0.9297135895173554,Delay
441,265.9441853117553,175.0558146882447,3,1,7,12,49,0.6590602360542285,Delay
290,195.0632446321691,94.9367553678309,5,3,24,22,35,1.4923666605083334,Delay
36,27.857455392232623,8.142544607767377,14,4,40,29,35,1.0705928649431409,Delay
441,228.6004164330484,212.3995835669516,11,4,3,0,68,1.1494709975494752,Delay
86,55.23679196009987,30.763208039900128,7,2,3,36,42,0.8815611379673095,Delay
418,205.4303281608735,212.5696718391265,15,1,34,11,42,0.8544663180875516,Delay
55,44.603701699256675,10.396298300743325,6,1,0,16,59,1.4680496942106411,Delay
429,409.7117191323061,19.288280867693913,12,2,3,30,78,0.9968755501158132,Delay
330,271.79263668659326,58.207363313406745,12,5,4,20,91,1.0739672400440656,Delay
238,96.30322062127263,141.69677937872737,13,1,23,14,30,0.837680041992213,Delay
252,74.37239980151061,177.6276001984894,9,5,45,5,74,1.2594092641420378,Delay
418,273.2766481494033,144.7233518505967,15,5,43,31,93,1.304780841522652,Delay
172,126.49099391049512,45.50900608950488,14,3,28,23,36,1.3006293322085265,Delay
285,234.33751537149988,50.662484628500124,14,1,40,3,31,0.882184111330138,Delay
416,396.39342111931876,19.60657888068124,10,1,45,12,27,1.1894448370052801,Delay
69,50.21541743346591,18.78458256653409,2,5,30,18,88,0.8396829794901579,Delay
311,212.13923717665625,98.86076282334375,4,4,25,19,77,1.0912661532145718,Delay
223,46.17766854172037,176.82233145827962,5,5,50,38,82,1.4749610916639704,Delay
35,10.642093245604912,24.35790675439509,9,3,23,24,25,1.398625131833258,Delay
205,51.75077015585828,153.24922984414172,5,3,38,39,29,1.4275676087920561,Delay
244,34.86715533139343,209.13284466860657,3,4,23,29,49,0.6470586986236933,Delay
477,367.32120472639923,109.67879527360077,5,4,29,14,53,0.9970575464239096,Delay
181,92.58771009033585,88.41228990966415,9,4,8,35,72,0.9364620300575806,Delay
117,74.60925837332177,42.390741626678235,10,5,21,1,74,1.0963733626645968,Delay
334,47.0441218797595,286.9558781202405,11,5,28,6,48,1.3861201883721437,Delay
151,123.38472363575329,27.61527636424671,15,4,23,2,63,1.1595768660938575,Delay
492,104.50476633311976,387.49523366688027,4,4,2,25,28,0.9857390690793242,Delay
523,86.82486229744649,436.1751377025535,15,5,0,1,20,1.2964391903317432,Delay
410,33.27901461125994,376.7209853887401,6,5,16,0,78,1.3305897863457716,Delay
301,285.9734313843207,15.02656861567931,13,3,50,6,40,0.6826061251533824,Delay
193,14.856998689766858,178.14300131023313,6,4,0,17,68,0.9466226067566799,Delay
283,117.5303905658908,165.4696094341092,15,5,11,23,72,1.3794908177833412,Delay
138,116.19753100619033,21.80246899380967,10,3,23,35,52,0.9003238457493588,Delay
202,77.0304558781696,124.9695441218304,8,5,23,15,71,0.9113833189469285,Delay
73,33.68377583902089,39.31622416097911,10,3,20,23,29,0.9536940865692215,Delay
211,97.4387943036847,113.5612056963153,15,1,33,0,84,0.9435856836632707,OnTime
359,120.64412133358698,238.35587866641302,9,3,16,28,75,1.4592973219855092,Delay
313,295.7103061312304,17.289693868769575,14,2,43,22,83,0.5877055342084108,Delay
483,113.25453370080336,369.74546629919666,3,1,34,25,66,0.989004978281141,Delay
128,109.03356374322306,18.966436256776944,2,5,47,24,54,1.3443322531212516,Delay
502,11.469061086149043,490.53093891385095,14,3,35,16,50,1.2564455773421113,Delay
75,73.75042429380427,1.2495757061957278,12,4,36,22,46,0.7023601859603857,Delay
217,202.55894318862696,14.441056811373045,6,2,46,3,76,0.6518537446864741,Delay
291,79.6926973347129,211.3073026652871,13,5,5,10,72,1.293607831704867,Delay
370,47.21523395650284,322.78476604349714,15,3,21,20,60,0.543013442972305,Delay
109,57.741945682540866,51.258054317459134,15,2,24,22,20,0.6831709016668834,Delay
244,4.153712462696678,239.8462875373033,2,4,35,8,61,0.5842323327264298,Delay
493,267.5809973122867,225.41900268771332,4,4,42,33,40,1.15837462817501,Delay
77,11.42169302963567,65.57830697036434,9,2,18,1,50,0.5777261525237515,Delay
358,208.91703041537056,149.08296958462944,3,3,17,40,45,1.3553001045993323,Delay
293,79.2516237637242,213.74837623627582,15,3,0,16,47,0.5436147417697447,Delay
112,13.299246465581719,98.70075353441828,5,3,8,16,53,0.5521888615125974,Delay
109,12.74066867340402,96.25933132659598,13,1,39,17,26,0.5926305577040848,Delay
325,111.00163707161416,213.99836292838586,3,5,11,31,22,1.3522621529683199,Delay
284,71.44610978184164,212.55389021815836,5,1,20,3,56,0.5406737959561987,Delay
286,42.43642135076296,243.56357864923703,2,3,7,9,59,1.456927201091771,Delay
143,39.74696405575031,103.25303594424969,15,1,44,19,96,1.3554740158508625,OnTime
200,82.76660861291238,117.23339138708762,13,5,17,38,53,1.3944399640879408,Delay
43,1.3446754881995084,41.655324511800494,5,5,39,15,31,0.8525955668601949,Delay
245,92.66041497473256,152.33958502526744,13,1,26,5,34,1.0971998430734946,Delay
280,155.51994569688912,124.48005430311088,11,3,31,19,39,1.0155412148202492,Delay
375,91.60644752409873,283.3935524759013,10,1,0,5,20,1.1831059366603673,Delay
68,50.34776916007225,17.652230839927753,12,4,12,39,49,1.0093670747904668,Delay
322,261.88284635992164,60.11715364007836,9,2,5,2,73,1.3316639907125163,Delay
498,267.9817498055855,230.01825019441452,13,1,29,38,34,1.1183452299407228,Delay
126,61.886684937599775,64.11331506240023,5,1,31,19,32,1.4368822936235819,Delay
57,3.0074210739259533,53.992578926074046,7,1,44,30,61,1.03329809861184,Delay
516,352.30778656229273,163.69221343770727,11,3,15,21,64,1.087747435496102,Delay
371,291.13667241545943,79.86332758454057,8,2,4,7,26,0.7084019838651804,Delay
268,17.20828627869367,250.79171372130634,8,3,0,16,99,0.7267600983650742,OnTime
418,92.69295955940076,325.3070404405992,14,3,47,0,82,1.4991751869170682,Risk
132,67.88431295459327,64.11568704540673,6,4,27,12,76,0.8174661832985501,Delay
119,64.96831805031482,54.03168194968518,11,1,35,36,34,0.8822988486075026,Delay
202,77.87959586432815,124.12040413567185,11,5,38,14,72,0.5951869878850848,Delay
292,162.32670341386327,129.67329658613673,6,4,1,36,53,1.0716773450596104,Delay
381,303.9229979720126,77.07700202798742,7,3,12,9,59,0.94597762670887,Delay
176,61.928721455767615,114.07127854423238,14,1,42,32,35,0.7451077390071781,Delay
169,165.36377113362514,3.6362288663748643,12,3,45,28,87,1.2481045765556162,Delay
195,110.49974168663813,84.50025831336187,12,1,39,17,64,1.11522123631714,Delay
264,216.14860213332045,47.85139786667955,8,4,9,21,64,0.6361845321696874,Delay
87,40.60286292297137,46.39713707702863,13,1,32,25,67,0.5060835861376367,Delay
347,233.89241512980388,113.10758487019612,2,1,7,2,89,0.5831166408618284,Delay
399,345.7584085864406,53.24159141355938,15,3,12,35,39,1.488599181760533,Delay
445,276.83665708355596,168.16334291644404,7,3,45,1,51,1.3232758548268388,Delay
344,229.5444355147248,114.4555644852752,4,1,22,34,70,1.4035100742181768,Delay
133,30.180253828380117,102.81974617161988,6,4,25,13,60,0.9901075633755817,Delay
432,121.90520905656398,310.094790943436,13,1,26,23,63,1.1580551862201125,Delay
498,64.52944666465342,433.4705533353466,7,5,1,22,62,1.0024922548744308,Delay
343,253.4269620588015,89.57303794119849,10,3,25,35,83,1.4112026677211211,Delay
370,59.413903598136066,310.5860964018639,4,4,26,6,60,1.4587868989046113,Delay
104,11.710941430262366,92.28905856973763,7,2,21,32,56,1.487403755955735,Delay
366,321.87570948000223,44.12429051999777,12,1,18,25,49,1.2727635947595297,Delay
149,81.98453619699684,67.01546380300316,3,2,36,31,38,0.7493566876122042,Delay
306,269.756691988911,36.24330801108903,10,2,43,0,58,0.7679685139854056,Delay
458,202.2953708744342,255.7046291255658,3,2,2,11,66,0.5213326935733569,Delay
100,49.72019721185084,50.27980278814916,12,3,29,26,94,1.2878659777668329,Risk
444,165.85190597616983,278.14809402383014,14,4,9,37,77,1.2171131675322537,Delay
348,297.15319811774236,50.84680188225764,10,3,49,22,98,0.9217162447298901,Delay
48,32.65462669925445,15.34537330074555,10,2,36,2,89,1.4911867579414424,Risk
371,55.11005406546699,315.889945934533,8,2,44,9,34,1.4461995280002533,Delay
197,156.57165114516337,40.42834885483663,6,4,26,30,56,0.994710319730303,Delay
338,96.2202718431569,241.7797281568431,11,5,23,37,64,1.2515759406920015,Delay
208,48.39100828425077,159.60899171574923,7,4,31,5,53,0.8807436651983829,Delay
195,143.11087458696556,51.889125413034435,2,2,8,22,92,0.5487614456459754,Delay
45,40.36971349794266,4.630286502057338,15,5,31,0,46,0.5749061252074875,Delay
205,194.82305779795615,10.176942202043847,3,1,36,9,23,1.0603912236620308,Delay
208,123.19518541718907,84.80481458281093,9,2,40,21,33,0.5587565906495833,Delay
503,491.29437626033194,11.705623739668056,7,2,29,35,84,0.5527377734505131,Delay
123,13.748737730637668,109.25126226936233,9,1,7,35,97,0.996256923581084,OnTime
90,87.54778575995036,2.452214240049642,6,2,15,0,93,1.494948363322091,Delay
152,138.2708110528658,13.72918894713419,5,5,50,24,73,1.178124441430683,Delay
351,328.32294736311337,22.67705263688663,14,2,23,18,83,0.8467399993826389,Delay
367,324.41288172570825,42.587118274291754,14,1,23,23,38,0.7840994015321693,Delay
31,10.02294063470146,20.97705936529854,15,5,39,6,77,1.2257524610227706,Delay
419,189.21269561826813,229.78730438173187,14,1,45,3,97,1.3058228866091084,OnTime
77,28.28947784630752,48.71052215369248,9,3,0,21,70,1.4541929158748301,Delay
52,18.90549241109396,33.09450758890604,6,2,41,33,70,0.9029412498502511,Delay
381,167.0618571104521,213.9381428895479,6,2,28,0,59,1.1204157908575438,Delay
341,31.55527559066868,309.44472440933134,2,5,23,27,78,0.6106140369127688,Delay
40,11.753584536423102,28.2464154635769,2,3,23,13,49,0.7233974818343958,Delay
487,228.15466345373258,258.8453365462674,13,3,37,27,75,0.838343648044156,Delay
402,51.92230809151955,350.07769190848046,11,3,30,37,73,1.201052274465714,Delay
319,272.8245227011678,46.17547729883222,5,3,14,2,54,0.5880400883142205,Delay
209,11.454818383854523,197.54518161614547,13,1,5,31,89,1.4271630672022004,OnTime
87,54.757615399188346,32.242384600811654,14,2,21,28,71,0.7249269758094267,Delay
498,170.7884403256742,327.2115596743258,6,3,40,8,26,1.0910014439773505,Delay
451,36.94721805176748,414.0527819482325,6,5,40,7,69,0.5241326362663495,Delay
298,282.2819421654576,15.718057834542378,3,3,23,25,57,0.9536200282013052,Delay
269,259.4937795043588,9.506220495641173,14,4,10,30,47,1.2754070064851915,Delay
126,106.03118141657524,19.968818583424763,14,4,4,27,28,1.1462850894555268,Delay
234,133.6845012623403,100.31549873765971,9,2,32,27,94,1.1191106143828864,Delay
135,132.18244595549046,2.817554044509535,7,4,44,33,69,1.418820420092781,Delay
345,85.62988919862858,259.3701108013714,10,1,18,34,88,1.2187954144851312,Risk
507,309.31983111387115,197.68016888612885,2,4,43,21,47,0.5516520708200753,Delay
232,82.4077905741217,149.5922094258783,3,2,40,37,44,0.5345767408334435,Delay
90,66.55292745257819,23.44707254742181,3,2,28,35,76,1.1392614266682233,Delay
151,140.13229894834652,10.867701051653484,8,3,25,10,49,0.6266506712351915,Delay
513,428.81908649133646,84.18091350866354,6,2,14,2,23,1.4152845346725837,Delay
56,6.247613856433115,49.75238614356689,4,2,17,36,80,1.4701525883340767,Delay
169,91.86731272699878,77.13268727300122,14,4,37,19,75,0.7728651907834405,Delay
379,122.26983782845842,256.73016217154156,11,2,50,8,91,1.2483531249000825,Risk
421,99.89378124949702,321.106218750503,13,5,36,29,33,1.2446768962707355,Delay
59,24.16665862579495,34.83334137420505,3,1,33,14,26,0.6761233404671116,Delay
292,278.1900644816295,13.80993551837048,2,4,45,23,63,1.0887531212169452,Delay
417,329.41293532843684,87.58706467156316,9,2,17,1,27,0.8312195509215782,Delay
144,96.64274204523169,47.357257954768315,5,5,5,29,42,1.1027023004026706,Delay
376,31.845303423765024,344.154696576235,4,3,4,0,92,0.5336017350587007,Risk
206,168.66801620918872,37.33198379081128,13,1,29,17,55,1.2429014611427518,Delay
533,2.0777077737276857,530.9222922262724,13,5,45,7,34,0.7697664956368432,Delay
306,131.55580794076133,174.44419205923867,11,1,35,19,68,1.0263789076428393,Delay
141,69.87954903028277,71.12045096971723,11,4,22,34,24,0.8091338153909551,Delay
207,121.87523931568697,85.12476068431303,2,3,43,17,37,0.7008269393055399,Delay
55,32.806373434578944,22.193626565421056,10,3,37,14,64,1.0851819559331322,Delay
82,64.17589587499329,17.824104125006713,9,4,38,31,60,1.2514617440444042,Delay
321,315.3709072946383,5.6290927053617,12,5,36,5,87,1.3956988118919567,Delay
248,169.23832180139382,78.76167819860618,6,1,26,16,57,1.4212632791070423,Delay
382,77.92962200103442,304.07037799896557,9,2,43,2,27,0.7909650681073485,Delay
132,92.79197694129363,39.208023058706374,3,4,6,37,41,0.7755117087851051,Delay
518,503.32180801771017,14.678191982289832,8,5,19,9,37,1.3763315660338624,Delay
200,72.71290471212875,127.28709528787125,14,5,32,14,88,0.882025537484909,Delay
324,14.807883177928208,309.1921168220718,5,5,7,20,66,1.397836005930111,Delay
358,98.67979554439836,259.32020445560164,2,5,1,31,60,0.7758302120636644,Delay
70,54.26522944268203,15.734770557317972,4,5,30,33,91,0.7694172419031331,Delay
391,158.23568327894324,232.76431672105676,8,4,17,15,36,1.168199183026583,Delay
369,118.60019492520303,250.39980507479697,11,4,28,14,57,1.1122491805280723,Delay
466,348.4288347807869,117.57116521921313,8,1,33,19,47,0.6515229464328721,Delay
104,71.1791956475049,32.8208043524951,4,4,50,19,79,0.5930709932456264,Delay
226,167.32060372366237,58.67939627633763,10,5,11,4,59,0.6524268165399415,Delay
205,195.63201507968296,9.367984920317042,14,1,45,17,29,0.8688771629411809,Delay
452,103.41210336658324,348.5878966334168,4,2,32,5,83,0.5023194568314927,Delay
262,90.93556079453344,171.06443920546656,15,4,44,24,52,0.6203898073819059,Delay
523,49.60759549597139,473.3924045040286,13,2,26,35,65,0.8411136139881088,Delay
95,57.44841847208051,37.55158152791949,12,2,41,30,48,0.9296345957037346,Delay
361,355.63839791102293,5.361602088977065,11,5,38,31,73,0.9819554157460687,Delay
279,193.3903954224901,85.60960457750991,8,3,7,5,58,1.0876641463360819,Delay
289,150.60550485725315,138.39449514274685,6,5,34,3,23,0.888733380556554,Delay
367,309.35440988830726,57.64559011169274,15,3,2,36,45,0.8988496770891797,Delay
287,63.28124832695124,223.71875167304876,4,4,37,4,44,0.8607757181303313,Delay
321,273.73704379406075,47.26295620593925,8,4,0,36,40,1.4715842816339424,Delay
129,115.38895346498869,13.611046535011312,9,1,15,32,23,0.9513846616730184,Delay
236,211.02087722912023,24.97912277087977,8,1,43,2,89,0.5631065346968809,Delay
453,251.45504906458365,201.54495093541635,2,2,33,13,66,1.267498725384989,Delay
271,207.39124388506994,63.60875611493006,11,5,37,22,44,0.8295060815853842,Delay
344,91.47017492549324,252.52982507450676,6,3,36,17,41,1.4098784107553697,Delay
512,314.88133829469007,197.11866170530993,4,3,28,0,30,1.077921132445261,Delay
503,44.739626325297806,458.2603736747022,8,1,16,13,50,0.5078252733812036,Delay
409,296.10578522742577,112.89421477257423,8,2,19,6,44,0.5461240832636278,Delay
431,77.63931312399666,353.36068687600334,12,2,24,6,82,1.406817507278495,Risk
169,121.7081382420707,47.2918617579293,6,3,46,1,44,0.8046415611137256,Delay
443,108.3648166258281,334.6351833741719,9,2,5,21,85,1.3874954192813043,Risk
77,48.794718690362814,28.205281309637186,6,2,44,15,46,1.0143795009698975,Delay
533,292.3015971734051,240.69840282659487,10,3,14,26,90,0.9052148534577412,Delay
479,321.2878716489345,157.71212835106547,5,4,7,10,74,1.0542308718110673,Delay
536,158.98683892189462,377.0131610781054,8,4,38,17,25,1.3422181933844235,Delay
271,137.59544650558792,133.40455349441208,13,5,37,1,44,0.8019603333238886,Delay
189,119.6174021785396,69.3825978214604,7,5,47,24,96,1.0369651595673144,Delay
188,87.06339876380187,100.93660123619813,5,5,20,27,41,1.2021001713388633,Delay
62,43.75913763782859,18.240862362171413,9,4,5,21,51,0.9337646748958949,Delay
526,470.8994172088726,55.10058279112741,13,5,42,6,95,1.358520082605638,Delay
371,63.037236400516306,307.9627635994837,4,2,2,32,27,1.1111791921733287,Delay
517,82.32422489798475,434.6757751020152,6,2,47,20,88,1.153847393327664,Delay
249,148.21331021589876,100.78668978410124,14,1,46,34,82,1.3894666299004337,Delay
403,389.232777583158,13.767222416842003,11,2,3,31,67,1.231996227423516,Delay
189,18.995609778482795,170.0043902215172,7,2,28,13,83,1.0596049671666152,Risk
80,29.230872361570633,50.76912763842937,6,5,11,4,86,1.1019345188213936,Delay
527,143.47254350080985,383.5274564991902,4,4,14,2,80,1.3817434297919506,Delay
108,40.88264368227043,67.11735631772957,10,2,25,11,68,0.6462077825289813,Delay
287,281.9171990418905,5.0828009581094875,2,5,4,38,78,1.049830960370272,Delay
419,394.9263302255039,24.073669774496125,7,1,16,34,65,1.244671477759877,Delay
415,139.49763399586212,275.5023660041379,2,5,5,23,44,0.987584335217706,Delay
66,60.35263298026821,5.647367019731789,10,5,45,38,28,0.775950949038761,Delay
313,199.42486279381433,113.57513720618567,10,4,49,5,46,0.987581792244765,Delay
420,47.23685012296984,372.7631498770302,13,5,38,35,66,1.2480250504778176,Delay
227,136.64392915243423,90.35607084756577,15,5,27,9,49,1.0399084134587167,Delay
85,19.448251091625615,65.55174890837438,14,2,13,14,98,1.0604708185513974,OnTime
446,10.627968409498925,435.3720315905011,3,1,50,24,79,0.5696902475261696,Delay
65,12.500733333541168,52.49926666645883,8,1,47,24,96,0.8858483397505456,Risk
507,168.75769379842146,338.2423062015786,12,4,42,17,31,0.6546083203276933,Delay
108,8.00895487278383,99.99104512721617,15,4,28,20,34,1.416356193279956,Delay
297,257.97258727380824,39.027412726191756,3,3,15,29,43,0.6296727406518672,Delay
94,89.3723883547018,4.627611645298202,6,5,33,32,23,1.3867083423023672,Delay
399,208.71981554537396,190.28018445462604,5,5,42,36,56,0.6320427739399993,Delay
433,316.12213464850777,116.87786535149223,4,2,50,15,71,0.5657120384341512,Delay
286,285.14458919144965,0.8554108085503458,2,2,29,23,50,1.2118529190194236,Delay
256,139.3920307754273,116.60796922457271,14,4,13,30,41,1.4751474108987277,Delay
400,103.48210971119131,296.5178902888087,6,5,42,7,35,0.6757751508059595,Delay
214,190.2246364669012,23.775363533098812,4,1,22,17,57,1.3174929582594364,Delay
247,224.91030493060043,22.089695069399568,13,5,21,9,64,1.1929703725940075,Delay
320,40.78263679495983,279.21736320504016,14,3,29,9,61,1.296970079542446,Delay
481,92.92912903366219,388.0708709663378,8,1,13,26,39,0.8728074580714605,Delay
32,22.901942379797582,9.098057620202418,4,3,8,33,45,1.0810824084941046,Delay
147,74.66070849420649,72.33929150579351,4,2,32,7,38,0.782962959231811,Delay
170,128.65686672867653,41.34313327132347,11,2,28,24,79,0.8937361638249468,Delay
99,61.97348516361497,37.02651483638503,10,5,37,0,70,0.6026284405714267,Delay
219,53.81306164154916,165.18693835845085,5,3,37,33,37,1.1252684562188677,Delay
397,218.62085556804215,178.37914443195785,13,1,21,16,69,1.1714562966434636,Risk
83,56.92895911460185,26.071040885398148,4,1,1,39,43,1.3426243220878986,Delay
263,176.09601590444618,86.90398409555382,13,4,12,16,96,1.0914333366069124,Risk
371,75.7282676811387,295.27173231886127,11,1,4,26,100,0.7848959518179695,OnTime
392,385.73423442916516,6.265765570834844,10,4,13,4,95,0.8405457713820105,Delay
431,42.18496907941639,388.8150309205836,3,5,19,33,32,1.4955236960011988,Delay
161,85.31318774830451,75.68681225169549,15,1,40,6,64,1.0892198862816502,Delay
340,207.66823998884584,132.33176001115416,12,2,30,13,67,1.1471938042723735,Delay
310,161.26498494373965,148.73501505626035,2,3,15,16,45,1.1422360703297452,Delay
222,94.95441077460255,127.04558922539745,15,3,23,13,39,1.071721324558462,Delay
397,180.72860931731373,216.27139068268627,13,2,45,21,50,1.1230261535070853,Delay
457,211.81510349840391,245.18489650159609,4,2,49,11,82,0.9752648115889783,Delay
394,160.69824302679723,233.30175697320277,15,1,26,15,86,0.7328101536775836,Risk
112,23.040606246625103,88.9593937533749,12,2,47,28,100,1.1444392798428298,Risk
232,7.006526004325904,224.9934739956741,4,4,31,14,72,1.1440804982891675,Delay
44,7.415576501229984,36.584423498770015,4,2,5,4,24,1.3990269833393707,Delay
153,148.8877882137626,4.1122117862373955,14,2,49,15,87,0.6155672544312215,Delay
384,191.10924606470383,192.89075393529617,15,3,12,6,21,1.296864023474889,Delay
394,41.973803191710545,352.02619680828946,2,2,8,36,51,0.6605148913950454,Delay
434,6.75739581670333,427.2426041832967,3,3,48,1,52,1.189104231726639,Delay
396,89.40852447576191,306.5914755242381,10,5,37,17,74,0.935966557987777,Delay
85,37.782809386333184,47.217190613666816,15,1,15,12,53,1.0094025813247447,Delay
387,159.03667581782932,227.96332418217068,9,5,19,7,48,1.238834263418953,Delay
88,40.271820092896824,47.728179907103176,5,4,42,15,99,1.1571669401048754,Delay
506,229.62463046677402,276.375369533226,3,3,3,4,96,0.647409891718293,Risk
342,16.74645623492715,325.25354376507283,12,3,19,6,78,1.1745555155317833,Risk
304,169.31860404552538,134.68139595447462,5,5,2,11,60,1.029611663614662,Delay
516,87.25753612058158,428.74246387941844,9,2,2,15,71,0.7299843593941612,Risk
312,289.4474742960326,22.552525703967376,10,1,4,6,78,0.54865045846075,Delay
85,20.245736812870767,64.75426318712923,15,3,12,8,73,0.6792660491327053,Risk
404,75.4745687066833,328.52543129331673,14,2,19,40,76,0.9118941577593609,Risk
463,159.12622183394615,303.87377816605385,9,1,21,20,85,0.9706725159113788,Risk
299,118.29772977124769,180.7022702287523,13,5,36,5,20,0.5763116917546949,Delay
39,16.12169066517797,22.87830933482203,10,2,40,29,73,0.7064810197997885,Delay
227,122.15662723700378,104.84337276299622,13,2,3,27,64,1.4750971921725697,Delay
179,156.90430003039674,22.09569996960326,5,4,32,21,26,1.1184957499979267,Delay
160,19.742424163153185,140.25757583684683,8,4,25,30,62,0.9144437757852072,Delay
159,38.185136911591904,120.81486308840809,12,2,28,13,75,1.1634046139021914,Risk
528,362.94101331782656,165.05898668217344,10,4,2,40,38,0.6582736703888463,Delay
332,294.26188197243056,37.73811802756944,8,2,28,26,20,1.4856849883380736,Delay
369,310.69604876267783,58.30395123732217,9,3,10,0,42,0.9728134621616636,Delay
483,362.7888112572426,120.21118874275737,11,5,6,23,72,0.5037674913877045,Delay
383,157.42911248250323,225.57088751749677,15,5,17,31,82,0.5500999443321297,Delay
421,334.3625117703946,86.63748822960542,10,2,37,12,51,1.4549573995645377,Delay
199,100.48299179776855,98.51700820223145,10,3,38,13,78,0.7647734144843684,Delay
174,28.35389580630543,145.64610419369455,11,3,30,38,45,1.2001069662931612,Delay
416,123.37211600974443,292.62788399025555,14,5,48,39,58,1.0381518167711425,Delay
448,256.83671032212584,191.16328967787416,5,2,39,13,60,1.354674647086273,Delay
257,60.026214111141634,196.97378588885837,11,4,16,6,52,1.275456484317999,Delay
508,80.75334009407895,427.24665990592104,15,3,22,2,81,1.4591618963516102,Risk
176,104.53479412048296,71.46520587951704,15,1,18,27,71,1.1550414830293736,Risk
454,449.1785550683026,4.8214449316973855,10,2,50,16,38,1.4026331593847807,Delay
423,376.455359212708,46.544640787291996,13,2,43,25,80,1.2014417609052932,Delay
118,52.599758339489384,65.40024166051062,9,4,42,30,51,1.32508957215752,Delay
173,89.41656696898798,83.58343303101202,3,5,10,13,25,1.3706469568576498,Delay
471,239.72288788368593,231.27711211631407,5,1,8,3,47,1.1045779896494587,Delay
269,264.45076895523425,4.549231044765747,6,1,35,7,24,1.084321284254571,Delay
122,63.26858895973828,58.73141104026172,8,1,41,24,42,0.7703531967737307,Delay
424,65.50288185497745,358.49711814502257,6,3,13,32,44,0.6160694379912044,Delay
293,270.8630168104373,22.136983189562727,15,1,38,4,89,1.1330863722702151,Risk
397,348.6345024703558,48.36549752964419,9,1,50,31,88,1.166866040000747,Delay
535,439.74828076657934,95.25171923342066,2,3,35,37,58,0.9388662347054945,Delay
488,80.92230437037652,407.07769562962346,14,3,17,17,69,0.860357473514644,Risk
89,15.374149391195214,73.62585060880478,14,2,38,18,99,1.0249025186616985,OnTime
340,177.95244896595165,162.04755103404835,7,3,44,30,82,0.551640519053557,Delay
47,34.02791127539819,12.97208872460181,9,1,25,17,88,1.0064761357934562,Delay
173,49.89629196741747,123.10370803258253,3,2,39,21,63,1.2297419417038702,Delay
246,28.60540097170346,217.39459902829654,5,5,24,1,34,0.5192595242649451,Delay
424,242.2527169529322,181.7472830470678,3,2,41,22,32,1.2721603078133485,Delay
202,132.27452491803703,69.72547508196297,8,2,13,39,58,1.0662363175250562,Delay
109,9.740684766677115,99.25931523332288,2,5,31,13,61,1.4566258307805544,Delay
337,1.2586912196890694,335.74130878031093,3,5,32,20,44,1.3301099880238643,Delay
403,126.2266620821678,276.7733379178322,11,5,45,11,35,0.7707486346059989,Delay
387,347.1040864659442,39.89591353405581,15,1,38,20,76,0.8862836959393434,Delay
165,51.724426118400885,113.27557388159912,10,4,14,32,33,1.3121517693529245,Delay
514,408.46349603486595,105.53650396513405,5,4,6,20,96,1.0176457670775845,Delay
311,105.18099859662779,205.81900140337223,14,1,21,37,36,1.483200525772949,Delay
200,37.1099970565689,162.8900029434311,14,2,46,39,70,0.8375393415606404,Delay
420,136.49618322540232,283.5038167745977,3,4,3,33,88,1.3186392696268356,Delay
189,164.0291115305361,24.970888469463887,11,4,6,28,77,0.9206968821432047,Delay
41,11.839700006007757,29.160299993992243,5,1,42,18,44,1.4361923204867022,Delay
227,132.80793405164331,94.19206594835669,10,5,39,40,40,0.5686006892188641,Delay
258,42.79863881115032,215.2013611888497,12,5,38,27,83,0.9712770753522255,Delay
415,140.69461700421414,274.30538299578586,8,2,36,0,94,0.6840858574545491,Risk
487,178.97693614501335,308.0230638549866,7,1,43,1,46,0.927302537024071,Delay
490,371.16190062652953,118.83809937347047,10,1,29,15,86,1.0240184668751757,Delay
357,339.0978203087901,17.90217969120988,9,1,12,15,81,1.0996663700303473,Delay
58,32.03816722614123,25.961832773858767,10,1,8,25,73,1.3722950119850332,Delay
474,281.79527752302243,192.20472247697757,3,2,14,36,26,0.8116440070769363,Delay
295,180.63928388532094,114.36071611467906,5,5,21,34,93,1.4580895572271078,Delay
239,195.57065412246564,43.42934587753436,6,2,8,25,53,0.6386099694264485,Delay
221,155.70087997802815,65.29912002197185,15,3,3,17,74,0.7240081293071486,Delay
536,429.3656315762088,106.63436842379122,2,3,16,11,86,0.9323874550337549,Delay
506,488.62628235231523,17.37371764768477,10,1,20,29,83,0.6878365306901749,Delay
262,180.02969338221794,81.97030661778206,2,4,18,6,47,1.1368534696880697,Delay
513,51.365243876473464,461.63475612352653,11,2,32,22,42,0.9196244905615969,Delay
449,114.81652274374271,334.1834772562573,11,3,28,0,76,1.0926249768426137,Risk
135,49.98430982704687,85.01569017295313,3,2,18,22,78,0.6938986585134055,Delay
76,53.76019976738793,22.23980023261207,3,3,4,4,22,1.0625793654068463,Delay
423,143.62734359979282,279.3726564002072,7,1,28,17,32,0.7260791348653165,Delay
482,32.879032142649066,449.12096785735093,14,3,15,33,78,1.1210565989118164,Risk
308,134.0523123308981,173.9476876691019,6,4,32,21,26,1.0026190628117746,Delay
184,177.44145809473295,6.558541905267049,12,4,2,18,70,1.4268171966183019,Delay
32,30.178670888558113,1.8213291114418872,14,1,11,2,73,1.0397732541453704,Risk
419,31.682355299212116,387.31764470078787,13,2,21,17,37,0.5903771432785078,Delay
150,19.887071862174032,130.11292813782597,12,3,44,6,93,0.8828578924729394,Risk
469,341.9286074035602,127.07139259643981,3,5,6,31,66,0.7885862418751016,Delay
361,251.98077026538442,109.01922973461558,12,3,41,26,35,1.46912266086383,Delay
424,354.2016186916389,69.79838130836112,5,2,10,5,21,1.3668930591178587,Delay
41,32.884101849604555,8.115898150395445,14,3,1,11,64,1.2633865282069288,Delay
112,78.97334794176977,33.026652058230226,13,3,31,36,75,0.9210522068010056,Delay
224,218.90369369700636,5.096306302993639,11,4,42,36,98,1.2444934745706933,Delay
292,52.114032640843135,239.88596735915687,5,4,28,7,48,0.9375330266944867,Delay
326,150.63363894253624,175.36636105746376,7,3,17,19,77,1.3997997933005102,Delay
421,100.09805067110895,320.9019493288911,8,3,1,15,63,1.3952876271944903,Delay
115,9.73308066818734,105.26691933181266,11,1,24,6,27,0.5367621035731314,Delay
69,15.198968738501566,53.80103126149844,14,3,25,26,80,0.7896887612153659,Risk
177,13.285392929206028,163.71460707079396,2,3,35,19,42,1.247564924631174,Delay
211,46.583963421998185,164.4160365780018,3,4,29,5,85,0.7554366883905829,Delay
115,49.463084805864845,65.53691519413516,13,4,44,0,70,0.657117966136375,Delay
234,35.95589476116815,198.04410523883183,11,2,38,16,42,0.7806339296589058,Delay
213,96.65096098587846,116.34903901412154,15,5,37,22,91,1.1872186630179433,Delay
448,141.56315259307718,306.4368474069228,7,1,11,15,99,1.1244006039747672,Risk
59,30.082508247927233,28.917491752072767,6,5,10,1,56,1.1833671762017168,Delay
313,242.67561497617427,70.32438502382573,8,5,16,31,38,1.07417752138547,Delay
362,318.2945915861741,43.70540841382592,15,1,18,12,70,0.8456550875256376,Delay
67,19.07157677063789,47.92842322936211,2,1,36,2,71,1.0141460386174075,Delay
451,87.88237176148382,363.1176282385162,8,5,24,12,35,1.2727562995865735,Delay
247,198.5614985093633,48.438501490636696,5,2,33,5,53,0.7255357276918807,Delay
52,10.512375837213956,41.48762416278605,5,2,30,24,46,1.3296148527201734,Delay
83,62.95766045855726,20.042339541442743,15,3,27,8,82,1.4876385614095193,Delay
255,104.16417229093219,150.83582770906781,9,2,44,34,90,0.665823491334146,Delay
333,306.3348499990159,26.665150000984113,4,2,41,14,22,0.8011324547519898,Delay
38,29.7545095194818,8.2454904805182,7,4,14,36,45,1.4370085767552878,Delay
527,73.87926700832023,453.1207329916798,15,5,5,15,87,0.9179849858725574,Risk
441,98.65258490206963,342.34741509793037,3,1,25,27,29,1.3340933539143314,Delay
519,282.4500457024283,236.54995429757167,4,5,4,24,82,1.172670352388614,Delay
390,232.61253048658327,157.38746951341673,8,1,10,11,58,1.3126272580918112,Delay
423,290.3584262329104,132.6415737670896,14,2,9,1,56,1.0823700796264624,Delay
231,157.4012553879238,73.59874461207619,14,1,0,10,23,0.5657662496292963,Delay
197,142.14329755901483,54.856702440985174,10,3,15,34,86,1.4968404817937617,Delay
343,71.37019136505792,271.6298086349421,4,1,14,33,93,0.9900732857866278,Risk
304,8.40925215179609,295.59074784820393,5,3,0,19,47,0.7163567967390868,Delay
398,98.65422976378866,299.34577023621137,10,1,9,37,72,1.3089384278360146,Risk
194,47.30867765573141,146.6913223442686,12,2,20,15,96,1.029607617592034,OnTime
96,59.947109022500136,36.052890977499864,15,4,41,12,48,1.3752406911104509,Delay
210,129.44223017190637,80.55776982809363,4,1,16,39,72,0.7221022474658947,Delay
96,32.40009175194221,63.59990824805779,2,1,7,27,46,0.5663879565606069,Delay
396,310.81919614147574,85.18080385852426,4,4,21,18,53,0.8146694600630638,Delay
244,112.47650863165997,131.52349136834005,9,3,50,5,23,0.6859054821357643,Delay
368,367.1421037406168,0.8578962593832102,9,5,28,16,63,0.6354092616987054,Delay
425,136.33469593503617,288.66530406496383,11,1,20,39,34,1.1123367747995738,Delay
39,16.025329747348106,22.974670252651894,3,4,33,33,41,0.5897944502826572,Delay
445,429.74341559261126,15.256584407388743,3,4,32,24,85,1.0676369615122032,Delay
266,189.31433769487833,76.68566230512167,11,1,42,7,86,0.8658348198130648,Risk
370,366.3671586333343,3.632841366665673,3,1,47,1,43,0.6142867311283636,Delay
185,127.28651637266387,57.71348362733613,7,2,12,7,90,0.7963207491248531,Delay
457,38.52266754842231,418.4773324515777,11,5,33,14,45,0.8854675227481325,Delay
428,370.63566752986327,57.36433247013673,13,3,44,4,81,1.3821842266913664,Delay
93,86.93156691698567,6.068433083014327,13,4,27,26,39,1.4858751548832134,Delay
38,3.104465544218532,34.895534455781466,3,5,23,0,61,0.9390342332310212,Delay
434,97.08154201857371,336.9184579814263,3,2,19,15,78,0.9136619077947993,Delay
112,27.128160588328285,84.87183941167171,10,4,0,12,37,1.4222896534113563,Delay
344,337.1061743528572,6.893825647142819,12,4,5,17,81,0.9637765927306907,Delay
158,119.30538037591292,38.69461962408708,9,3,40,14,93,0.7087933792395871,Delay
285,72.04203569408725,212.95796430591275,4,2,40,7,62,0.5591742322326557,Delay
139,58.80044923434879,80.19955076565121,8,4,28,33,37,1.077178858557466,Delay
187,134.84661944772688,52.15338055227312,11,3,6,21,79,1.246311942934166,Delay
305,169.7324634028728,135.2675365971272,12,2,40,19,67,0.5879262692362746,Delay
460,226.97188978006108,233.02811021993892,11,1,35,13,24,1.302925946569982,Delay
216,22.61787833703322,193.38212166296677,15,4,46,21,26,0.9108040716425918,Delay
489,385.80937634289216,103.19062365710784,13,5,49,2,31,1.4948257722298857,Delay
107,2.507525637088136,104.49247436291186,14,4,25,31,74,0.6494649349530119,Delay
416,229.60083656280094,186.39916343719906,4,3,30,12,90,0.707983838912975,Delay
393,130.7742879373294,262.2257120626706,15,4,17,29,26,0.5124224196164342,Delay
210,142.6812187326618,67.31878126733821,14,4,34,35,60,0.6292608384854332,Delay
42,18.740717537126205,23.259282462873795,5,5,22,13,81,0.5898557473378299,Delay
361,59.128612764661455,301.87138723533855,2,3,38,33,92,0.6986341769828733,Delay
232,60.60032780489634,171.39967219510368,4,1,15,16,67,1.0349459825939604,Delay
419,79.14580862789506,339.85419137210494,9,5,19,11,89,0.9744352277338755,Delay
185,125.9636259531155,59.036374046884504,14,4,1,39,72,1.3768669692891033,Delay
461,455.28953567578793,5.710464324212069,3,1,15,17,63,0.7247026133980574,Delay
497,249.10442071793398,247.89557928206602,7,5,22,36,55,1.0029217449922316,Delay
347,152.21648782481773,194.78351217518227,3,4,8,27,92,1.011382545754521,Delay
303,183.73963165817398,119.26036834182602,15,1,43,9,83,0.7064658405399002,Risk
401,218.88121372308734,182.11878627691266,7,1,2,7,83,0.9898675345025804,Risk
95,59.20315901308047,35.79684098691953,5,4,43,5,63,0.7077670469781489,Delay
194,182.06844617790486,11.93155382209514,5,3,10,37,95,0.8348970668444325,Delay
108,13.462093973134973,94.53790602686503,12,5,25,33,82,1.3630676903983565,Delay
385,195.61407440805067,189.38592559194933,6,3,26,18,46,0.9490115849631133,Delay
509,302.7895749973728,206.21042500262718,2,4,40,15,78,0.8898733838022511,Delay
395,353.66300574318063,41.33699425681937,4,3,16,17,75,1.137117063160873,Delay
321,66.17419727882293,254.82580272117707,14,5,5,15,66,0.521501670816059,Delay
86,69.7611971395115,16.238802860488505,6,5,22,0,83,1.310938401367359,Delay
345,79.23966052631837,265.7603394736816,3,5,25,12,20,0.6103042735994312,Delay
75,53.96622013587299,21.033779864127013,14,2,3,12,21,0.6538204994382042,Delay
395,269.0484598080092,125.95154019199077,13,1,40,4,93,1.1112588897370643,Risk
330,235.33512524268264,94.66487475731736,9,1,35,12,59,1.0460261419246084,Delay
184,154.7072674871839,29.292732512816087,4,2,26,31,45,0.5324117837088893,Delay
54,41.09423057080359,12.905769429196411,10,5,49,25,33,1.2328230020173674,Delay
378,352.8345305606361,25.165469439363903,13,1,0,4,90,1.0326237477733948,Risk
149,72.16722847239369,76.83277152760631,4,5,27,36,64,0.6163472047648495,Delay
157,50.944819133940214,106.05518086605979,2,1,3,2,62,0.7101575258490086,Delay
153,32.92205939477165,120.07794060522835,10,4,8,3,21,1.2619260797329828,Delay
239,203.6883895975669,35.311610402433104,8,4,45,18,95,0.6850053755816636,Delay
194,153.70158690102733,40.298413098972674,3,3,41,24,93,0.8557266370770485,Delay
423,177.40735988855022,245.59264011144978,10,3,44,3,71,0.9127870186235364,Delay
244,5.777726385004977,238.22227361499503,5,2,45,31,89,1.201297364361304,Delay
353,86.33989890653376,266.6601010934662,14,4,19,3,24,1.2134628743016966,Delay
372,264.6941689722165,107.30583102778348,15,5,44,9,87,0.9710469048265373,Delay
231,68.75569417576749,162.24430582423253,14,2,27,13,76,1.0927266105410511,Risk
158,19.85087566896251,138.14912433103748,7,3,24,33,58,0.6458438232388863,Delay
356,25.83913126934877,330.16086873065126,15,3,9,32,33,0.6342464659049647,Delay
356,70.40412926107406,285.59587073892595,12,1,30,2,62,0.8282922055224201,Risk
148,83.89795083423394,64.10204916576606,10,1,48,19,97,1.4358837377505007,Risk
520,299.69466661440407,220.30533338559593,2,4,17,29,89,0.711743285157452,Delay
448,208.75447152721975,239.24552847278025,7,3,12,35,24,1.3307095266466389,Delay
200,93.730722522874,106.269277477126,4,5,6,3,46,0.5191513873181579,Delay
501,103.5724963152068,397.4275036847932,11,5,9,26,36,0.8312263684434765,Delay
77,60.17480001856231,16.82519998143769,14,2,35,33,67,1.2736254066281578,Delay
399,182.09523090102306,216.90476909897694,7,1,39,26,24,0.7859398563885555,Delay
326,126.04954715357138,199.95045284642862,3,1,36,6,89,0.5470879021225893,Delay
110,102.56019870374477,7.439801296255226,15,5,21,17,36,1.4484905940742725,Delay
42,34.16064500644746,7.83935499355254,8,3,38,23,33,0.8985524715174474,Delay
276,212.4547822274375,63.545217772562495,3,3,38,8,63,1.0198628306133894,Delay
248,69.63530294203,178.36469705797,7,3,27,31,22,1.4557882900242909,Delay
209,133.94245481474812,75.05754518525188,6,5,38,14,31,0.849137419998071,Delay
215,186.63024554115339,28.369754458846614,4,1,3,14,38,1.1619027613578687,Delay
373,151.49665646054962,221.50334353945038,9,3,25,33,93,0.7528706722131856,Delay
424,155.3653183810044,268.6346816189956,14,1,31,2,24,1.4093856656370032,Delay
402,395.7210403123319,6.2789596876680775,11,2,50,22,58,0.5670994952317591,Delay
274,226.06525151084946,47.934748489150536,2,2,1,14,100,0.7267502937195632,Delay
221,5.790391380461687,215.2096086195383,9,5,38,15,67,0.672836219425197,Delay
329,18.67776883283303,310.322231167167,6,5,33,5,45,0.934845460333992,Delay
213,93.12151542181083,119.87848457818917,8,4,39,7,93,1.4150362185538512,Delay
332,230.88721194071655,101.11278805928345,10,1,4,6,25,1.1680757011219318,Delay
243,86.66662378592001,156.33337621407998,3,3,26,35,96,0.8707405788897012,Delay
139,105.97680465935308,33.02319534064692,5,2,18,28,26,0.8152919183387556,Delay
375,111.19288775705874,263.80711224294123,14,5,18,10,38,0.8402606527815761,Delay
92,47.578852684235926,44.421147315764074,3,2,35,37,66,1.4555827285960383,Delay
424,186.18766795866765,237.81233204133235,3,4,9,25,70,0.7602672992230025,Delay
446,94.17738696905661,351.8226130309434,8,2,44,21,55,0.5919579203303141,Delay
112,0.5803647965525354,111.41963520344747,5,4,27,25,75,0.9993401143456149,Delay
471,392.70412232772964,78.29587767227036,5,4,27,26,26,0.8073926750219476,Delay
503,24.04528906250689,478.95471093749313,12,5,12,23,44,1.2005508860006215,Delay
387,93.90217363418581,293.09782636581417,4,1,5,22,29,0.9568247044122187,Delay
372,309.3633762176141,62.636623782385925,7,3,26,40,59,0.7009483277835995,Delay
367,196.72215058602876,170.27784941397124,10,3,4,36,85,0.801562514190239,Delay
215,138.83797547213453,76.16202452786547,15,3,17,5,97,0.7155152392382264,Risk
56,29.900028894377083,26.099971105622917,6,4,33,1,82,0.6034688249132427,Delay
134,72.63381075607721,61.36618924392279,8,2,47,13,54,0.5129701741591324,Delay
157,78.40228224218707,78.59771775781293,13,5,6,18,78,1.3734330566568618,Delay
203,172.4561656008385,30.54383439916151,7,1,20,37,31,0.5722019644344633,Delay
44,15.508805820919967,28.491194179080033,3,5,2,13,71,0.7401562303388836,Delay
311,86.1183445782201,224.8816554217799,4,5,36,5,81,1.4861327195242735,Delay
463,306.7250626442878,156.2749373557122,7,3,33,22,24,0.7701061994596746,Delay
423,204.10758572557538,218.89241427442462,8,2,28,5,67,0.6173685861508876,Delay
425,247.12695642391455,177.87304357608545,6,3,36,33,94,1.1563441066349784,Delay
121,33.10555041054879,87.89444958945121,9,1,50,7,64,1.0829637152346363,Delay
385,229.58717160440088,155.41282839559912,5,2,33,33,47,1.46939439050505,Delay
368,35.001878055351796,332.99812194464823,15,3,48,5,28,0.9864274006648633,Delay
478,174.83585847217506,303.16414152782494,15,2,8,9,36,0.6412507970174106,Delay
201,118.94516450920797,82.05483549079203,9,4,24,36,82,0.8914311621544329,Delay
73,72.91558213542149,0.08441786457851208,7,5,17,5,32,0.6829901570704491,Delay
396,65.55161712497035,330.44838287502967,2,3,37,31,32,0.7008339969142798,Delay
391,69.22808695528259,321.7719130447174,5,2,27,38,92,1.4223254424471288,Delay
387,280.77973931656675,106.22026068343325,9,3,49,18,88,0.8443363668531809,Delay
417,181.77840110280582,235.22159889719418,7,4,0,21,69,0.9600725669128068,Delay
186,145.27719535238268,40.72280464761732,8,4,37,39,70,0.8995252380122577,Delay
265,12.768396993597465,252.23160300640254,10,4,22,5,45,0.6729575633527419,Delay
70,5.712078842732642,64.28792115726736,15,3,8,33,48,0.8084739447379542,Delay
273,134.42495815069145,138.57504184930855,3,4,47,7,50,1.0770660868306263,Delay
494,229.30136821178328,264.69863178821674,14,5,46,8,36,1.4656752921146738,Delay
224,72.19011049680887,151.80988950319113,4,2,16,31,51,1.3184638514463722,Delay
99,95.3020311471826,3.6979688528173966,10,5,21,40,24,0.5758171711451221,Delay
162,151.4453152656344,10.554684734365594,7,3,47,21,84,1.0352912803172347,Delay
78,7.496968499842444,70.50303150015756,13,2,45,5,67,0.8766688034212042,Risk
127,84.50657466280971,42.49342533719029,4,5,42,28,21,1.3495790449945404,Delay
364,14.36219046166733,349.63780953833265,9,1,23,40,65,1.0192977897003286,Delay
32,16.693684818219314,15.306315181780686,3,5,31,2,99,1.0319027983990496,Delay
321,58.27532155999192,262.72467844000806,7,1,48,3,22,0.612952492543459,Delay
501,212.59934754520154,288.40065245479843,6,5,44,29,50,1.0759679731094633,Delay
230,117.30141484325604,112.69858515674396,3,2,12,30,47,1.0654454075735602,Delay
127,108.79765715468477,18.20234284531523,3,2,1,4,97,0.7880953861449908,Delay
117,57.18374159671147,59.81625840328853,9,2,40,8,96,0.8253157256412361,Risk
113,102.18240767588622,10.817592324113775,3,3,40,5,71,0.5379582947953526,Delay
210,187.1770660804788,22.822933919521205,15,4,31,34,75,1.41591326018985,Delay
194,88.68848798546534,105.31151201453466,7,1,26,16,36,0.7833371034437143,Delay
311,126.20434017643345,184.79565982356655,11,1,47,0,59,1.3579472544207492,Delay
330,267.8921054592638,62.1078945407362,9,2,12,7,40,1.4671664716981465,Delay
486,260.7666989105528,225.2333010894472,13,1,15,30,93,0.7438740708259266,Risk
329,216.41158295134997,112.58841704865003,4,3,44,36,59,1.125590933741098,Delay
97,35.549459451495885,61.450540548504115,13,1,44,17,29,1.2622371895026732,Delay
356,165.07383467638385,190.92616532361615,6,3,14,6,95,1.2445223410115998,Risk
473,59.558983899927846,413.44101610007215,5,4,49,13,79,1.0397192773774726,Delay
499,479.7061586865827,19.293841313417317,12,4,2,10,48,0.6986352209971528,Delay
523,178.9869504080286,344.01304959197137,7,4,49,29,90,1.3041071813028324,Delay
313,117.60709111834808,195.39290888165192,11,2,24,21,20,0.8167539532317364,Delay
111,18.341254029784867,92.65874597021514,11,5,24,30,89,1.4442554281241484,Delay
279,208.05809768834337,70.94190231165663,10,2,41,10,23,1.193351791640418,Delay
224,128.79882566803573,95.20117433196427,6,1,28,12,67,1.1595607809017385,Delay
231,183.05578847891442,47.94421152108558,15,4,31,34,94,1.0817571845690894,Delay
332,297.25563484092936,34.74436515907064,5,5,43,29,30,0.9755472789110454,Delay
162,62.86982583613345,99.13017416386654,6,5,45,30,76,1.3580752255695638,Delay
242,0.5349048001795571,241.46509519982044,11,5,16,0,88,1.1486645803469775,Risk
84,57.30714231465001,26.692857685349992,10,3,25,33,96,1.4039981185536266,Delay
519,374.64572417414604,144.35427582585396,5,5,22,14,58,0.5106541572404555,Delay
400,296.5674698012201,103.43253019877989,2,2,18,37,79,0.9287450092904623,Delay
248,113.8597270736108,134.1402729263892,10,1,30,26,47,1.2961571000097756,Delay
209,83.30790442252076,125.69209557747924,3,1,37,36,53,1.0903980331891043,Delay
424,171.45769517471464,252.54230482528536,9,3,26,10,37,0.5662093150385233,Delay
462,451.25761671083274,10.742383289167265,6,2,12,39,80,0.9923167749514924,Delay
249,152.91304339260924,96.08695660739076,5,1,2,14,74,0.9660517889429369,Delay
396,156.25304173544882,239.74695826455118,11,2,44,1,27,0.5301791140981796,Delay
163,113.19618299197943,49.80381700802057,15,3,6,18,53,0.6897728968875764,Delay
72,1.067758032761109,70.9322419672389,5,3,21,33,91,1.0951175459402707,Delay
396,339.1810206947091,56.818979305290895,3,2,1,1,76,0.6991649224895218,Delay
489,283.8935270841785,205.10647291582148,6,3,9,2,50,0.9999490665905331,Delay
306,282.74658543993934,23.253414560060662,6,4,21,2,55,1.2124143934101652,Delay
59,20.089134728119028,38.91086527188097,9,2,31,28,46,1.4992924832891628,Delay
338,129.48289165238586,208.51710834761414,4,4,21,19,39,1.1105823211881165,Delay
121,53.61569989882892,67.38430010117108,12,3,26,27,32,0.9043970832745019,Delay
275,18.396821514916137,256.60317848508384,7,1,31,16,51,0.5464255753308864,Delay
265,5.455575135207564,259.54442486479246,11,3,47,23,20,1.3027794044616243,Delay
312,7.256269102374693,304.7437308976253,3,3,44,19,31,1.3192268871488397,Delay
345,77.86534392149278,267.1346560785072,12,2,28,5,25,1.260625079912533,Delay
387,181.97540181931822,205.02459818068178,8,3,24,13,29,1.2457481493653997,Delay
387,385.94790155928837,1.0520984407116316,15,2,41,38,66,1.4609942342589015,Delay
214,11.078030971787014,202.921969028213,13,3,26,40,57,1.0960437064902413,Delay
157,136.70488578422757,20.29511421577243,15,2,15,15,71,0.9994193365051938,Delay
525,340.1115950865739,184.8884049134261,2,1,8,15,59,0.8585611163979473,Delay
436,24.377383508401373,411.62261649159865,7,1,29,20,38,1.0162238694001942,Delay
201,49.859687518746405,151.1403124812536,9,5,48,10,86,0.677623379786353,Delay
34,14.105457624208954,19.894542375791048,7,4,20,6,70,1.2700464457953566,Delay
413,204.17814704432595,208.82185295567405,13,2,50,24,99,0.5525224043302354,Risk
523,322.25299280124784,200.74700719875216,9,1,20,3,23,0.934386541348744,Delay
230,44.98891057061341,185.01108942938657,2,1,19,9,20,1.0414497386534014,Delay
383,12.206393255262649,370.79360674473736,11,5,35,33,22,0.5752448167976113,Delay
200,102.69957731752926,97.30042268247074,5,3,25,15,92,1.4287311120338733,Delay
185,69.75391261715485,115.24608738284515,8,4,36,15,97,0.6103946108971536,Delay
141,78.52784877346998,62.472151226530016,5,5,41,37,39,0.8978185577887575,Delay
526,327.7656830999049,198.2343169000951,14,3,9,24,90,0.6000339514769095,Risk
524,178.48780186936202,345.512198130638,15,3,48,12,66,1.2985296243932876,Delay
483,366.8643367220651,116.1356632779349,9,1,37,19,88,1.3953189373368153,Delay
81,13.698273441016383,67.30172655898362,9,4,39,15,40,0.8371889469884791,Delay
488,436.5694772134979,51.43052278650208,2,2,42,1,35,1.3927781045213277,Delay
302,275.56118925120853,26.438810748791468,10,4,34,22,46,0.881222641954141,Delay
523,388.011064020712,134.988935979288,9,5,8,10,39,1.1821654668661228,Delay
46,14.635337292223065,31.364662707776937,14,1,16,6,66,1.2192295096371852,Risk
372,176.52458645768752,195.47541354231248,8,5,42,1,59,1.2607431862198228,Delay
453,229.18605969520436,223.81394030479564,6,1,37,38,50,0.5713902345716656,Delay
59,12.238839866772546,46.761160133227456,13,2,7,3,31,1.3772250069336045,Delay
515,372.69348332988,142.30651667012,5,2,33,0,77,0.6637425285924581,Delay
330,98.22551655611319,231.77448344388682,7,3,44,21,36,0.8316662935748468,Delay
346,222.71755051254314,123.28244948745686,14,1,49,1,89,1.2842541399282905,Risk
197,128.13384606305118,68.86615393694882,12,4,50,28,81,0.6892412056623355,Delay
133,26.523057848897185,106.47694215110282,14,2,49,31,22,1.1362152322582197,Delay
89,63.29547866929219,25.704521330707813,5,1,49,2,26,1.4831198795615288,Delay
509,478.9198758682525,30.080124131747482,6,4,11,1,38,1.1443979574582341,Delay
350,112.14456009875578,237.8554399012442,6,3,33,29,79,0.8137118598806267,Delay
477,127.48291229845933,349.5170877015407,7,4,17,23,87,1.4921685738241433,Delay
231,136.6038294679312,94.3961705320688,9,4,49,17,46,0.5907582999021288,Delay
82,39.27689090514287,42.72310909485713,7,5,29,17,96,0.6138200057073909,Delay
432,115.49152672971256,316.5084732702874,5,5,2,23,51,0.517873506740556,Delay
81,14.79423258858484,66.20576741141517,2,4,10,29,44,0.850046469079739,Delay
448,263.2098608997446,184.79013910025537,7,3,11,28,75,1.4189164259508238,Delay
128,125.85896461012318,2.1410353898768193,4,3,31,12,79,0.9324694232127974,Delay
39,15.38137085388431,23.61862914611569,2,5,31,40,28,1.0015796788427829,Delay
437,200.02182647475166,236.97817352524834,5,5,34,13,23,0.8454092566025742,Delay
457,38.37254870930279,418.6274512906972,8,5,1,16,80,1.2452391034531254,Delay
94,66.77930865022573,27.22069134977427,6,2,23,39,45,0.8439743836695269,Delay
215,200.03396601045063,14.966033989549373,15,2,9,6,63,1.2342066224455617,Delay
405,18.974373119904904,386.0256268800951,12,1,47,11,21,0.8314506791652914,Delay
332,218.44227384987738,113.55772615012262,5,4,48,7,26,1.21310705664597,Delay
74,36.690934203148664,37.309065796851336,14,5,23,10,24,1.4709388910044496,Delay
399,252.88417390160564,146.11582609839436,13,3,33,36,51,1.0359930175904037,Delay
371,246.38162311079935,124.61837688920065,10,2,36,30,39,1.0492186774556955,Delay
219,86.50693415478287,132.49306584521713,8,2,23,26,38,0.6955814780630251,Delay
530,269.39024021737805,260.60975978262195,15,1,42,27,93,0.9549325062076359,Risk
520,339.66746601650567,180.33253398349433,2,1,14,0,68,0.5591936131226186,Delay
93,92.35885513994916,0.6411448600508436,2,3,4,21,29,0.8882978660812171,Delay
279,214.39232339846677,64.60767660153323,13,1,43,28,75,1.1945651834066089,Delay
162,96.65937952985524,65.34062047014476,6,5,0,13,94,0.6422810981890278,Delay
204,129.08866756733224,74.91133243266776,9,2,8,4,42,1.1553789179947564,Delay
125,80.7853282761909,44.214671723809104,6,4,28,34,69,0.7518986697184753,Delay
420,405.6517612110511,14.34823878894889,13,3,36,35,51,1.3984009849742427,Delay
213,80.26546956088087,132.7345304391191,9,5,24,6,98,0.5334538868755282,Risk
316,199.39580503093237,116.60419496906763,13,4,22,23,32,0.6738726432627269,Delay
408,100.45124371778714,307.5487562822129,3,3,23,1,46,1.0866926386958282,Delay
89,82.28150410483347,6.718495895166527,6,1,6,26,84,0.9642280801413268,Delay
233,116.58133483327862,116.41866516672138,10,5,28,8,51,0.8907961802369286,Delay
238,179.01038234904,58.989617650960014,8,5,19,23,58,0.8793106017092084,Delay
71,40.08686892614747,30.913131073852533,15,4,16,37,39,0.5909261894364358,Delay
104,26.74833387423578,77.25166612576422,13,3,12,29,72,0.6093281499798106,Delay
116,102.90004229878608,13.099957701213924,2,3,42,11,21,0.7881883826330155,Delay
155,59.98271448310925,95.01728551689075,14,2,26,20,29,0.8170241651580241,Delay
456,198.73734733228738,257.2626526677126,8,3,9,21,62,0.780261034853352,Delay
531,138.91753919033076,392.0824608096692,9,3,47,6,72,0.8341378850976234,Delay
233,143.8431439368984,89.1568560631016,15,1,22,38,48,1.435446026949752,Delay
48,46.1223199505299,1.8776800494701007,10,1,4,28,90,1.2034485069341758,Delay
416,17.478633634797202,398.5213663652028,10,3,18,5,64,0.8300432998154751,Risk
378,358.12273726782024,19.87726273217976,5,1,31,8,91,1.0187554818387565,Delay
213,184.96441292178588,28.03558707821412,7,3,22,15,89,0.5781743195474078,Delay
211,103.53961788705583,107.46038211294417,15,2,40,22,79,0.9331943018632619,Delay
132,113.64180435034343,18.358195649656565,13,5,27,20,32,1.011657597595304,Delay
519,25.496763677404484,493.5032363225955,5,1,39,33,70,0.5186073856677706,Delay
357,89.63128985758608,267.36871014241393,11,1,35,12,90,1.1714616691342865,Risk
292,203.729273846189,88.27072615381101,3,3,4,33,75,0.7744278659821038,Delay
237,34.2971967970298,202.7028032029702,2,1,3,2,47,0.7605844438935933,Delay
56,8.048682755012685,47.951317244987315,11,3,46,39,25,1.4121558725660117,Delay
419,36.27309020052334,382.72690979947663,14,2,7,26,51,0.9461450891247513,Delay
115,31.08851005813193,83.91148994186807,3,3,22,38,34,1.1431075183792863,Delay
495,33.26894975771052,461.7310502422895,15,5,23,9,73,0.69332997580163,Risk
372,13.367803708187882,358.63219629181214,3,3,16,26,82,1.2807879034980343,Delay
30,12.420847651971371,17.57915234802863,14,5,26,4,80,0.7485389689779026,Delay
300,102.66146870340012,197.33853129659988,10,5,42,2,78,1.4107999477482602,Delay
230,46.3198232730284,183.6801767269716,7,3,29,17,46,0.5666667642593455,Delay
313,242.7374380925204,70.26256190747961,5,1,28,16,94,1.334446861849846,Delay
477,57.60859246508651,419.39140753491347,4,5,28,8,89,1.3166452898433332,Delay
183,147.79247673666265,35.20752326333735,9,3,4,33,92,1.1368883531957663,Delay
70,69.58986109863422,0.4101389013657837,6,4,42,22,53,0.6255687443836432,Delay
139,137.8844664065528,1.1155335934471964,3,2,16,24,100,1.4613781649868283,Delay
312,138.67136776929632,173.32863223070368,6,3,41,23,66,1.4592754290861292,Delay
477,427.8954395718576,49.104560428142406,6,1,4,27,25,0.8142713076951081,Delay
113,75.05430529040153,37.94569470959847,9,3,28,18,43,1.0231628364005976,Delay
299,267.9075461791794,31.092453820820595,3,1,36,28,46,1.4097641474104614,Delay
290,108.23403017526117,181.76596982473882,10,4,17,30,72,1.289788800527439,Delay
170,9.649479241397973,160.35052075860202,9,1,25,25,44,0.5463933219637952,Delay
356,76.16017938766159,279.8398206123384,15,5,31,1,53,0.9782621591568732,Delay
415,86.49413457733016,328.50586542266984,5,2,20,30,59,0.8756298027182381,Delay
97,0.4596965052606148,96.54030349473939,14,4,45,39,94,0.7285700676971495,Risk
324,184.16186057919379,139.83813942080621,13,5,47,40,38,1.121287625811497,Delay
161,116.99216430629482,44.007835693705175,8,2,24,11,81,1.3097329569826655,Delay
439,170.15500423534104,268.84499576465896,7,1,14,25,89,0.6617279180046846,Risk
168,88.70717193718787,79.29282806281213,12,5,46,3,86,1.310078637850732,Delay
290,33.18642247800678,256.81357752199324,9,2,13,27,44,0.8466778621869668,Delay
201,147.76873146501424,53.23126853498576,2,3,32,28,57,1.1659467082381574,Delay
519,227.27445460119662,291.7255453988034,10,3,1,9,83,0.9368556952871685,Risk
34,8.957092670474797,25.042907329525203,7,5,11,2,31,0.6559478735481135,Delay
52,27.779528301048217,24.220471698951783,5,3,30,32,99,1.2609840635841663,Delay
195,179.79668778482215,15.203312215177846,3,1,31,35,20,1.3517117889023131,Delay
287,211.19378430103242,75.80621569896758,10,4,20,4,52,1.3470022462036284,Delay
137,134.03863540033817,2.9613645996618345,15,5,42,22,25,0.7206791734400176,Delay
471,150.8948341941114,320.1051658058886,6,3,22,12,93,1.1225919892849179,Risk
445,320.94148884444473,124.05851115555527,14,5,23,2,26,1.2574852331058075,Delay
365,245.67199464286475,119.32800535713525,8,2,29,14,43,0.674805493424023,Delay
146,103.16294800376414,42.83705199623586,7,2,47,18,96,0.6215351641505532,Delay
539,433.89433608701705,105.10566391298295,5,1,12,12,66,1.4738120919969557,Delay
76,12.720896920070318,63.27910307992968,9,1,42,7,97,0.9745554948739024,OnTime
243,108.81818002115376,134.18181997884625,9,4,43,15,42,0.6441644790104613,Delay
107,90.71342070541662,16.286579294583376,11,1,40,6,98,0.6256276041319894,Risk
69,14.13047078132929,54.869529218670706,7,1,0,26,88,1.068160666615692,Risk
469,304.4347833719754,164.5652166280246,11,5,15,32,42,0.7119043647519747,Delay
151,31.62295443484632,119.37704556515368,6,4,3,10,94,0.999034015283076,Risk
288,182.99270507166904,105.00729492833096,11,4,8,27,36,0.9362520211558223,Delay
282,149.0401408480137,132.9598591519863,9,2,42,26,78,1.3535000044396948,Delay
477,112.43706600005557,364.56293399994445,15,1,36,28,59,1.3630855496903076,Delay
240,71.54911966213321,168.4508803378668,10,1,8,32,34,1.4029113769681276,Delay
237,84.37013211850469,152.62986788149533,6,3,43,29,97,0.8946976194163759,Delay
98,24.90976670233502,73.09023329766498,8,4,7,1,47,1.327242324800201,Delay
513,415.4161742014821,97.58382579851792,10,5,12,8,96,0.706215648056399,Delay
136,41.42067882221394,94.57932117778606,3,2,48,8,32,1.4321044804192522,Delay
410,237.16558700929713,172.83441299070287,7,5,18,9,43,1.3720779975512336,Delay
33,28.495260236761215,4.504739763238785,8,5,20,22,42,0.9843610420694817,Delay
101,58.798407150716116,42.201592849283884,15,3,27,24,24,1.3112407071921655,Delay
79,48.88675149435901,30.11324850564099,5,3,6,18,70,0.5459407556598556,Delay
449,44.989727941275504,404.01027205872447,12,1,38,19,86,0.7664494177725291,Risk
195,189.56781480779853,5.432185192201473,7,1,35,2,27,1.4279100637084712,Delay
492,309.6284496253747,182.37155037462531,8,4,32,22,59,1.44583335831063,Delay
72,66.10151319087464,5.898486809125359,8,3,29,28,38,1.486634118480349,Delay
340,236.12840786778688,103.87159213221312,7,4,11,25,79,0.5896765544101261,Delay
507,272.2551262320378,234.7448737679622,4,2,28,0,43,1.1345164577032303,Delay
90,3.128525641552743,86.87147435844726,3,1,23,36,82,0.7173855274489532,Delay
202,120.92259986751154,81.07740013248846,2,1,11,9,27,1.2182366552303776,Delay
63,57.06863540678771,5.931364593212287,7,5,2,40,62,0.6183842385594291,Delay
268,212.97041181336078,55.02958818663922,4,3,23,29,86,0.6497286000027982,Delay
529,238.62753860723677,290.3724613927632,5,1,1,11,48,0.9446259733011617,Delay
490,169.78082102971285,320.21917897028715,7,2,43,27,34,1.4576412288679879,Delay
116,97.35150055701594,18.64849944298406,3,1,3,23,53,0.8583456113613955,Delay
73,13.284002246828432,59.715997753171564,3,5,32,15,20,0.9936827824400115,Delay
191,188.5551169023551,2.4448830976448903,3,1,17,3,79,1.2055120786517026,Delay
271,174.69044811023525,96.30955188976475,11,1,11,31,54,0.5625145363568614,Delay
177,165.87361252885887,11.126387471141129,9,4,34,31,38,0.5502006046182811,Delay
45,32.83564109941324,12.164358900586763,2,4,39,15,56,1.36099806171597,Delay
184,31.36239443778409,152.63760556221592,4,2,3,22,55,0.5325584277351256,Delay
122,88.56855302223161,33.43144697776839,12,2,3,17,94,0.6782451564157382,Risk
250,76.05051223160036,173.94948776839965,2,2,13,40,22,0.8288599753150927,Delay
339,304.29873001256533,34.70126998743467,7,4,42,11,69,1.150386136175232,Delay
506,270.68349860907904,235.31650139092096,9,4,18,4,45,1.4147013255588856,Delay
401,124.69483812728045,276.30516187271957,7,3,5,15,80,1.1535775072373524,Delay
55,18.414276438705485,36.585723561294515,3,3,40,27,21,1.4325366105402944,Delay
173,41.5094265446161,131.4905734553839,11,2,36,31,78,1.3082414673505471,Delay
264,14.45643795685518,249.54356204314482,3,4,29,27,73,1.4234498529095738,Delay
106,48.5636467513179,57.4363532486821,7,3,36,4,35,1.2003983438409591,Delay
486,318.8451443582274,167.1548556417726,6,5,48,17,93,0.7239838888833913,Delay
108,101.37829882821019,6.621701171789809,15,1,18,33,76,0.7679334600771607,Delay
163,57.29566191170772,105.70433808829227,3,5,48,7,94,1.3996565054242693,Delay
515,101.445589074185,413.554410925815,3,1,8,37,92,0.7163668561439793,Risk
313,296.32076450455503,16.67923549544497,5,4,7,32,58,1.0782996462091197,Delay
331,109.12510835883592,221.87489164116408,7,1,40,22,42,1.0647340433569672,Delay
162,29.41542504004789,132.5845749599521,10,5,15,5,96,1.233797222359273,Risk
477,110.81499625618532,366.18500374381466,5,4,2,38,89,0.5356485096734304,Delay
377,206.97990948876694,170.02009051123306,12,3,23,14,22,0.9762241342207439,Delay
116,47.84094013939964,68.15905986060037,6,2,10,5,41,1.4261052862776515,Delay
523,502.1212744771254,20.878725522874618,6,3,46,4,91,0.6369082500164847,Delay
311,181.64497715690305,129.35502284309695,9,5,44,31,81,0.5647348239004074,Delay
204,191.58940903732451,12.410590962675485,6,5,18,33,34,0.6878471847959162,Delay
444,302.8322382567076,141.16776174329237,6,1,27,15,76,0.5040737067435411,Delay
258,174.45497878658682,83.54502121341318,5,1,26,26,78,1.489802664221411,Delay
33,9.415577285967709,23.584422714032293,2,3,26,40,20,1.3798691522403894,Delay
107,25.199709364953613,81.8002906350464,9,4,28,12,85,0.7754036375956643,Delay
211,76.02654692717012,134.9734530728299,15,2,50,30,78,1.2138606535178282,Delay
155,5.0887005516569666,149.91129944834304,10,4,9,27,95,1.2836467515491536,Risk
263,101.97245846226467,161.02754153773532,11,5,48,23,86,0.8329009169182053,Delay
247,46.83532168235125,200.16467831764874,10,4,50,32,62,0.5687415182498877,Delay
83,70.55357757145383,12.446422428546171,3,4,2,14,99,1.1083001610160577,Delay
108,30.250618693800696,77.7493813061993,2,3,0,28,20,1.1052416727629546,Delay
414,195.07410732382385,218.92589267617615,15,2,0,2,72,0.6401866101728507,Risk
292,254.87844254542546,37.12155745457454,12,5,11,16,78,1.1411532354274034,Delay
131,54.13931932251935,76.86068067748064,7,1,2,21,56,1.0739231238122877,Delay
538,106.57841792057283,431.42158207942714,6,5,16,3,92,0.5391587796261719,Delay
536,164.84102448714214,371.15897551285786,5,5,14,17,64,0.9644103593206348,Delay
394,155.0640269697716,238.9359730302284,12,3,42,36,30,0.9816184991882515,Delay
461,201.07580965666364,259.92419034333636,2,3,50,8,34,1.0215504341969441,Delay
472,302.1067298024927,169.89327019750732,5,3,17,4,62,0.8400664852568179,Delay
294,205.85650932174244,88.14349067825756,14,3,31,2,45,1.2423881053727923,Delay
72,25.774289080996688,46.22571091900331,9,2,33,3,91,1.4321503197397605,Risk
30,22.781761589012792,7.218238410987208,15,1,11,35,41,1.2263945201211655,Delay
272,79.64443636619532,192.35556363380468,15,1,20,21,82,1.0599007396416653,Risk
264,242.90174908201527,21.09825091798473,5,2,31,9,65,0.5567735699577061,Delay
53,43.428363005910214,9.571636994089786,14,1,42,3,69,1.173010064890284,Delay
398,50.1721029915134,347.8278970084866,13,5,0,7,52,0.708711531987756,Delay
153,44.18693321485891,108.81306678514109,2,3,9,36,43,1.0260179632829205,Delay
282,26.386381035906965,255.61361896409304,10,2,22,10,41,1.3567063056652768,Delay
128,69.4399543596784,58.560045640321604,8,2,13,30,73,0.5310365760414788,Delay
426,302.40088348443464,123.59911651556536,10,2,47,35,49,0.5487341563529435,Delay
159,60.13636889159686,98.86363110840314,7,5,5,11,69,1.2801036163308934,Delay
80,15.437462338557424,64.56253766144258,5,4,43,12,82,0.5203724288873222,Delay
453,7.181766581448995,445.818233418551,3,2,29,14,55,1.0811582329371743,Delay
169,148.20956580307927,20.790434196920728,4,1,47,21,55,0.6159018740205197,Delay
404,157.64548351815972,246.35451648184028,9,4,43,37,53,0.7040868555303381,Delay
380,259.39725424406043,120.60274575593957,6,3,26,10,54,1.470292053133428,Delay
443,19.664678300224708,423.3353216997753,9,4,27,38,38,1.4952296892376948,Delay
387,370.89995638765174,16.10004361234826,7,1,39,13,34,1.4432152856179568,Delay
245,220.88760063286028,24.112399367139716,13,3,1,18,74,1.4815906221690507,Delay
190,143.40034164006107,46.59965835993893,14,5,8,11,98,0.9324295038039023,Risk
494,232.94096518336536,261.0590348166346,10,2,48,0,62,0.7340537458123105,Delay
292,38.95702555898145,253.04297444101854,3,5,42,15,72,0.6719882641175389,Delay
79,13.837828644496083,65.16217135550392,9,5,36,27,58,0.9246896770423018,Delay
230,86.95961233016826,143.04038766983174,7,2,27,20,66,1.1600789974778936,Delay
30,6.571508958682708,23.428491041317294,6,1,24,11,98,0.6832160211339449,Risk
185,147.6553303328918,37.34466966710821,5,5,7,29,47,0.8513031479378448,Delay
177,134.34575509384425,42.65424490615575,9,3,12,33,50,0.785373193170742,Delay
170,77.32416023703912,92.67583976296088,11,2,31,20,48,0.7118439194034641,Delay
483,130.24687958571442,352.7531204142856,12,1,42,20,45,0.7364138427683361,Delay
425,344.4258647879393,80.5741352120607,14,2,39,12,82,1.4315744864078732,Delay
97,53.66289248293834,43.33710751706166,8,3,36,39,74,1.3178416960878623,Delay
381,53.928593119083004,327.071406880917,10,2,46,1,99,1.2881395700088647,OnTime
254,109.01707565674646,144.98292434325356,12,5,41,8,95,1.1886621136440518,Delay
352,194.18673773249373,157.81326226750627,10,3,42,16,52,0.6838668782643543,Delay
195,116.01597423785616,78.98402576214384,14,2,12,26,47,0.9987235754101496,Delay
302,167.19979022470582,134.80020977529418,7,3,17,38,22,1.26996118667949,Delay
435,282.01521638506426,152.98478361493574,6,4,35,8,29,0.6684141621962598,Delay
152,26.70381336740719,125.2961866325928,5,4,24,21,97,0.7051759415593671,Delay
34,23.963932795560805,10.036067204439195,3,2,50,28,24,0.8041195921145273,Delay
63,6.828953145278722,56.171046854721276,9,1,13,11,97,0.7320045622168367,OnTime
355,239.6751582109149,115.3248417890851,7,4,32,8,79,1.2861700679890156,Delay
434,5.1611398506034245,428.83886014939657,2,3,24,7,30,0.5869009826872946,Delay
481,229.1526261561715,251.8473738438285,6,4,35,4,56,0.5396573995329045,Delay
346,297.39240605085524,48.60759394914476,14,1,27,28,45,1.2099237575959085,Delay
111,12.388043233614026,98.61195676638597,13,1,24,4,62,0.6887610434544706,Risk
252,145.68821823245787,106.31178176754213,14,4,23,5,58,1.4192254538984823,Delay
440,134.4835464656805,305.5164535343195,15,4,1,14,34,0.7680095947520931,Delay
266,120.85782604643583,145.14217395356417,8,2,24,5,69,1.2680951172850272,Delay
50,32.89271560648798,17.107284393512018,15,2,22,38,74,0.5059652970933464,Delay
318,7.3724324485330675,310.62756755146694,5,3,40,21,61,0.8957698628485696,Delay
468,109.04636090418417,358.95363909581584,3,2,48,13,26,1.402430855879513,Delay
204,21.726812964001716,182.2731870359983,13,3,21,26,47,1.2089910497655494,Delay
194,162.61365235724102,31.386347642758977,7,3,48,38,27,1.2011073569969983,Delay
191,160.68177799830744,30.31822200169256,2,1,45,23,49,1.2003946715056484,Delay
360,133.5221505723979,226.4778494276021,11,5,31,38,88,0.6444656028628942,Delay
117,19.497718135230752,97.50228186476924,14,2,23,35,37,0.5691444859233981,Delay
408,83.53526990994965,324.46473009005035,12,5,5,4,69,1.0168766684285484,Delay
159,76.2749532273937,82.7250467726063,7,5,45,32,85,1.1469337785803853,Delay
266,125.78935423845516,140.21064576154484,6,2,12,7,83,0.7820895652222664,Delay
95,80.809429888824,14.190570111176001,3,5,21,29,95,1.2637851961347109,Delay
173,43.90547598962752,129.09452401037248,13,5,21,14,80,1.2737552721142968,Delay
51,42.464582823558814,8.535417176441186,12,2,30,38,47,0.7106788998914354,Delay
344,1.0023386636811402,342.99766133631886,13,5,26,24,65,0.5684576758814502,Delay
459,174.86950094924697,284.13049905075303,13,4,47,17,40,1.4811737260657463,Delay
157,40.61055405040095,116.38944594959905,13,5,35,9,74,1.3241076476750702,Delay
67,2.810190167865293,64.18980983213471,5,5,38,40,30,1.0473744176900768,Delay
379,166.69712101861654,212.30287898138346,10,1,8,13,46,1.1345706411851544,Delay
457,78.11282385531557,378.8871761446844,9,1,47,20,66,1.1514415764809303,Delay
494,196.1565428458177,297.84345715418226,8,4,24,23,65,1.2760987956549625,Delay
175,40.90070671011825,134.09929328988176,5,4,21,4,32,1.4646695737327047,Delay
108,58.98747966309787,49.01252033690213,8,4,6,6,54,0.966328260056785,Delay
342,184.7327315002474,157.2672684997526,11,1,17,35,38,0.8348930154877606,Delay
233,60.23839149039449,172.7616085096055,10,3,9,0,48,1.3680315863446686,Delay
330,314.1070596018508,15.892940398149221,5,1,44,23,47,1.2698562080515918,Delay
414,105.1888794318596,308.8111205681404,11,1,13,22,75,0.652563684279718,Risk
399,114.89288840067152,284.1071115993285,5,4,23,36,55,1.1975948250232058,Delay
358,74.55997497120113,283.44002502879886,12,2,15,18,35,1.0763145365287243,Delay
530,24.4363197539766,505.5636802460234,14,5,44,5,82,0.9542642722119478,Risk
42,32.771287346439024,9.228712653560976,11,4,28,30,44,0.9354306488308002,Delay
86,10.688756509054517,75.31124349094549,2,4,24,11,72,0.7922392503206787,Delay
49,26.22815324495838,22.77184675504162,9,2,27,31,35,1.4294110150845483,Delay
502,67.57442131261344,434.4255786873866,14,1,6,13,85,1.2885669748464217,OnTime
289,203.8054643071867,85.1945356928133,11,3,14,7,97,0.5734640621011136,Risk
416,353.2934615133436,62.70653848665643,4,2,25,27,51,1.4615888486326516,Delay
524,518.8163960588133,5.183603941186675,14,2,36,15,36,1.2147147765261632,Delay
199,154.9236191239627,44.07638087603729,14,4,42,34,55,1.0978576100672026,Delay
64,40.930765016322624,23.069234983677376,3,3,10,22,71,0.5454086141805256,Delay
519,498.11737104592237,20.88262895407763,14,4,10,3,75,1.2645338816873999,Delay
39,1.061805484386332,37.93819451561367,2,2,45,21,37,1.4993441764770294,Delay
361,351.40630182846024,9.593698171539756,3,2,15,31,48,1.1875194493913623,Delay
179,127.0368880080879,51.9631119919121,9,2,30,18,21,1.2183784593460159,Delay
345,335.60201993610406,9.397980063895943,5,1,2,8,28,1.0984694963499209,Delay
160,108.75096446422192,51.24903553577808,9,1,31,40,43,0.7110548072997552,Delay
130,104.0431491486399,25.9568508513601,2,1,44,8,24,0.8903452514423883,Delay
343,307.6812109986053,35.31878900139469,13,4,45,26,58,1.2673102316333709,Delay
509,67.44379176126914,441.55620823873085,12,4,48,40,43,1.3826311978619392,Delay
523,452.398173849853,70.60182615014702,6,4,1,3,71,0.6512284064741777,Delay
475,83.59435992257268,391.40564007742734,15,4,3,16,63,0.5302474533271105,Risk
110,48.13615533786175,61.86384466213825,10,4,24,38,37,0.5382644092378791,Delay
534,419.02451667377744,114.97548332622256,2,4,31,16,97,1.0075621428232804,Delay
538,454.98058807958375,83.01941192041625,6,4,18,31,23,0.8512274807466946,Delay
518,511.05083075472226,6.949169245277744,13,3,7,13,99,0.68174983791095,Risk
314,265.57620918349085,48.423790816509154,7,3,44,4,56,0.9036442930569224,Delay
303,174.0338234705833,128.9661765294167,11,3,43,23,83,0.7943633261668596,Delay
434,172.33246374838436,261.6675362516156,8,3,20,40,31,0.5070714209106537,Delay
156,57.94373330006885,98.05626669993114,14,5,2,7,70,0.9026559687889737,Delay
314,49.79705734728935,264.20294265271065,10,3,27,37,93,1.382147248655281,Risk
448,212.7212926767183,235.2787073232817,12,2,23,7,44,1.1174241415555715,Delay
331,139.4398203826793,191.5601796173207,3,5,23,37,66,1.399247859313724,Delay
333,43.94126964713997,289.05873035286004,4,1,18,13,71,1.1454582780362652,Delay
68,65.89998203195931,2.1000179680406887,10,5,16,33,37,0.5315354528904627,Delay
253,245.01797694382947,7.982023056170533,6,1,29,8,81,1.0131370178552017,Delay
175,74.95280963458683,100.04719036541317,15,5,15,3,24,0.8991730968520227,Delay
215,120.80748698814052,94.19251301185948,5,2,50,9,22,1.4078093491880028,Delay
527,327.4100691176464,199.5899308823536,9,5,0,0,45,1.4273930223840905,Delay
67,43.41027447671637,23.589725523283633,8,2,10,37,27,1.2923847363635237,Delay
271,190.48843725229375,80.51156274770625,11,5,41,27,35,1.3548550378980768,Delay
58,49.04568324872587,8.954316751274128,4,2,21,40,75,0.6635654961823167,Delay
287,245.5581622623814,41.44183773761861,5,3,8,15,31,1.4325387728376928,Delay
251,23.599605350739,227.400394649261,13,2,45,22,44,0.8140637626053696,Delay
147,24.825574073267216,122.17442592673278,7,4,30,40,98,0.8887478361163635,Delay
333,282.0416821813985,50.95831781860147,4,3,32,10,70,1.0659181642994875,Delay
499,349.75770481010176,149.24229518989824,4,1,18,3,81,1.0047159736117361,Delay
328,207.6560638822578,120.3439361177422,11,1,31,34,21,1.4065752030631127,Delay
347,306.460775239909,40.539224760090974,7,2,14,33,95,1.368642198529367,Delay
221,66.3526994000551,154.6473005999449,8,2,24,11,75,1.0886454540459294,Delay
402,375.2787804321851,26.7212195678149,6,2,11,23,52,0.7983832817671683,Delay
348,173.2242540853534,174.7757459146466,8,5,22,31,83,0.7266423447639248,Delay
221,220.2450235677755,0.7549764322245096,7,1,37,26,46,0.6200125125692271,Delay
119,89.98201261313505,29.017987386864945,7,4,7,30,79,0.6520770939775001,Delay
505,444.20230863764937,60.79769136235063,11,3,33,20,76,0.5405371636328967,Delay
181,157.683987884194,23.31601211580599,10,2,43,25,79,0.9387311598646668,Delay
63,35.318826627800014,27.681173372199986,7,2,30,5,60,0.6493154463766322,Delay
420,18.35238342061118,401.6476165793888,2,3,10,5,88,0.8088670876033229,Risk
320,198.00856745474877,121.99143254525123,12,3,10,27,71,1.0951836291502806,Delay
289,82.44408580967877,206.55591419032123,6,4,39,24,77,1.2138939208470592,Delay
350,235.5246909756202,114.47530902437981,9,4,4,32,46,0.7139725875647782,Delay
229,126.30990141396484,102.69009858603516,9,4,41,32,74,1.295909225879614,Delay
234,190.3061481861141,43.693851813885914,8,5,4,31,37,1.37667620198386,Delay
391,72.32179654508575,318.67820345491424,12,1,12,2,84,1.3207242125493512,OnTime
232,134.57242939847404,97.42757060152596,5,5,39,27,87,1.2851034984418042,Delay
246,102.85867724890151,143.14132275109847,6,1,12,23,69,0.8029719545280806,Delay
200,148.32774717260372,51.67225282739628,5,1,13,25,27,1.2717108996190376,Delay
80,39.61908563007077,40.38091436992923,7,2,9,4,62,0.5816209645082826,Delay
392,149.89897795512516,242.10102204487484,3,5,3,12,31,1.2754233743274135,Delay
269,90.94008349287645,178.05991650712355,7,5,0,16,47,0.8133169986496064,Delay
413,347.6433281550691,65.35667184493087,15,3,10,21,33,0.7602752214230392,Delay
341,299.59031775748224,41.40968224251776,5,2,7,21,82,0.7474572230527549,Delay
326,213.40922547478377,112.59077452521623,2,1,8,6,97,1.3493093697416643,Risk
159,67.49312921064006,91.50687078935994,10,5,11,25,65,0.583511382683018,Delay
515,73.23852553936938,441.7614744606306,3,3,13,35,39,1.444744204041535,Delay
271,230.3622066920816,40.6377933079184,8,1,27,19,79,0.6818454814560598,Delay
121,70.97964960745993,50.02035039254007,4,5,42,5,31,1.143596867846743,Delay
38,24.71529993561017,13.284700064389831,5,2,9,17,58,1.0872129893837665,Delay
244,53.66900619247641,190.33099380752358,14,5,43,33,70,1.3004161936995648,Delay
368,338.33233403449276,29.66766596550724,10,1,5,8,31,1.4166321488359221,Delay
37,22.536705454332917,14.463294545667083,6,3,19,39,37,1.116903638044358,Delay
479,353.48208872397305,125.51791127602695,13,2,22,38,36,0.7823742789130603,Delay
297,115.85887931999412,181.14112068000588,7,2,5,40,21,0.7405306164806362,Delay
461,295.1449029888195,165.85509701118048,13,3,3,13,72,1.4616421365992616,Delay
271,225.01695000934922,45.983049990650784,3,1,4,20,91,1.108299647535274,Delay
407,157.09998820807658,249.90001179192342,9,4,46,32,96,0.6831349067566619,Delay
527,275.9373874920619,251.06261250793813,15,1,20,5,56,1.3680430178122884,Risk
101,59.57399246126247,41.42600753873753,15,4,19,34,83,1.1972279322317214,Delay
331,318.23282931160395,12.76717068839605,7,4,23,1,49,1.4211002786471194,Delay
318,36.68112283837566,281.31887716162436,7,3,14,27,62,1.214010068865079,Delay
280,146.95447311119284,133.04552688880716,13,4,39,38,85,1.394910110577158,Delay
297,121.16731790157934,175.83268209842066,3,3,44,40,42,0.9402400279055012,Delay
188,28.503149246151544,159.49685075384846,5,5,16,7,44,0.8061800616256231,Delay
465,331.3833524077089,133.6166475922911,7,3,38,8,21,1.127078621067335,Delay
316,133.25735949242076,182.74264050757924,6,2,3,32,31,0.5233868577569132,Delay
490,426.89034534594634,63.10965465405366,15,1,30,21,35,1.127879977058941,Delay
49,37.788911143568036,11.211088856431964,3,2,10,1,69,0.7756900517696032,Delay
364,114.59549324523539,249.4045067547646,4,5,12,5,87,1.4722576252768766,Delay
389,245.1351048761253,143.8648951238747,7,2,20,15,21,0.6528497695181553,Delay
89,83.63791253184652,5.362087468153476,4,5,5,28,80,0.9369002645470524,Delay
199,135.30920793075322,63.69079206924678,8,5,17,24,69,1.2040086058848505,Delay
427,244.58046436211583,182.41953563788417,3,4,4,23,23,0.5317233160182758,Delay
273,109.9055338475871,163.0944661524129,2,5,48,5,56,0.8653311867795952,Delay
63,55.94642015118109,7.053579848818913,14,1,46,35,42,0.6372253829342696,Delay
120,0.5546600326074014,119.4453399673926,2,5,0,37,31,1.1196207910214295,Delay
358,265.81400212858557,92.18599787141443,5,5,17,32,21,1.471341869356962,Delay
106,87.72165611261863,18.278343887381368,3,2,48,33,44,1.2679091620099918,Delay
393,273.60103412707974,119.39896587292026,13,5,13,30,35,0.5449083666182846,Delay
186,129.60287819386866,56.39712180613134,5,2,4,35,40,0.8718231701064917,Delay
189,74.00446305074962,114.99553694925038,2,5,2,2,97,1.340643928191942,Delay
117,107.61354258637526,9.38645741362474,7,4,15,22,64,0.7247560278761136,Delay
517,162.36559876269433,354.63440123730567,2,3,35,23,51,0.6759478984633317,Delay
229,168.31392494057937,60.68607505942063,8,5,49,35,53,1.0847735605500026,Delay
316,272.35002935031247,43.64997064968753,12,3,35,10,69,0.587422918283509,Delay
56,36.90332454288941,19.096675457110592,4,4,21,3,94,0.6315680354098312,Delay
136,116.12824776434913,19.871752235650874,7,2,2,29,31,1.3223600205064883,Delay
320,228.08964760852842,91.91035239147158,7,2,16,6,80,0.6181553920356208,Delay
97,7.546338580729428,89.45366141927057,6,2,0,23,25,1.4193001880324472,Delay
371,270.9560719745691,100.04392802543089,7,2,41,39,35,0.6151075376113253,Delay
136,116.18674473621348,19.813255263786516,3,5,37,17,73,0.9365231489035175,Delay
201,45.51436353298677,155.48563646701322,2,2,5,14,77,1.3002055417785638,Delay
316,239.1326953358769,76.86730466412311,7,2,48,13,83,1.0405959628556678,Delay
352,249.31288092487623,102.68711907512377,14,1,5,31,73,0.8083810540712281,Delay
192,80.45114298470813,111.54885701529187,2,3,21,0,49,1.203591811034311,Delay
100,32.11742652038549,67.8825734796145,9,4,1,34,81,1.1702358675946987,Delay
70,44.91243133692454,25.08756866307546,3,4,28,15,64,1.0581880115094167,Delay
259,254.86285905396983,4.137140946030172,5,3,48,35,42,0.8075264823602295,Delay
235,122.61633694173122,112.38366305826878,11,2,18,17,29,1.0982746453823053,Delay
136,51.69258076641709,84.30741923358292,14,4,36,15,30,0.7598995969374654,Delay
132,111.62989606253804,20.370103937461963,2,5,25,22,52,1.4017179141087253,Delay
98,37.30038307183573,60.69961692816427,7,3,3,23,53,1.155942955428476,Delay
137,21.51045027972609,115.48954972027391,13,2,6,19,58,1.326827093682042,Risk
51,42.421025909823534,8.578974090176466,11,1,15,25,59,1.0031548227053884,Delay
495,335.7779371189638,159.2220628810362,6,1,0,13,83,1.474358727046294,Delay
43,31.81269069647772,11.18730930352228,13,2,9,28,38,1.1553774026105732,Delay
535,155.21542051251245,379.7845794874876,4,5,46,15,83,0.8883472196975024,Delay
341,43.934339036263765,297.06566096373626,4,5,38,33,31,1.1179765272442457,Delay
397,327.7572879867659,69.2427120132341,9,3,6,35,71,0.9622500093697754,Delay
429,0.8915070145791799,428.1084929854208,11,5,50,32,65,1.2500018070249739,Delay
318,80.97039890028664,237.02960109971337,4,1,48,19,55,1.0394124039585537,Delay
190,86.33045352237774,103.66954647762226,15,5,35,27,92,1.1686548729958885,Delay
279,125.8731677946012,153.12683220539878,5,4,6,10,40,1.4481435731127617,Delay
243,166.64934426178235,76.35065573821765,11,1,14,2,40,1.0633716349388596,Delay
389,158.43912245737786,230.56087754262214,12,3,32,27,83,0.9985702753367088,Delay
145,17.82412563567908,127.17587436432092,10,2,5,28,32,0.6260405923558789,Delay
45,9.529837084684345,35.470162915315655,8,5,5,0,48,1.3764383633486434,Delay
396,241.81224577170732,154.18775422829268,3,4,46,36,79,1.4676201466107734,Delay
89,62.80396059831714,26.19603940168286,2,4,32,10,59,0.511504623141367,Delay
268,121.90663832851527,146.09336167148473,8,3,33,40,92,1.1726697815505962,Delay
130,1.2365962140994124,128.76340378590058,6,1,43,34,82,0.9949452990624558,Delay
86,77.43933205997304,8.56066794002696,4,1,29,11,62,0.7195879152601246,Delay
225,97.46924721587985,127.53075278412015,13,4,23,31,60,0.8457337813184147,Delay
479,384.0195365432196,94.9804634567804,3,5,31,2,23,0.979854167577483,Delay
368,253.46493716744973,114.53506283255027,9,4,34,39,74,1.1379476366982053,Delay
465,377.8493949676606,87.1506050323394,5,3,7,17,99,0.5324359559683957,Delay
489,36.42071818169966,452.57928181830033,10,3,21,36,75,0.7235503304083674,Delay
276,77.25200016454322,198.74799983545677,8,5,40,30,86,0.849132890716589,Delay
266,122.40954140285835,143.59045859714166,12,5,49,8,37,1.0905580480213075,Delay
56,34.61034047998385,21.389659520016153,8,3,39,28,34,1.4209294064709062,Delay
120,61.74060079054324,58.25939920945676,8,1,18,22,100,0.9321966257371174,Risk
512,289.1619383875087,222.8380616124913,9,4,24,2,55,1.334665416449666,Delay
461,425.945463760131,35.05453623986898,6,1,22,24,100,0.6680922361951485,Delay
303,62.84260838390512,240.15739161609488,15,2,42,27,89,0.5279799258947904,Risk
87,49.67174335193669,37.32825664806331,12,5,38,9,24,0.5041136885197232,Delay
370,271.50954313123015,98.49045686876985,3,2,26,0,46,0.9538486124088982,Delay
217,197.41273046683676,19.587269533163237,2,5,24,27,66,1.2915068354185681,Delay
380,197.15155518794344,182.84844481205656,13,4,33,33,74,1.1465825054893597,Delay
185,120.66803589643608,64.33196410356392,8,2,16,0,76,0.5464402533031633,Delay
502,64.95400606715324,437.0459939328467,13,2,18,33,26,0.8594928431740325,Delay
540,304.84881585020435,235.15118414979565,7,1,31,5,92,1.3739833928375171,Risk
281,108.5685660807416,172.43143391925838,4,2,2,21,92,0.7134530026034454,Risk
447,326.35563775966364,120.64436224033636,13,4,26,15,53,0.7505597183515373,Delay
374,13.236080005960844,360.76391999403916,15,4,6,23,55,1.3871573214831785,Delay
230,177.90993533062198,52.09006466937802,4,4,2,31,76,0.7306832148152209,Delay
193,147.0566728815245,45.94332711847551,12,5,4,32,37,1.3102522116275428,Delay
311,182.88959544284748,128.11040455715252,2,4,25,34,55,1.1082858574673073,Delay
61,19.531289882490476,41.468710117509524,7,1,9,1,75,0.9483893475922036,Risk
234,82.1826428249331,151.8173571750669,13,2,49,16,91,1.1220172776050057,Risk
349,85.13730304112164,263.86269695887836,8,1,20,36,50,0.8258290186860883,Delay
192,11.662826327537587,180.33717367246243,13,1,29,22,86,0.5278597320744687,OnTime
81,67.8940360001234,13.105963999876593,7,2,4,40,64,0.9287188011130002,Delay
370,160.31842968669133,209.68157031330867,13,4,45,24,84,1.4998828552990617,Delay
176,22.087747285101894,153.9122527148981,6,1,25,26,92,0.9666941316940585,Risk
86,84.72253350968217,1.2774664903178348,13,5,10,40,76,0.9178153811668488,Delay
121,49.397153451384135,71.60284654861587,4,1,37,1,71,0.5550458501838427,Delay
138,61.65008594014962,76.34991405985038,7,5,13,23,98,0.5441959031293865,Delay
44,37.23732113252134,6.762678867478662,5,3,35,27,100,1.4720669469683165,Delay
329,196.78285942637802,132.21714057362198,10,5,15,9,25,0.8865358902687215,Delay
499,115.22848020333134,383.77151979666866,8,2,13,15,25,1.0204238710878466,Delay
442,22.030908712485097,419.9690912875149,6,2,41,36,88,0.6572390591065902,Delay
369,154.85649073156011,214.14350926843989,13,3,4,17,41,1.0259871565250624,Delay
398,21.14654309307737,376.85345690692264,8,2,28,13,29,0.5882192196649376,Delay
244,173.03915753931614,70.96084246068386,15,2,24,10,27,1.1213482899714564,Delay
242,223.2034348987787,18.79656510122129,13,1,40,39,23,0.5616038437504667,Delay
147,23.40956293090274,123.59043706909726,3,4,48,20,54,1.2452242258906,Delay
256,127.49807388336959,128.50192611663041,14,5,7,11,45,0.6323401917480813,Delay
193,19.130905981344487,173.86909401865552,5,1,50,5,98,1.3669501631136818,Risk
200,161.68565013181723,38.314349868182774,2,1,4,25,37,1.423982307752178,Delay
344,336.4206701381883,7.579329861811686,12,3,44,8,96,1.1672319922997145,Delay
479,2.399423773952467,476.6005762260475,4,3,48,34,24,1.4520705549860495,Delay
351,137.599998642381,213.400001357619,11,5,18,39,32,0.6424796684860059,Delay
131,127.76437639460025,3.235623605399752,11,1,18,18,92,0.6964572128583643,Delay
335,121.21603693311339,213.7839630668866,13,1,7,19,54,0.8684540907596898,Delay
102,99.12817382925458,2.871826170745422,5,3,50,9,58,0.8864790289389917,Delay
515,434.20949897275335,80.79050102724665,11,1,13,1,28,0.9324890950088077,Delay
510,116.82476411741459,393.1752358825854,10,2,15,36,60,1.4647758776222295,Delay
172,135.59092296114864,36.409077038851365,13,3,12,13,69,0.9107668353695904,Delay
482,114.44382889173636,367.55617110826364,5,2,25,25,57,1.163682907518957,Delay
412,50.400345988897136,361.59965401110287,15,5,41,36,55,0.7222320417233795,Delay
108,87.761867218859,20.238132781141005,14,2,37,1,75,1.1688291479751838,Delay
384,151.29359788197667,232.70640211802333,8,3,43,4,88,1.444620047869667,Delay
531,497.76416661191695,33.23583338808305,6,1,33,20,70,0.6468623899798467,Delay
270,90.18904085639168,179.81095914360833,13,5,2,3,35,1.4704503321408469,Delay
211,12.281861066785089,198.7181389332149,13,5,31,20,32,1.4269534394780958,Delay
65,47.10776227013031,17.89223772986969,12,4,15,4,61,1.4989127269396532,Delay
519,140.31006840973527,378.68993159026473,3,5,42,3,31,0.887582217702235,Delay
298,123.84447701326486,174.15552298673515,5,2,26,37,77,1.0002895511328074,Delay
387,68.26474191644036,318.73525808355964,6,4,50,13,79,0.6758651188141698,Delay
367,231.0428038369103,135.9571961630897,4,3,0,11,94,1.4018062317457436,Delay
468,126.1540926156797,341.8459073843203,5,3,35,2,58,0.5938374801294752,Delay
305,290.6366777161331,14.363322283866921,6,1,48,13,55,1.2204266186569885,Delay
182,176.91734739451078,5.082652605489216,13,4,28,30,92,1.179663278018998,Delay
120,114.97169600702205,5.028303992977953,12,1,45,2,40,1.0281899518101696,Delay
282,110.70594594527888,171.29405405472113,14,1,14,31,28,0.6887459984794745,Delay
503,357.12402923416516,145.87597076583484,4,1,3,21,85,1.1375524997254756,Delay
411,58.42891514623694,352.57108485376307,13,2,43,25,87,0.5007750223603874,Risk
148,58.5473974786492,89.4526025213508,5,4,30,17,66,1.4815078653771585,Delay
170,166.44646895944197,3.5535310405580276,8,5,30,35,89,0.5914319409220761,Delay
372,242.87065094701808,129.12934905298192,5,1,2,32,95,1.3055487057905242,Delay
304,33.231069085084066,270.7689309149159,8,4,0,9,84,0.5024376642561662,Risk
240,114.78767733563058,125.21232266436942,14,3,20,30,52,0.5517857232812946,Delay
373,360.27279919271825,12.727200807281747,2,2,40,33,50,0.859938471068494,Delay
224,114.82349718336293,109.17650281663707,12,5,5,30,44,1.211566270560125,Delay
420,183.8052222269773,236.1947777730227,2,5,25,23,72,1.4388940965571415,Delay
318,137.3074216039392,180.6925783960608,4,5,29,40,86,1.1883220095474067,Delay
129,106.90610447514752,22.093895524852485,4,2,43,16,55,0.6410512872268569,Delay
453,40.45386302597268,412.5461369740273,11,4,21,26,27,0.9428085067713711,Delay
471,216.14191761561898,254.85808238438102,7,5,32,18,79,1.263222413388199,Delay
226,208.01954791307497,17.980452086925027,15,5,31,27,76,0.6472902534651975,Delay
358,200.35656543171754,157.64343456828246,15,5,5,32,63,0.7019963919828288,Delay
247,133.3401841831279,113.65981581687211,10,3,43,37,35,1.3471414428365631,Delay
109,77.50292133977672,31.49707866022328,2,1,30,38,51,0.7310328723616791,Delay
355,131.14484769846126,223.85515230153874,3,3,7,20,78,0.8901382664367447,Delay
319,170.68337109576376,148.31662890423624,3,1,4,29,41,1.1905432349208793,Delay
72,65.29044062168633,6.709559378313671,11,4,18,26,68,0.8394854943395199,Delay
448,122.86506545299147,325.1349345470085,2,4,45,0,84,1.3357840326155186,Delay
356,203.96119888079923,152.03880111920077,6,5,22,11,100,0.7682547939864356,Delay
143,132.747004268106,10.252995731894003,4,3,1,31,38,0.8836040700341878,Delay
231,126.05941997377117,104.94058002622883,2,5,23,0,98,0.6494212840829547,Delay
537,147.92521708168533,389.07478291831467,8,1,27,29,64,0.667587790569512,Delay
56,32.51669131195108,23.483308688048922,6,1,33,5,38,0.5840950309195916,Delay
480,277.0218918784117,202.97810812158832,3,2,18,15,59,1.2641733338837962,Delay
540,2.654216268460221,537.3457837315398,8,4,31,34,85,0.9151715106976188,Delay
183,72.54297977049418,110.45702022950582,15,3,24,13,77,0.6438919586124469,Risk
226,186.93630740941651,39.063692590583486,7,1,33,13,67,0.8771916581213849,Delay
424,236.71933694883506,187.28066305116494,15,2,26,24,72,0.9777117812366546,Delay
487,335.93988590038924,151.06011409961076,8,5,48,37,23,0.9504386745588118,Delay
344,71.51220063835032,272.48779936164965,14,2,43,21,72,0.9607693024849815,Risk
102,16.03409012080163,85.96590987919836,15,5,44,7,56,1.157113859808417,Delay
349,38.055051575999364,310.94494842400064,15,4,44,37,42,0.8407092859452873,Delay
271,68.74971207988101,202.25028792011898,2,1,8,9,69,0.7177070029589318,Delay
119,76.0780446372539,42.921955362746104,4,3,42,37,61,1.1787643485488495,Delay
408,192.5309502199904,215.4690497800096,10,4,33,24,63,1.2868715767684926,Delay
393,357.2043921999869,35.7956078000131,13,1,23,28,64,0.5963118645398355,Delay
80,20.78789420450726,59.21210579549274,12,4,41,14,72,0.5514884176961594,Delay
250,130.05033297935404,119.94966702064596,6,5,11,19,92,0.8733656433436707,Delay
495,224.28641835892847,270.7135816410715,3,2,1,14,32,1.4080960979901525,Delay
388,13.062690218583489,374.9373097814165,9,1,46,27,100,1.148049029025161,Risk
162,127.82800740213905,34.17199259786095,3,2,9,25,75,0.6695756203893963,Delay
188,28.502598256930444,159.49740174306956,6,2,9,0,35,1.2610018030658718,Delay
319,194.82617049513854,124.17382950486146,8,5,27,14,37,1.4627809378193282,Delay
268,22.37287069840612,245.62712930159387,8,1,25,2,33,0.5805520720500705,Delay
247,24.114335221625385,222.8856647783746,3,3,35,2,37,1.4238284384916648,Delay
54,10.374400239380545,43.62559976061945,9,2,45,23,30,1.221837722119834,Delay
36,24.415677571573436,11.584322428426564,9,4,40,10,52,0.71244167898137,Delay
159,58.78584667389389,100.2141533261061,9,2,49,0,68,0.5486808707624652,Delay
95,75.39093341009392,19.609066589906078,4,3,17,11,43,0.530940514976531,Delay
419,239.92074799062894,179.07925200937106,11,1,38,40,22,0.6831816264038713,Delay
90,14.7763282709014,75.2236717290986,8,2,25,4,81,1.3993493137708202,Risk
209,146.81407493955192,62.185925060448085,8,4,7,34,65,0.9053697533211162,Delay
281,59.5164755927923,221.4835244072077,7,3,35,8,40,0.5551475231677948,Delay
422,37.56714145873517,384.4328585412648,9,1,14,16,87,0.7394704000768996,OnTime
49,12.656344081941395,36.3436559180586,6,1,21,6,51,1.418663811909755,Delay
111,46.8346786116546,64.1653213883454,14,4,8,27,56,1.0276960827062027,Delay
499,23.248106065705702,475.7518939342943,15,2,19,9,83,0.8415977179387029,OnTime
439,241.04095319561642,197.95904680438358,13,3,39,27,34,1.447175781611286,Delay
312,60.47232759830946,251.52767240169055,9,2,23,28,56,1.1019024100211854,Delay
500,17.45970444629863,482.54029555370136,9,2,29,33,66,0.5745806912068774,Delay
528,147.8563483367487,380.14365166325126,3,1,45,11,29,1.206148678242656,Delay
422,74.49538128194877,347.50461871805123,14,4,12,22,62,1.481163837657309,Delay
80,53.55250168394066,26.447498316059338,6,5,28,15,25,1.293905052511063,Delay
300,192.33150377379766,107.66849622620234,11,1,43,25,88,1.1449657619804054,Delay
166,98.95063194013399,67.04936805986601,6,3,26,19,25,1.4042415505980035,Delay
492,306.2393713410745,185.7606286589255,11,1,28,17,100,1.0715670696319313,Risk
491,135.11103841426504,355.88896158573493,8,3,24,26,49,0.7128218911811794,Delay
473,413.8383031587281,59.16169684127192,11,4,19,8,70,0.5107683968097302,Delay
244,127.4205876729443,116.5794123270557,13,1,31,13,100,1.4827017588653324,OnTime
249,206.2111900966357,42.788809903364296,14,4,12,32,65,1.217892958861893,Delay
337,297.9026082082508,39.0973917917492,10,2,50,38,69,1.261695343002549,Delay
406,273.7030352665197,132.2969647334803,5,3,38,31,92,0.998368839461466,Delay
460,240.06585550755426,219.93414449244574,9,1,28,24,21,0.673687085511212,Delay
136,112.73238912527214,23.267610874727865,2,2,28,1,68,0.9838105604158146,Delay
80,27.081584601354685,52.918415398645315,5,5,2,37,70,0.8008548580173892,Delay
189,151.37730869496082,37.62269130503918,15,1,19,5,72,1.1178325267768199,Risk
180,17.922429152060673,162.07757084793934,15,4,46,30,45,1.309566713352396,Delay
469,454.87885701944197,14.121142980558034,6,3,26,21,47,1.1240200370545153,Delay
508,488.65766550341385,19.342334496586147,5,5,34,36,33,1.0927417477324963,Delay
461,148.3136048491295,312.6863951508705,3,4,16,5,52,1.1597715129176387,Delay
129,40.2918133783819,88.7081866216181,2,2,12,9,94,0.8341923240419994,Risk
358,267.7378225812122,90.26217741878781,9,2,18,16,26,0.9543316722503546,Delay
419,19.788678101363864,399.21132189863613,12,1,25,29,25,0.5112918749098132,Delay
499,96.52238121107452,402.4776187889255,14,3,21,12,20,1.3177801519690848,Delay
62,42.75183115842434,19.248168841575662,13,1,9,34,82,0.8431143269943637,Risk
362,48.98628284330829,313.0137171566917,14,1,7,0,97,1.4403924083361466,OnTime
76,53.96568658441325,22.03431341558675,10,4,36,5,47,0.6593405876928976,Delay
471,158.57602152338046,312.42397847661954,6,2,0,37,42,1.457489177375689,Delay
287,153.4415921436254,133.5584078563746,8,4,48,1,89,1.4954304699177419,Delay
518,295.0028637029161,222.9971362970839,8,4,11,24,45,0.582242172291082,Delay
532,347.1041525493519,184.8958474506481,14,1,20,29,71,0.7883976140650463,Delay
68,57.01520362184564,10.984796378154357,8,2,8,17,96,1.2883326248641849,Delay
310,299.1148870748621,10.88511292513789,7,4,20,32,51,1.0129424823668902,Delay
38,14.18170994665963,23.81829005334037,9,3,25,17,59,1.0978948128835646,Delay
418,377.7132784421753,40.286721557824706,12,5,25,9,34,0.5687502402322557,Delay
239,68.17900410737204,170.82099589262796,7,2,40,36,27,0.5943463927525459,Delay
214,125.9494038108323,88.0505961891677,5,1,45,19,82,0.8331102752018859,Delay
465,114.67624120841194,350.32375879158803,14,3,3,1,23,0.5815341051511147,Delay
47,13.41366838999862,33.58633161000138,14,5,8,13,25,1.3404718522792174,Delay
287,168.08027069797964,118.91972930202036,5,3,8,40,42,0.5479326184864828,Delay
48,6.597464522681291,41.40253547731871,5,3,5,37,75,0.853507400795765,Delay
539,39.442296458294884,499.5577035417051,7,3,18,20,45,0.767491610681442,Delay
106,78.77476608444329,27.225233915556714,2,5,44,2,41,0.9787048052761483,Delay
293,53.431279138392284,239.56872086160772,2,5,15,1,49,1.3645768073159172,Delay
415,49.310584043055414,365.6894159569446,11,3,15,14,49,0.7955958675689918,Delay
209,35.664053310604245,173.33594668939577,7,2,18,37,84,0.7894217833797322,Delay
129,110.02100921595955,18.978990784040448,8,2,46,22,86,1.1188883152446614,Delay
230,103.1270659549506,126.8729340450494,14,3,8,32,91,1.3840656321704365,Risk
113,82.17200119576268,30.827998804237325,10,2,9,31,96,0.7842885805721691,Risk
537,237.82452369528878,299.1754763047112,2,5,49,22,82,1.176297918931494,Delay
481,90.22952401028019,390.7704759897198,14,1,18,33,40,1.1290887198606712,Delay
74,15.663147723302313,58.336852276697684,11,4,47,11,53,1.2260726599490117,Delay
490,155.96689615665758,334.0331038433424,10,5,23,4,68,0.8764156056687853,Delay
286,110.40563025208253,175.59436974791748,10,5,7,22,53,0.8442062702017546,Delay
300,87.28698761449823,212.71301238550177,10,1,30,24,95,1.318588310165741,Risk
262,48.43635550797815,213.56364449202187,11,2,9,0,28,1.1243281360554773,Delay
122,87.31049369704137,34.689506302958634,9,4,42,2,76,1.4558341238931565,Delay
328,34.44519455620214,293.5548054437979,5,3,14,13,73,1.1753352063389957,Delay
465,345.8943459295952,119.1056540704048,10,5,43,19,42,1.0068703915825425,Delay
482,383.03300145775654,98.96699854224346,10,5,23,21,59,1.0259160336157198,Delay
504,158.60679159659938,345.39320840340065,6,4,12,25,85,1.1731951832411336,Delay
513,472.88200549906793,40.11799450093207,6,3,1,3,27,0.8800527188368787,Delay
383,258.40784868911857,124.59215131088143,15,5,0,25,28,1.1925614109022795,Delay
83,40.24278916836254,42.75721083163746,9,2,44,18,53,1.1563634050362703,Delay
360,283.3649894364196,76.63501056358041,9,4,50,32,74,1.3398311462088182,Delay
138,108.03603188729065,29.963968112709352,11,3,11,0,75,0.6613919212059941,Delay
158,131.27459817050556,26.725401829494444,3,1,7,23,57,0.7006088480124057,Delay
270,174.18279609521858,95.81720390478142,8,2,16,31,88,1.188807563037035,Delay
232,71.83643403390505,160.16356596609495,3,4,41,25,44,1.2352454277947726,Delay
479,153.91568949592028,325.0843105040797,6,4,32,1,56,1.2234556036843391,Delay
520,282.8928870212197,237.10711297878032,7,1,13,27,55,0.6962819001037207,Delay
475,182.53453065450984,292.4654693454902,13,4,50,13,55,0.994669101908166,Delay
65,8.761098293335284,56.23890170666472,9,4,16,30,41,0.7351808214476692,Delay
540,419.4034704523046,120.59652954769541,12,4,49,11,90,0.7375325424873803,Delay
470,251.41179167311242,218.58820832688758,8,3,15,36,83,0.7657964745678505,Delay
184,105.86403442101007,78.13596557898993,11,5,15,3,81,1.0739257839645997,Delay
539,519.1584729250461,19.841527074953888,15,3,26,2,25,1.2460267410959773,Delay
186,147.8636826130039,38.1363173869961,15,3,27,4,76,1.284608215640732,Delay
215,146.08101198009592,68.91898801990408,3,1,49,38,30,0.7070478574707898,Delay
60,6.332161796119484,53.667838203880514,4,1,25,29,74,0.9748550997064042,Delay
213,125.11154602986582,87.88845397013418,9,2,39,11,21,0.5302207714599126,Delay
96,88.65761348262188,7.342386517378117,3,4,9,7,42,0.6868955712131292,Delay
125,95.77280181524698,29.22719818475302,7,2,16,24,55,0.5430002877566413,Delay
204,2.090578842049085,201.9094211579509,7,5,16,25,50,1.0022960038515298,Delay
37,30.925501723961922,6.074498276038078,14,4,32,31,77,0.7610971298485975,Delay
230,178.19442322074258,51.80557677925742,11,1,8,32,47,0.9305953887494041,Delay
243,221.3098976397473,21.690102360252695,15,3,46,7,78,0.7389863799560644,Delay
402,129.6873209345522,272.3126790654478,11,4,33,11,35,0.7025773916513205,Delay
419,339.4505369938273,79.54946300617269,6,5,8,14,48,0.6960451663748056,Delay
295,248.63322329298063,46.36677670701937,13,4,30,29,21,0.6677563644421367,Delay
509,483.0265024995339,25.973497500466124,3,3,7,28,22,0.5538134042243525,Delay
355,6.202784890192788,348.7972151098072,11,4,11,26,57,1.4257902908739035,Delay
264,163.1045966803978,100.8954033196022,4,3,28,13,37,0.9173714922832218,Delay
416,62.345538641161696,353.6544613588383,5,3,1,23,62,1.2059101982268312,Delay
480,99.6905623704717,380.3094376295283,8,3,39,0,79,1.1186016898839246,Delay
189,178.08560515752373,10.91439484247627,12,2,12,36,33,1.3216424370855282,Delay
275,218.31980239710634,56.68019760289366,14,4,29,28,89,1.0200461484061492,Delay
499,113.10335996975262,385.8966400302474,13,1,14,38,100,1.352306166796682,OnTime
147,40.10380702301475,106.89619297698525,8,3,50,3,57,0.7160425444421178,Delay
226,154.75180261820182,71.24819738179818,10,2,15,22,28,1.1995289002731986,Delay
514,388.7302570667551,125.26974293324491,14,2,27,16,69,1.298340356985035,Delay
378,210.91715398502586,167.08284601497414,14,5,47,17,98,0.560337856262973,Delay
242,236.12676614427758,5.873233855722418,13,5,10,2,95,1.3623148763313542,Delay
68,67.33938638599412,0.6606136140058823,14,1,26,1,53,0.5281989208738783,Delay
314,24.761258590195748,289.2387414098043,13,5,3,9,73,1.0116237305656473,Risk
271,84.40537217064805,186.59462782935196,2,1,27,32,43,0.8285104833389143,Delay
287,22.239445850177265,264.7605541498227,13,4,45,37,39,1.1373131108203283,Delay
258,103.7618283603197,154.2381716396803,7,5,12,40,65,0.5431461833629913,Delay
286,40.59743662277514,245.40256337722485,4,1,34,6,42,0.832940272446855,Delay
410,329.42741586449824,80.57258413550176,6,5,13,33,35,1.0341382799103294,Delay
48,16.683429024062903,31.316570975937097,6,5,5,11,38,0.615460451066761,Delay
120,97.3391605639158,22.660839436084203,3,3,37,35,26,1.3825488394096936,Delay
314,10.741031216377598,303.2589687836224,7,1,16,21,83,1.2955632109176798,Risk
89,5.203485979013006,83.79651402098699,2,2,31,40,96,1.2295466149635694,Delay
465,372.5330724844657,92.46692751553428,8,2,44,23,88,1.0327118302129434,Delay
134,98.30927148910635,35.69072851089365,13,4,50,1,61,1.116700333152734,Delay
173,26.377947610964416,146.6220523890356,6,4,18,12,30,1.4884336296438043,Delay
377,279.87756885636577,97.12243114363423,11,3,21,38,59,1.0532968857396967,Delay
391,105.54645499385836,285.45354500614167,15,1,36,4,91,1.2886884882341154,OnTime
227,110.37683820887649,116.62316179112351,7,5,46,2,43,0.6122644683389054,Delay
244,6.531230436441309,237.46876956355868,4,3,17,10,47,1.3949333301264637,Delay
525,437.9532372228218,87.04676277717817,9,4,44,1,28,0.6709893056002364,Delay
72,0.9454623170340914,71.05453768296591,3,3,33,17,50,0.6003800207990663,Delay
336,244.72955844427545,91.27044155572455,14,2,3,24,70,1.1168500770236687,Delay
123,6.333218402293572,116.66678159770643,7,2,47,28,70,0.707983957108698,Delay
195,35.51709825531667,159.48290174468332,9,3,5,19,40,0.5197112800810301,Delay
164,54.35351229036947,109.64648770963052,2,1,17,16,69,0.7639343443257481,Delay
91,28.070388715197126,62.929611284802874,6,5,23,19,92,1.2198920436697156,Delay
529,168.61623178796864,360.3837682120313,7,1,39,28,39,1.364468648950664,Delay
54,42.58563968449736,11.414360315502641,5,2,13,2,54,1.3735908232473095,Delay
123,25.081877202138852,97.91812279786114,11,2,17,38,96,0.6576791520587028,Risk
105,36.34571622230048,68.65428377769952,14,4,31,11,72,0.811900484514922,Delay
366,183.47929389544842,182.52070610455158,15,5,29,35,100,1.1578306755210916,Delay
428,358.54673792608696,69.45326207391304,13,3,2,0,40,0.9408075465265032,Delay
509,476.6003175248255,32.39968247517447,6,2,12,14,63,0.7644682313773782,Delay
435,389.5571092888152,45.442890711184816,11,2,11,24,41,0.7757213793307867,Delay
150,148.2714975301382,1.7285024698618088,4,2,41,11,99,0.9805147063140851,Delay
402,129.01812784770632,272.9818721522937,6,5,19,11,35,0.7774228664123725,Delay
142,67.69025683811262,74.30974316188738,6,1,41,7,91,1.2173076118478545,Risk
119,2.7666059816346737,116.23339401836533,14,4,38,19,69,0.6660216138450484,Delay
501,49.96277339652855,451.0372266034715,7,3,41,4,44,0.9427175736747259,Delay
75,10.410991653018861,64.58900834698113,4,3,4,40,33,0.5239479567101936,Delay
478,76.17797729387972,401.82202270612026,15,5,13,33,20,0.8151158836231579,Delay
37,9.831198916443078,27.16880108355692,8,5,29,7,21,1.3610078953958837,Delay
161,148.94243749058856,12.05756250941144,15,1,34,14,54,0.6298072176093442,Delay
252,229.98568885067914,22.01431114932086,14,2,35,9,37,0.6798032881974666,Delay
384,33.033329915084934,350.96667008491505,13,3,44,39,21,1.3210705227484343,Delay
132,41.25244456049561,90.7475554395044,3,5,2,22,81,1.396076335924812,Delay
64,9.932905849171938,54.06709415082806,11,1,34,3,62,0.6034785575494261,Risk
425,334.6658677356116,90.33413226438842,4,5,8,22,64,0.5029407528603126,Delay
238,103.3672152029303,134.6327847970697,8,4,31,27,93,0.711384106252591,Delay
500,408.9678749278594,91.03212507214062,8,4,16,32,44,0.756118829683977,Delay
291,210.9658615828553,80.0341384171447,7,2,35,34,20,0.8101511393936283,Delay
201,58.54254159459545,142.45745840540457,3,1,2,26,72,0.8673648620814985,Delay
244,64.49908536821732,179.50091463178268,10,2,34,10,90,0.7908579034735314,Risk
460,242.98629035865667,217.01370964134333,14,4,25,7,35,0.9400389133727168,Delay
301,242.08479655525218,58.91520344474782,8,5,42,33,41,0.750775524349073,Delay
164,57.84958713589067,106.15041286410933,7,4,47,21,52,1.085456059579223,Delay
119,48.40471526953769,70.59528473046231,8,5,11,22,82,0.843920563019975,Delay
252,71.63781612516196,180.36218387483802,8,2,8,29,20,0.5739354926106863,Delay
463,243.31133038397996,219.68866961602004,15,3,37,27,43,0.8463995769621064,Delay
259,98.52334811593646,160.47665188406353,15,2,13,12,39,0.7708415577617515,Delay
322,140.87557319992771,181.12442680007229,8,3,40,2,40,1.2043586135805082,Delay
220,178.92768482619005,41.072315173809955,9,3,13,29,71,1.2056020674084589,Delay
339,262.47042343353536,76.52957656646464,15,2,31,3,83,0.7432838216970954,Risk
419,188.118475152975,230.881524847025,12,5,3,19,73,0.5520532857867084,Delay
115,74.62436795184615,40.37563204815385,5,4,34,14,58,1.0888696393331165,Delay
227,57.17011036466338,169.82988963533663,14,1,37,21,80,0.9577317214155548,Risk
435,336.5671223277227,98.4328776722773,5,5,14,15,52,1.1102266023801106,Delay
73,25.159447692706863,47.84055230729314,2,5,12,9,27,0.6986061706124138,Delay
364,220.80056143903482,143.19943856096518,13,1,49,26,62,0.605119988097132,Delay
254,78.06361038706761,175.93638961293237,5,2,37,7,52,0.9814660903941814,Delay
88,37.767549923460216,50.232450076539784,2,4,46,1,63,0.8725588125595994,Delay
300,219.90130889310242,80.09869110689758,2,4,10,15,60,0.5404288985953113,Delay
479,408.5068928531178,70.49310714688221,11,3,17,21,27,1.1029492289969107,Delay
301,293.37406853438546,7.625931465614542,6,1,1,21,26,1.1054296230083538,Delay
331,109.84345027364587,221.15654972635411,8,3,6,26,25,1.4144558909062637,Delay
283,180.2779014726692,102.72209852733079,9,2,27,25,72,0.7916002495585295,Delay
174,97.66820976898063,76.33179023101937,6,4,50,24,77,1.0210693344088326,Delay
347,91.01366808395764,255.98633191604236,4,1,13,0,62,1.1483563797438339,Delay
409,322.5842044394892,86.41579556051079,5,1,41,39,89,1.400002732445298,Delay
38,13.438280869284084,24.561719130715915,7,2,40,36,39,1.1081676830322025,Delay
267,58.7463638064625,208.2536361935375,10,4,45,16,27,0.6836956096036851,Delay
359,228.34994548990002,130.65005451009998,3,1,12,29,50,1.0902322636712825,Delay
445,232.7891859933505,212.2108140066495,5,2,21,6,43,1.3089319492368199,Delay
445,73.7002692129045,371.2997307870955,2,4,13,13,69,1.0819012435252375,Delay
52,8.792341243452707,43.20765875654729,10,3,9,25,78,1.4602335705635419,Risk
455,60.36583549480821,394.6341645051918,14,1,33,20,95,1.1221318327913974,OnTime
216,29.567009388012103,186.4329906119879,15,5,10,31,83,1.2223712759649312,Risk
333,264.5114003327706,68.48859966722938,4,1,6,19,45,0.9942306343375942,Delay
178,56.255823829089884,121.74417617091012,5,5,2,29,87,0.5315896753206425,Delay
363,224.43586346368414,138.56413653631586,7,2,12,15,59,1.1880198634010368,Delay
283,235.18775929358944,47.81224070641056,15,4,24,16,37,0.5876319207676045,Delay
149,76.81738897395084,72.18261102604916,5,3,29,37,98,1.3766447569674374,Delay
512,272.8942557228467,239.1057442771533,11,3,6,9,86,0.6143452282829994,Risk
95,61.95657175853137,33.04342824146863,2,1,48,23,84,1.111854697884369,Delay
405,276.9099738474169,128.0900261525831,12,1,26,0,23,1.3774388458263724,Delay
524,396.28305836651697,127.71694163348303,4,3,45,38,59,1.2678848802473306,Delay
60,32.26766995703419,27.732330042965813,15,4,49,33,54,1.1783865036600703,Delay
357,25.4747191784539,331.5252808215461,12,3,37,39,73,1.4311816704910487,Delay
396,123.94970118053665,272.05029881946336,6,2,34,18,54,0.8860113743557675,Delay
40,10.882219497492041,29.11778050250796,7,1,3,32,20,1.0968787217573275,Delay
461,61.89598580316424,399.10401419683575,6,4,21,24,100,0.5699738294260532,Risk
490,227.10514302311233,262.8948569768877,2,4,47,32,69,1.1361000404680237,Delay
301,53.307548160544954,247.69245183945503,5,2,28,0,31,1.1213045776438955,Delay
66,5.856819437305592,60.14318056269441,8,4,36,22,93,1.2470331436361537,Delay
63,8.377810724237321,54.62218927576268,4,1,5,28,27,1.3184603917814073,Delay
272,247.80356908450133,24.196430915498667,4,2,26,21,92,1.179103291576011,Delay
43,3.0051939395733154,39.99480606042668,9,5,0,2,78,0.9407254538923292,Risk
68,59.67721860628598,8.322781393714017,11,3,32,18,80,1.4214907128838747,Delay
478,28.592682790624057,449.40731720937595,2,3,36,10,36,0.6283264724048615,Delay
72,59.65078956370313,12.349210436296872,4,1,5,11,94,1.453613258708606,Delay
287,52.73496381480235,234.26503618519766,14,1,49,3,34,0.5663931204029163,Delay
182,180.59396043430152,1.406039565698478,5,2,3,37,67,1.1570958139731333,Delay
499,81.29753417958854,417.7024658204115,10,4,48,25,81,0.5420181606616876,Delay
444,47.78905622305242,396.2109437769476,3,3,21,6,97,1.0588165491132346,Risk
145,54.457764898131266,90.54223510186873,11,4,48,40,44,1.405809427571149,Delay
519,7.64945908751574,511.35054091248423,7,4,37,34,40,0.6320048192466867,Delay
420,171.18038646627417,248.81961353372583,2,4,10,3,60,1.4887759057239829,Delay
475,110.63046746164133,364.36953253835867,8,2,45,16,41,1.3730751761695625,Delay
104,13.263792848756609,90.73620715124339,13,3,35,32,48,1.355572724139272,Delay
535,117.64226720201866,417.3577327979813,8,4,14,1,97,1.0974928351319222,Risk
390,152.66577138474702,237.33422861525298,13,4,33,23,37,0.9952657817264691,Delay
173,149.20779668259092,23.792203317409076,14,2,9,38,24,1.002289359008242,Delay
328,322.9165148354261,5.083485164573915,2,2,13,29,59,0.8022366547184155,Delay
529,456.9635910940303,72.03640890596972,12,3,28,14,47,0.9368194561322547,Delay
422,343.41795887398735,78.58204112601265,3,1,37,8,71,0.9686945783848603,Delay
166,26.777362301398558,139.22263769860143,13,4,20,27,25,1.4057808440622237,Delay
392,106.29056040069376,285.7094395993062,15,4,46,12,85,1.4829474351599616,Risk
182,12.356308495371506,169.6436915046285,15,2,44,33,61,1.294722468697933,Delay
525,220.242111583568,304.757888416432,15,2,4,6,75,0.5331824525689508,Risk
124,21.49098061839623,102.50901938160376,9,5,49,11,69,0.5868429625955214,Delay
232,40.9210700878307,191.07892991216931,15,4,1,33,98,0.5419715162516333,Risk
31,25.945183586434606,5.054816413565394,10,2,4,7,80,0.8063813442668437,Delay
515,311.0614790786947,203.93852092130533,4,2,37,36,60,1.3957025873543485,Delay
399,350.18573742233133,48.81426257766867,5,4,10,17,58,0.6933038566885612,Delay
118,75.2963654359205,42.70363456407949,4,1,24,36,95,1.2829246944380006,Delay
536,110.70977205942874,425.29022794057124,2,4,4,28,30,0.657802944113626,Delay
469,145.5846024790536,323.4153975209464,4,5,50,12,49,0.785300414996652,Delay
54,27.873495517127658,26.126504482872342,4,3,11,4,33,1.052187087033971,Delay
500,215.67103908211155,284.3289609178885,5,3,11,3,41,0.9116072068442453,Delay
374,62.213527334471614,311.7864726655284,4,3,19,19,49,1.4395137068784125,Delay
401,332.65423327402624,68.34576672597376,6,2,11,32,72,0.5057676656693425,Delay
196,169.1018761762273,26.898123823772693,15,5,31,21,47,0.9624538436166444,Delay
540,407.0014042453847,132.99859575461528,10,2,30,29,82,0.6140576233800463,Delay
73,17.116185737716595,55.88381426228341,2,3,15,37,23,1.1694177882679386,Delay
335,121.53974469400079,213.46025530599923,6,1,43,36,72,0.5046626908703624,Delay
312,289.6940441079021,22.305955892097927,7,5,13,10,32,1.1486087119907404,Delay
126,47.282531119431724,78.71746888056828,2,1,34,29,99,1.0662640851770133,Delay
512,222.46324388895732,289.5367561110427,8,5,24,39,69,1.342149411406278,Delay
240,97.02873480780855,142.97126519219145,9,4,31,27,73,1.0324752541019886,Delay
464,220.4578040768576,243.5421959231424,2,3,12,28,71,0.517680544162951,Delay
63,5.409290432912887,57.59070956708711,4,4,40,3,65,0.6916136482822843,Delay
188,41.261769151891464,146.73823084810854,13,1,19,32,37,0.9451289064862725,Delay
202,77.59105763817993,124.40894236182007,2,3,13,34,42,0.9321778214514391,Delay
226,217.30306357010235,8.696936429897647,12,2,20,1,61,0.6389655639736065,Delay
150,142.77646550049806,7.2235344995019375,12,4,24,32,46,0.5872511034387061,Delay
468,350.45517891118254,117.54482108881746,5,1,49,7,80,1.455941621614862,Delay
120,37.73279993621122,82.26720006378878,11,4,47,14,21,0.5119757541034924,Delay
344,177.4044136885216,166.5955863114784,3,3,9,19,20,0.9024895851202654,Delay
40,19.66776505893185,20.33223494106815,12,4,4,10,61,0.999334053716247,Delay
36,4.126617305714634,31.873382694285368,13,1,10,11,41,1.358904330729982,Delay
214,173.67370453089865,40.32629546910135,12,4,22,1,43,0.7992379537419406,Delay
489,281.45919468791527,207.54080531208473,6,4,31,34,93,0.6944703750362794,Delay
262,92.1049121990878,169.8950878009122,2,1,48,7,73,1.0931041330646791,Delay
345,137.41842353584988,207.58157646415012,7,4,24,4,83,1.4139480016194028,Delay
531,153.2901971913288,377.7098028086712,7,5,31,1,29,0.927770180282402,Delay
294,145.9891285418778,148.0108714581222,7,4,22,9,36,1.3441137149428826,Delay
341,251.61799804432837,89.38200195567163,12,3,25,15,50,0.8194520354789225,Delay
228,9.914139813916886,218.08586018608312,5,3,18,30,93,0.6653535600412132,Risk
212,91.60573979837702,120.39426020162298,5,4,19,13,82,1.165816903663767,Delay
38,5.55655750252186,32.44344249747814,15,5,23,29,51,1.498404205664177,Delay
200,19.515384313878425,180.48461568612157,5,3,44,29,55,1.316505049314967,Delay
32,10.088406308143668,21.911593691856332,6,4,5,30,98,0.7568090990861338,Delay
400,15.036220849025916,384.96377915097406,3,2,14,23,46,1.0441116746422776,Delay
176,145.49215951230426,30.507840487695745,11,5,22,17,97,1.3519465047440629,Delay
495,430.696468667722,64.303531332278,11,3,31,8,43,0.5966223047452829,Delay
317,154.33300566394985,162.66699433605015,2,5,17,36,80,0.9459299246412642,Delay
320,170.6100821522037,149.3899178477963,15,2,14,20,57,1.0725786278027254,Delay
402,150.4995684267342,251.5004315732658,12,1,9,24,90,1.3139020201833025,Risk
59,49.08240982683755,9.917590173162452,7,1,27,24,46,1.1897248493195978,Delay
122,77.32347638996968,44.676523610030316,7,5,10,7,93,0.5256318323032064,Delay
253,185.2472999307147,67.75270006928531,5,2,22,33,99,0.9975638839849894,Delay
536,342.81101548839496,193.18898451160504,14,3,18,20,55,1.407714597540885,Delay
295,75.27499980411105,219.72500019588895,2,5,15,33,35,1.41303746060403,Delay
294,209.067495232952,84.93250476704799,5,4,4,16,73,0.9025157975909565,Delay
101,72.6538257823456,28.346174217654394,10,4,43,17,84,1.20019088877861,Delay
223,185.07527736095832,37.924722639041676,12,5,46,23,85,1.4352711316915991,Delay
41,20.797639878091264,20.202360121908736,14,1,23,33,31,0.9064226106924111,Delay
492,23.911640169806386,468.0883598301936,10,4,30,34,57,0.5833417965877892,Delay
371,332.82412711335405,38.17587288664595,14,1,28,21,34,1.1520555193079516,Delay
516,169.87817085410052,346.1218291458995,15,5,46,4,82,0.5535952712229076,Delay
44,13.519787721432499,30.4802122785675,3,2,26,25,98,0.9635260697346492,Delay
186,103.54031380252583,82.45968619747417,12,5,23,34,73,1.1092957531803194,Delay
537,154.47945982487673,382.5205401751233,9,5,7,23,88,1.1844020606211356,Delay
423,161.2671280805491,261.7328719194509,3,1,19,15,56,1.131448299853457,Delay
143,54.95592307779522,88.04407692220478,7,2,50,36,83,0.5198657186975214,Delay
467,160.16281234643347,306.8371876535665,8,3,19,40,63,1.4668573523508353,Delay
165,60.47061543363701,104.52938456636299,4,5,9,8,47,1.1901739674395055,Delay
321,150.81357494303913,170.18642505696087,2,4,4,38,26,1.2820790553535883,Delay
366,108.99539604414126,257.0046039558587,8,3,41,27,21,1.2823859489707417,Delay
200,125.80550399435072,74.19449600564928,5,2,0,13,75,1.2838058796346297,Delay
289,44.893393151076836,244.10660684892315,8,2,47,4,50,0.5462954315954904,Delay
529,398.4036816695864,130.59631833041362,7,5,9,29,77,0.8971866062065388,Delay
422,419.19313084014357,2.806869159856433,7,2,10,6,33,0.5495684094337353,Delay
142,2.0754951225966276,139.92450487740336,8,1,40,3,91,1.4068195713700682,OnTime
247,146.97318230109965,100.02681769890035,12,5,4,31,27,1.4182968794437136,Delay
410,288.9593406741083,121.04065932589168,3,2,44,22,82,0.5437197676735203,Delay
126,40.85815982414328,85.14184017585671,14,1,12,14,67,1.4868645358543624,Risk
380,154.18374344656382,225.81625655343618,14,3,0,34,37,0.8993547590312074,Delay
180,80.57911724431504,99.42088275568496,11,5,19,33,93,0.6422446892253354,Delay
481,332.52581202993076,148.47418797006924,12,1,26,40,99,1.2689316591476865,Risk
361,269.82775966469,91.17224033531,4,4,3,18,35,0.775240810983249,Delay
264,15.059257355570828,248.94074264442918,4,1,14,38,74,0.6251053644198927,Delay
300,58.9585732108532,241.04142678914678,8,5,4,29,84,0.9527296078076047,Delay
306,153.72879169970847,152.27120830029153,13,5,18,1,66,1.1913000702249206,Delay
75,50.747073192148825,24.252926807851175,15,3,18,34,34,0.8728311424794302,Delay
539,130.74352992059082,408.25647007940916,5,3,15,33,62,1.4249489888255011,Delay
58,52.099271625111456,5.900728374888544,8,1,4,33,95,0.5047803895303216,Delay
465,395.5396149369432,69.46038506305678,10,2,38,29,35,0.7130341402590237,Delay
451,172.49409100243432,278.5059089975657,14,1,50,9,33,1.16570667849707,Delay
409,211.4214074340863,197.5785925659137,4,3,8,29,89,0.7498909301318721,Delay
526,361.17816754708764,164.82183245291236,3,1,44,26,29,0.742680692514405,Delay
71,1.3137238925006827,69.68627610749931,12,2,17,37,58,1.053804474582312,Delay
185,6.667867388216302,178.3321326117837,3,5,12,9,77,0.9376914927882362,Delay
239,178.26819209250644,60.73180790749356,6,1,5,39,76,1.1066234661571024,Delay
247,36.191023153810825,210.80897684618918,13,5,6,22,92,0.7918605537443236,Risk
263,80.19174175190993,182.80825824809006,5,2,29,34,100,0.5458160309909842,Delay
85,65.85150133215602,19.14849866784398,11,2,16,5,45,0.9161079116681266,Delay
267,124.0687395232242,142.9312604767758,14,4,14,16,67,0.8279912210829926,Delay
438,287.20816185571397,150.79183814428603,15,2,11,21,39,0.8837139847168897,Delay
329,192.35936361876236,136.64063638123764,15,1,30,30,74,0.6588563750222278,Delay
49,38.50824064988498,10.491759350115018,10,4,30,6,35,0.62583805931216,Delay
440,256.76749376896544,183.23250623103456,15,1,32,6,32,1.3294809018853662,Delay
502,140.38558403446245,361.61441596553755,4,4,38,20,23,0.7577171185091722,Delay
76,20.595146980509902,55.4048530194901,14,1,33,27,47,1.3001893115102625,Delay
372,133.72378057314043,238.27621942685957,9,4,31,2,98,1.2046799905618335,Risk
297,245.99888809393835,51.00111190606165,7,2,45,9,28,0.6810427161737984,Delay
183,69.87864655208017,113.12135344791983,14,1,12,30,30,0.786106084884307,Delay
196,81.89597100941022,114.10402899058978,5,1,42,38,32,1.3301837679271484,Delay
315,132.88244711897087,182.11755288102913,8,5,23,38,43,1.159042907731029,Delay
52,12.838562092392717,39.16143790760728,3,4,35,4,79,0.5337995760339374,Delay
510,257.94834370977946,252.05165629022054,13,3,10,12,63,1.1104313578406895,Delay
324,29.536402980219286,294.4635970197807,15,2,20,35,63,1.4321573801268181,Risk
353,235.69399860110335,117.30600139889665,12,2,28,21,98,0.9234194882537071,Risk
161,77.24810158214268,83.75189841785732,5,5,6,2,53,0.7086396761748367,Delay
123,96.35964339838081,26.64035660161919,2,4,4,38,80,1.3340729786080483,Delay
177,64.04506472903888,112.95493527096112,7,1,0,11,74,0.8076894160095356,Risk
98,42.125277355528006,55.874722644471994,2,4,15,7,72,0.7461641920078859,Delay
389,155.6889774289494,233.3110225710506,15,1,0,16,69,0.5711584598840405,Risk
155,56.419113465987344,98.58088653401265,6,1,5,25,62,1.4853979209419852,Delay
103,38.19458426122397,64.80541573877602,14,2,7,19,48,1.196741494841389,Delay
301,22.58573419803746,278.41426580196253,15,5,2,24,100,1.1166449436021515,OnTime
259,159.03970753508858,99.96029246491142,5,2,1,3,66,1.0621579053904173,Delay
61,10.695305946215145,50.30469405378486,15,5,13,20,80,1.4918788857890313,Risk
397,69.1507850167855,327.8492149832145,12,3,23,5,48,1.4237454164864831,Delay
98,75.80822967897684,22.191770321023156,7,4,30,8,91,0.7153262658857314,Delay
192,134.36289497003943,57.637105029960566,7,4,38,10,28,0.823052279674521,Delay
208,170.68464930770438,37.315350692295624,9,3,45,13,28,1.3451236917466307,Delay
294,62.30008167703325,231.69991832296677,11,3,3,13,86,0.7457598437762392,Risk
300,210.21154383286387,89.78845616713613,11,5,45,19,21,1.3350968497113795,Delay
251,229.06641250635832,21.93358749364168,8,4,45,3,87,0.7057749006262998,Delay
188,1.9910641985744286,186.00893580142557,6,4,12,20,50,1.2972961952239193,Delay
423,218.34297278905234,204.65702721094766,11,5,30,27,97,0.9120620302375664,Delay
533,90.11580246643969,442.8841975335603,9,3,22,21,96,0.8879120029094926,Risk
195,116.58572228899052,78.41427771100948,14,5,28,6,74,1.4698440331379872,Delay
297,84.95581358817823,212.04418641182178,12,5,38,28,78,0.8516347073487761,Delay
308,69.86297268227126,238.13702731772872,6,3,41,6,68,0.8880388497969477,Delay
282,22.35109024543396,259.64890975456603,13,2,38,6,42,1.2185631601109703,Delay
481,248.61564482957468,232.38435517042532,2,4,45,36,100,0.9427164630562278,Delay
103,80.86579228386975,22.13420771613025,3,2,35,23,79,0.8705079711964459,Delay
507,268.8790349043479,238.12096509565208,2,5,40,34,100,1.4518156028068643,Delay
314,266.6628735504747,47.33712644952527,7,1,46,35,28,0.8613461235563026,Delay
145,97.4766972968269,47.5233027031731,11,1,2,2,32,0.8994244014513548,Delay
85,59.50237915820424,25.497620841795758,8,3,16,7,74,1.0948006820798803,Delay
176,140.5371343045359,35.4628656954641,14,4,19,37,87,1.31488613169456,Delay
347,150.47495849326776,196.52504150673224,3,5,27,27,89,0.809082633770623,Delay
242,185.79005842260955,56.20994157739045,8,5,2,4,44,1.105953315023531,Delay
383,346.92185649294674,36.078143507053255,12,4,31,5,51,1.0599096590907218,Delay
189,80.78851342349935,108.21148657650065,12,1,36,29,83,0.6581486294415653,Risk
215,125.63515565499056,89.36484434500944,11,3,25,2,77,1.1055417948713653,Delay
216,210.489486412373,5.510513587627003,8,4,19,1,52,1.133355507500072,Delay
181,70.38190736394101,110.61809263605899,13,4,5,38,78,0.9585568675896999,Delay
512,446.5483677611871,65.45163223881292,14,4,35,14,45,1.3008471802796304,Delay
415,224.6127236076648,190.3872763923352,8,2,47,4,58,1.0045811686343877,Delay
288,12.992591923264769,275.00740807673526,11,1,10,16,22,0.7121164854484281,Delay
144,26.450505448912672,117.54949455108732,2,5,1,37,62,1.072005741293871,Delay
464,208.4761379610274,255.5238620389726,8,5,16,35,89,1.0852166714236917,Delay
169,71.57695893178455,97.42304106821545,5,3,3,20,95,1.3824530814920708,Delay
383,52.08975890649184,330.91024109350815,12,3,26,29,84,1.443371130601844,Risk
71,70.89944644497238,0.10055355502761643,6,4,48,8,76,0.6146167098493293,Delay
475,133.50604178589504,341.49395821410496,11,1,44,6,69,1.3198459761577945,Risk
278,270.237968438823,7.762031561177025,3,2,28,16,32,0.5315484323172311,Delay
351,309.07789762718124,41.922102372818756,6,3,1,35,72,0.5438150758994265,Delay
77,26.81456475330065,50.18543524669935,7,4,47,8,77,1.192459468544061,Delay
481,183.00935138234135,297.9906486176586,14,4,3,33,21,0.9787075887021305,Delay
498,46.79819668345329,451.2018033165467,9,1,26,16,64,1.13516857990441,Risk
459,284.05019842851425,174.94980157148575,3,1,9,18,56,1.428526528447671,Delay
345,25.768026734648036,319.23197326535194,3,3,6,10,47,0.7686168019387501,Delay
345,9.866858058824137,335.13314194117584,5,4,41,27,46,0.7901661540204683,Delay
264,27.308012787976114,236.6919872120239,9,5,48,9,24,1.1322681963648273,Delay
373,80.09574471763631,292.9042552823637,6,4,36,31,62,1.3408146603040438,Delay
105,40.85888288909936,64.14111711090064,5,1,1,25,33,1.2417005332819082,Delay
293,267.64193172415867,25.358068275841333,4,2,2,21,52,0.8478247387950687,Delay
139,107.23479927643612,31.76520072356388,14,5,47,29,81,0.7841359037533299,Delay
107,45.69296687201483,61.30703312798517,15,4,29,18,92,1.472092496233694,Risk
37,20.895196387403686,16.104803612596314,10,5,42,39,22,1.372156336617939,Delay
140,130.20881729060235,9.791182709397646,15,5,1,15,79,0.5299379433444265,Delay
383,51.15444928217022,331.8455507178298,6,1,23,36,40,0.7771893922672845,Delay
38,37.55242386658088,0.44757613341911906,7,4,43,5,27,1.2427405744438427,Delay
169,60.526155470285225,108.47384452971477,12,2,34,40,65,1.3595666909618367,Delay
493,0.644413758148086,492.35558624185194,9,5,44,27,100,1.129612305464574,Delay
281,180.79711413789923,100.20288586210077,7,3,21,8,38,0.6834738587957279,Delay
32,17.975982147917726,14.024017852082274,11,1,47,9,73,1.4551446231054945,Delay
536,41.415536932374366,494.5844630676256,13,5,49,10,86,0.6547399263541144,Risk
401,345.6205675336051,55.37943246639492,9,3,2,39,73,0.7496198072314969,Delay
145,11.013537280934157,133.98646271906586,4,5,0,19,81,1.3493050209719288,Delay
373,218.91310254696506,154.08689745303494,9,4,28,23,58,0.5449342942577721,Delay
230,140.99991954701812,89.00008045298188,11,4,3,7,35,0.5435744408746788,Delay
190,141.26694626443918,48.733053735560816,8,1,20,12,81,0.5421341971378216,Delay
373,345.9754939001163,27.024506099883695,12,4,3,36,38,0.9346207487142678,Delay
381,267.1819622881998,113.81803771180017,6,5,15,25,73,0.6828719966856063,Delay
376,232.22290081127562,143.77709918872438,3,4,16,30,43,1.2136262393767425,Delay
123,6.627450077619358,116.37254992238064,5,1,6,1,89,0.5419071405554715,OnTime
221,78.11463368752794,142.88536631247206,14,4,40,13,56,1.0197032538208595,Delay
491,461.59165103537305,29.408348964626953,4,2,27,33,74,0.6698551348788581,Delay
469,304.5651626427054,164.4348373572946,5,2,38,33,59,1.0804705126440795,Delay
509,66.31115143205518,442.68884856794483,7,4,46,19,57,0.7009631738642448,Delay
276,133.62740923462317,142.37259076537683,5,4,41,10,96,0.5309320960091337,Delay
109,73.87746684987252,35.12253315012748,15,4,9,6,95,0.8495256949614955,Risk
145,119.6941556456828,25.305844354317202,5,3,22,12,29,0.7434489066781865,Delay
333,77.55141937305238,255.4485806269476,13,4,22,31,47,0.7147887274522057,Delay
368,114.60812304275639,253.3918769572436,8,4,1,7,62,1.2349209005213149,Delay
210,22.38514494617851,187.6148550538215,13,1,10,24,55,0.7816668699457378,Risk
51,26.025505120078975,24.974494879921025,6,2,20,11,49,1.1664286472142247,Delay
150,62.66617583544687,87.33382416455314,8,2,36,38,100,0.9499016956251815,Delay
66,39.146977733433125,26.853022266566875,13,4,0,3,67,1.2426721547302946,Delay
139,27.97842715359272,111.02157284640728,5,2,40,10,90,1.4664640248856937,Risk
365,24.14642819116568,340.8535718088343,10,5,41,24,40,1.1912154839458844,Delay
453,155.36845660983897,297.631543390161,4,3,31,18,28,0.8345800812084323,Delay
334,35.5662625169728,298.4337374830272,12,3,19,10,96,0.9158660071777669,OnTime
89,19.54750764765601,69.452492352344,8,5,35,21,54,0.9405693173618369,Delay
513,101.6812434982877,411.3187565017123,8,3,42,7,55,0.8866337748416258,Delay
152,77.65229259767497,74.34770740232503,9,4,3,5,49,1.1605488713100618,Delay
244,14.17893324502351,229.8210667549765,3,2,23,11,78,1.0984124063917422,Delay
535,309.49565687153597,225.50434312846403,14,2,22,33,62,0.596636125487319,Delay
84,15.254137946375357,68.74586205362465,13,1,36,32,40,0.9892718621175753,Delay
377,143.05597129882574,233.94402870117426,12,3,15,29,95,1.182148139782476,Risk
464,368.98110955222216,95.01889044777784,14,5,16,6,69,1.3660178132274192,Delay
383,122.5265473479108,260.4734526520892,14,3,50,8,83,1.2356092205631621,Risk
423,87.30070026871954,335.69929973128046,6,5,25,24,24,0.9475008713282251,Delay
482,51.86849708004801,430.13150291995197,4,3,28,32,77,0.9612970985783007,Delay
68,63.56060732431112,4.439392675688879,10,2,44,2,73,0.6434857027822277,Delay
450,142.97786787059445,307.0221321294056,4,3,27,4,22,0.9153872287635217,Delay
46,32.1900269746465,13.8099730253535,4,3,35,35,37,0.6288350787103283,Delay
172,66.29968376590807,105.70031623409193,7,5,2,26,27,0.6911563476492181,Delay
497,137.0469795471624,359.95302045283756,3,3,26,3,24,1.0466934323621155,Delay
471,74.55761632826419,396.4423836717358,8,3,32,4,54,1.1495108548792712,Delay
86,74.7323794357511,11.267620564248901,3,3,9,40,76,1.1586385212385328,Delay
189,141.78682761024473,47.21317238975527,10,2,37,30,99,0.9051568496629117,Delay
128,112.58777088815985,15.412229111840148,8,2,3,23,39,1.3390448157968486,Delay
400,78.62282382325026,321.37717617674974,7,1,38,19,43,0.8112378201215599,Delay
282,32.9304292249089,249.0695707750911,6,4,1,16,86,0.7384027275207674,Risk
91,11.968771480143966,79.03122851985603,3,5,0,3,22,1.386578545431048,Delay
463,168.40370460581994,294.59629539418006,2,4,8,22,49,1.1906484196564546,Delay
231,156.26189450248725,74.73810549751275,2,3,28,16,23,1.3736872823073927,Delay
518,466.65359415619577,51.346405843804234,12,4,12,1,48,1.2220126680945387,Delay
123,26.44512346786241,96.5548765321376,4,3,36,38,69,1.0479699322444365,Delay
380,334.4038909889689,45.5961090110311,3,3,19,38,45,0.7014876377554885,Delay
92,3.1564207825502457,88.84357921744976,7,1,17,34,100,1.3532106804370456,Risk
153,72.37224835170993,80.62775164829007,9,2,14,18,25,0.653150746280948,Delay
77,74.46976694988275,2.5302330501172463,11,5,14,32,71,0.7038831066345219,Delay
156,86.37724813664593,69.62275186335407,5,4,44,31,62,1.1128737870585819,Delay
459,452.8810986230386,6.118901376961389,3,1,30,11,56,0.9237727298440773,Delay
507,33.83281671135441,473.16718328864556,15,4,50,2,25,1.1737869918567738,Delay
53,12.05290751864308,40.94709248135692,3,3,48,31,85,1.3078718253735269,Delay
124,87.75347515563293,36.24652484436707,11,3,17,40,68,1.2396479912057685,Delay
327,33.71774947797751,293.2822505220225,3,4,41,12,26,0.562707477009819,Delay
324,70.8128721204015,253.1871278795985,15,1,47,10,25,0.5677109171259488,Delay
291,259.88742746334356,31.112572536656444,8,3,45,34,66,1.3628344402335097,Delay
531,361.26601429240145,169.73398570759855,15,1,43,35,64,0.7217275990612896,Delay
452,334.41829312355577,117.58170687644423,8,2,12,36,91,1.4695867338611697,Delay
441,87.52565834750581,353.4743416524942,7,3,34,11,55,1.201728437772493,Delay
361,165.51993603883776,195.48006396116224,7,5,50,5,48,0.9628672818963039,Delay
148,40.87022825432836,107.12977174567163,3,2,8,30,71,1.0432336025873556,Delay
314,109.13308947862224,204.86691052137775,9,2,23,25,21,0.8411911194482367,Delay
198,183.8680001501074,14.131999849892594,5,4,30,16,33,1.2121411065441103,Delay
404,187.71495545127658,216.28504454872342,7,3,19,31,28,1.1811465561117869,Delay
486,9.602069140964435,476.39793085903557,3,5,34,13,82,1.268772041245457,Delay
352,296.2604439267329,55.739556073267124,11,1,38,39,30,1.351531867129498,Delay
314,299.8699614883359,14.130038511664111,14,3,25,31,74,1.1553241852502008,Delay
260,23.68809738699394,236.31190261300605,13,5,27,7,68,1.0305954462352998,Delay
373,92.4297055168086,280.5702944831914,15,4,26,17,62,0.7211293483390159,Delay
126,89.64580856075969,36.35419143924031,8,3,16,21,28,0.8437131261650149,Delay
316,95.5501422524142,220.44985774758578,8,3,44,28,70,0.9012249474831441,Delay
295,70.0833692343911,224.9166307656089,10,2,21,9,86,0.7902048044929217,Risk
107,14.500649553951636,92.49935044604837,12,4,9,30,26,0.932302221686091,Delay
135,110.26408874377113,24.735911256228874,11,3,38,16,71,0.584770608333131,Delay
447,328.76789201678645,118.23210798321355,4,2,6,24,57,1.4493536631236728,Delay
275,91.40047030708897,183.59952969291103,10,3,31,21,70,0.6505009916636884,Delay
175,73.99681478658768,101.00318521341232,6,4,36,3,29,1.211057907848516,Delay
484,361.724303591015,122.27569640898503,5,1,2,36,55,0.5252513202265067,Delay
143,96.93156757347268,46.06843242652732,12,3,29,23,94,1.0572472213909916,Delay
307,7.594638766866346,299.40536123313365,6,3,22,17,49,0.6896444988854367,Delay
141,121.57775163903034,19.42224836096966,11,3,16,20,25,1.2502348081645882,Delay
107,14.434527901126236,92.56547209887377,2,1,4,16,48,1.2538567871816155,Delay
196,30.17165535633559,165.82834464366442,14,5,37,25,52,0.9468469545956621,Delay
194,38.04828707600048,155.95171292399954,15,3,24,31,34,1.4614357135402432,Delay
173,11.309340277647047,161.69065972235296,3,3,29,3,27,0.812263634009234,Delay
320,48.96997276126118,271.0300272387388,15,1,37,29,45,1.1272111150208208,Delay
124,16.066570773305433,107.93342922669457,14,3,38,38,58,1.095104189590993,Delay
52,5.588718408932745,46.41128159106726,15,5,9,4,32,1.3526137522743518,Delay
484,147.7059088436759,336.2940911563241,13,4,10,3,71,0.511708665710149,Risk
280,11.883293981904114,268.1167060180959,9,1,21,26,79,1.436476384835835,Risk
281,122.3943839412515,158.6056160587485,10,3,10,17,30,0.7171916253744474,Delay
270,72.18594313145111,197.8140568685489,12,5,35,33,91,1.1527403249792143,Delay
121,110.96044741432179,10.039552585678209,4,1,43,36,44,0.8707302465443693,Delay
429,126.65922482844292,302.3407751715571,9,3,35,32,50,1.0218655520934739,Delay
292,205.2350481771082,86.76495182289179,9,1,4,11,83,1.0864826241384764,Risk
322,13.847712459616227,308.1522875403838,10,3,17,6,50,1.485429122202069,Delay
309,157.91227437837057,151.08772562162943,7,4,22,39,72,0.8375972525998665,Delay
434,36.86729107523998,397.13270892476004,7,3,8,35,76,0.5096887326758911,Delay
332,22.649312430018952,309.35068756998106,6,4,5,12,84,1.0061618695626133,Risk
533,249.21204291087645,283.78795708912355,15,5,19,35,67,0.6913542810394304,Delay
185,161.98558674144843,23.01441325855157,3,3,12,40,56,1.0825845659451532,Delay
213,123.34467177467535,89.65532822532465,15,4,13,18,56,0.9440434258871243,Delay
484,19.33162584349406,464.66837415650593,4,4,28,5,61,0.7774946312675435,Delay
248,104.15981744811336,143.84018255188664,15,5,13,29,30,1.309355418185187,Delay
463,405.1672325670837,57.832767432916285,14,3,47,9,94,1.362078533658826,Delay
95,86.47161307165786,8.528386928342144,13,5,50,17,34,0.7264637771337727,Delay
462,97.6867206571431,364.3132793428569,4,4,13,39,25,0.7203843427538712,Delay
162,140.63639590389081,21.363604096109185,8,5,11,15,40,1.0212672686687307,Delay
164,63.79538040310461,100.20461959689538,12,5,25,32,31,1.3563987859036315,Delay
484,209.3539837149482,274.6460162850518,12,2,50,3,88,0.573922598851255,Risk
285,13.103266655201693,271.8967333447983,3,4,50,12,65,0.5184974937225258,Delay
285,214.4154631541701,70.58453684582989,10,4,1,17,28,0.7886384492992009,Delay
173,37.23045500637882,135.7695449936212,14,3,36,28,35,0.9313326710645609,Delay
177,174.4248897870961,2.575110212903894,11,2,41,10,96,1.0719491850028748,Delay
68,67.69664842381432,0.3033515761856762,4,1,43,10,82,0.5638470009116415,Delay
62,48.23883992680144,13.76116007319856,10,3,26,36,28,0.9107299202540282,Delay
110,100.43370210913827,9.566297890861733,8,4,33,19,55,0.6346318508137028,Delay
130,9.101492114225074,120.89850788577493,10,5,41,29,73,1.2207888603814796,Delay
250,224.32832794480873,25.671672055191266,9,3,3,20,55,0.8561313594371606,Delay
249,151.4088784719397,97.59112152806031,5,4,50,34,41,0.9746485809530705,Delay
132,107.39039066509436,24.60960933490564,4,3,39,3,81,1.46473306826467,Delay
100,93.54504627576854,6.4549537242314585,15,5,50,16,65,0.7169465228597592,Delay
474,160.46953908500504,313.53046091499493,9,5,19,15,69,0.8539056176341234,Delay
177,155.26949306837898,21.730506931621022,12,4,6,32,93,1.3694697314912596,Delay
193,154.09284299172137,38.90715700827863,7,4,25,31,45,1.112482314955685,Delay
366,170.18733841472235,195.81266158527765,14,1,4,11,90,0.9369442177381546,OnTime
100,4.487503387954406,95.5124966120456,4,1,8,39,94,0.558159694758274,Risk
459,67.9255258345151,391.0744741654849,10,3,43,33,80,1.2386526793686312,Delay
298,240.12871215017572,57.871287849824284,5,1,39,21,75,1.0122480893761185,Delay
55,23.177368718632636,31.822631281367364,10,3,7,36,54,0.8594467926929833,Delay
420,126.01142753546559,293.9885724645344,12,1,1,28,92,0.5776664897642071,OnTime
236,157.73177355948718,78.26822644051282,2,3,43,4,71,0.754306890770447,Delay
500,209.89448335853146,290.1055166414685,8,3,19,7,90,0.8425624964071458,Risk
304,187.46285145006468,116.53714854993532,3,4,11,34,57,1.4081018482736687,Delay
403,19.722471473141205,383.2775285268588,4,5,13,30,64,0.6732894744129372,Delay
456,94.45984084492645,361.5401591550735,6,2,26,13,28,1.4535421967835824,Delay
485,54.92375602117042,430.07624397882955,15,1,13,24,88,1.0769959502902293,OnTime
279,83.48116671298179,195.5188332870182,10,2,34,37,72,1.1953760993135427,Delay
477,245.77397502895963,231.22602497104037,15,2,19,33,27,0.7015056471011915,Delay
431,278.6573146758474,152.34268532415263,14,3,29,38,61,1.2706531841335598,Delay
407,405.2691537789163,1.7308462210837092,5,2,3,15,83,1.400561953736773,Delay
523,502.0386329944127,20.961367005587306,10,2,16,7,75,0.7740852628340705,Delay
185,180.91583881428505,4.084161185714947,12,2,31,1,52,1.154487786349307,Delay
511,328.89961429547276,182.10038570452724,3,5,19,34,89,1.185835660772594,Delay
493,20.39871389021069,472.6012861097893,4,4,22,38,55,1.345181490663887,Delay
114,63.16529228598459,50.83470771401541,5,4,27,9,47,0.9164436387609183,Delay
188,50.910060680442044,137.08993931955797,13,1,18,19,67,0.9521621651837918,Risk
39,23.209635094332512,15.790364905667488,8,5,12,7,95,0.8082970545677941,Delay
260,148.64526956669897,111.35473043330103,4,4,39,5,52,1.2459031717760047,Delay
85,4.510246850407337,80.48975314959266,3,1,2,20,87,1.030571661418024,Risk
273,210.20746531287142,62.79253468712858,14,3,22,24,88,1.2716207013681289,Delay
474,245.51217372916403,228.48782627083597,14,5,22,31,23,0.8738513216943586,Delay
170,50.94027752327764,119.05972247672236,10,2,47,28,94,1.481008890373202,Risk
197,157.41880608494694,39.58119391505306,5,4,41,13,49,1.4790031859267319,Delay
411,316.33540563549843,94.66459436450157,7,5,32,28,95,0.5771935888986826,Delay
379,218.1498199429169,160.8501800570831,11,4,17,6,85,1.2171613260484277,Delay
356,56.3988777311194,299.6011222688806,3,1,18,29,61,0.5080990431632589,Delay
70,31.197416031105853,38.80258396889415,4,1,21,37,21,1.3453445339933428,Delay
90,29.916408626208522,60.08359137379148,8,3,15,30,38,1.026093609321421,Delay
321,203.42421402667486,117.57578597332514,11,2,8,4,82,0.5862690721157877,Risk
98,24.40911096993506,73.59088903006494,14,3,28,15,59,1.2446867733863198,Delay
504,79.53123854786772,424.4687614521323,14,4,20,19,66,1.1973181439334457,Delay
193,29.842139426961186,163.15786057303882,6,2,31,2,88,1.4079669260521777,Risk
222,91.72643447639275,130.27356552360726,11,5,25,36,79,1.028858926277179,Delay
370,339.6120981784445,30.387901821555488,11,4,23,6,37,1.1870630934529998,Delay
539,260.1342013613943,278.8657986386057,4,2,43,35,74,0.50732843711538,Delay
283,97.2902105372881,185.7097894627119,2,2,33,5,31,1.1077918301102379,Delay
102,13.680698002388345,88.31930199761166,9,3,30,24,37,0.7644671662056913,Delay
98,9.984629191225292,88.0153708087747,12,4,20,9,91,1.4816005871981286,Risk
329,100.92454307244964,228.07545692755036,7,5,45,39,23,0.5065818886146419,Delay
345,71.32659260672754,273.67340739327244,10,5,17,20,52,0.5112174375342015,Delay
275,208.61390175498263,66.38609824501737,4,3,27,35,59,0.9198086024005218,Delay
399,104.3062837491657,294.6937162508343,12,3,16,32,51,1.186661772205155,Delay
448,54.11507145211147,393.88492854788853,14,3,3,11,46,1.4491810500280091,Delay
125,72.71232317667364,52.287676823326365,3,4,6,38,27,1.062880710139451,Delay
127,22.848712078255787,104.15128792174421,2,1,23,35,67,1.0567691930620022,Delay
180,92.19696788997523,87.80303211002477,12,2,13,11,62,1.1036683513938044,Delay
527,357.1827613624904,169.8172386375096,3,4,45,32,88,0.5024140110053857,Delay
161,22.535898972904185,138.4641010270958,15,1,9,9,43,1.3293973841018296,Risk
419,144.84550866488746,274.15449133511254,13,2,38,19,49,0.8741995250983339,Delay
459,361.05978761988655,97.94021238011345,10,2,49,33,97,0.7868569068654949,Delay
205,29.065820362558323,175.93417963744167,2,2,15,24,43,0.8614330169836458,Delay
246,24.342256733171443,221.65774326682856,2,4,3,14,46,1.2102156880693442,Delay
318,251.91066643526645,66.08933356473355,13,5,41,12,88,1.12897991098052,Delay
532,85.67872385119796,446.32127614880204,6,5,31,28,37,0.6285246354021556,Delay
108,18.09854407357141,89.90145592642858,12,5,9,29,96,0.5906598467635885,Risk
274,156.56190156090412,117.43809843909588,4,3,7,27,81,0.8847443516726823,Delay
435,289.71315753105284,145.28684246894716,9,4,49,23,26,0.9323557290019371,Delay
534,529.8270855659495,4.17291443405054,2,1,29,14,50,0.758162087170195,Delay
310,93.10279617758468,216.89720382241532,3,1,6,37,29,0.8034946571374983,Delay
57,27.80316538042364,29.19683461957636,4,4,40,34,93,0.5189900103052435,Delay
436,223.96007140035735,212.03992859964265,12,5,45,2,74,0.5018797438668807,Delay
133,99.68557288341394,33.31442711658606,4,5,24,23,27,1.4963624815404204,Delay
293,198.8119310285621,94.1880689714379,8,4,26,24,74,0.6084249612532926,Delay
214,122.42073201424951,91.57926798575049,13,3,44,25,27,1.1808627088575707,Delay
496,193.70756000047268,302.29243999952735,4,3,39,6,29,0.7138000496552284,Delay
481,473.22808198665734,7.771918013342656,8,4,35,15,93,0.6177143732090569,Delay
176,170.88319620888123,5.11680379111877,2,3,9,19,66,1.0030775048906262,Delay
524,298.2023940477977,225.79760595220228,4,5,30,9,25,1.3308721771557397,Delay
307,116.45606088867994,190.54393911132007,13,3,3,30,30,0.8102156071562813,Delay
213,8.881216446191402,204.1187835538086,8,3,25,40,61,0.9856923954718386,Delay
107,11.663195975171067,95.33680402482894,5,5,16,18,90,1.303890720939274,Delay
152,110.21132346752273,41.78867653247727,15,3,28,22,76,1.2169198226831002,Delay
407,284.8540326265528,122.1459673734472,4,3,38,9,51,0.8677578287079133,Delay
169,145.13174010987058,23.868259890129423,15,2,0,0,31,0.8773970157414145,Delay
97,18.217591168911188,78.78240883108882,6,5,9,24,83,1.1860661381905278,Delay
300,202.76997754962557,97.23002245037443,9,1,12,9,78,1.3427268881201366,Risk
123,80.98198338407488,42.01801661592512,8,4,5,16,88,0.5523132700484076,Delay
239,174.41619571052073,64.58380428947927,11,3,43,4,87,0.8461388794293213,Delay
60,16.650672440914928,43.34932755908507,10,3,14,22,21,1.187648652176914,Delay
492,39.72217009170372,452.27782990829627,9,1,10,21,25,0.8790872492113325,Delay
162,5.376276575793409,156.6237234242066,14,1,31,1,74,1.2773395132788226,OnTime
480,185.49419530814163,294.5058046918584,9,1,27,2,20,0.5945506785706698,Delay
282,76.55793304452274,205.44206695547726,14,1,10,3,78,1.2783592386599043,OnTime
313,64.44306597824206,248.55693402175794,2,3,46,8,39,0.757919467799141,Delay
303,221.44318671820344,81.55681328179656,15,1,19,18,90,1.455089698008127,Risk
367,141.79382539959937,225.20617460040063,12,5,16,39,57,1.1003706579212384,Delay
348,249.77197453130006,98.22802546869994,3,5,23,22,46,1.388363689167594,Delay
397,71.39496607687461,325.6050339231254,8,1,21,36,100,0.7308726327671027,Risk
327,238.3108320813245,88.68916791867551,12,5,1,38,24,1.4781685918913094,Delay
198,145.479768989874,52.520231010126,2,4,9,16,48,0.8947236928243314,Delay
393,223.1052614846502,169.8947385153498,4,2,3,36,28,0.6049626444942944,Delay
345,151.5025396168493,193.4974603831507,3,5,11,29,27,0.6892051399850677,Delay
186,112.08047844957942,73.91952155042058,10,5,9,19,86,1.3407243369181852,Delay
393,196.5760961322335,196.4239038677665,11,4,42,10,80,0.5603753385558073,Delay
222,142.34195594179135,79.65804405820865,12,5,28,34,92,0.9719588197432287,Delay
200,38.21328360486407,161.78671639513593,5,2,10,3,55,0.5200399812251968,Delay
210,99.52636732686518,110.47363267313482,4,5,14,39,73,1.2766559226483842,Delay
166,165.68861657518013,0.3113834248198657,8,2,47,26,64,1.0079242662700845,Delay
252,212.7106336553168,39.2893663446832,15,3,13,6,85,0.9922371092723108,Risk
480,228.4931402473987,251.5068597526013,11,4,29,19,59,0.6169474567750913,Delay
60,50.01753577046591,9.982464229534088,15,4,43,27,77,1.4666825095166147,Delay
131,75.65861387304525,55.341386126954745,2,1,13,3,98,1.2048984160047618,Risk
423,235.06324458748227,187.93675541251773,8,1,21,5,93,1.1817027945010024,Risk
326,137.38319275454003,188.61680724545997,10,5,9,11,51,1.4201695371539333,Delay
172,82.62279011072317,89.37720988927683,2,5,4,20,47,0.5552877318378147,Delay
344,221.7262347251367,122.27376527486331,13,4,19,36,41,1.4885403611232704,Delay
302,280.9799356608449,21.020064339155113,13,5,21,6,91,1.3236672763030617,Delay
235,43.70034709024944,191.29965290975056,11,3,29,33,55,1.1453694091671487,Delay
231,169.9773371529894,61.022662847010594,14,4,48,37,48,1.1075113118976998,Delay
244,53.00205583028048,190.99794416971952,3,5,32,23,84,1.036199736495755,Delay
243,152.58433239007582,90.41566760992418,8,4,45,30,55,0.814559643149446,Delay
80,2.8410307549268055,77.1589692450732,2,3,22,1,41,1.3847966221152794,Delay
72,26.905133948292306,45.0948660517077,11,5,39,19,80,0.7490061938626735,Delay
79,4.719015659607024,74.28098434039298,5,5,5,32,63,0.8591491809823365,Delay
216,166.17963929916397,49.820360700836034,7,3,4,40,45,1.2479470414886786,Delay
100,27.84561799769013,72.15438200230987,8,3,11,36,22,1.4329694508809723,Delay
529,129.437914195904,399.562085804096,13,4,11,6,73,1.3967521090264827,Risk
316,218.08552731509394,97.91447268490606,9,1,42,39,75,1.2309184188730236,Delay
480,395.7841896869296,84.21581031307039,13,3,11,37,90,1.2801459889181155,Delay
247,71.01116896328908,175.9888310367109,4,5,24,1,33,0.6274746634834729,Delay
170,69.40750631188139,100.59249368811861,8,4,43,26,33,0.8190997029543333,Delay
410,341.263654684629,68.73634531537101,8,4,47,36,50,0.7170555764549262,Delay
438,337.80941526970236,100.19058473029764,6,4,28,27,87,1.3629309075548242,Delay
479,408.27804493243053,70.72195506756947,2,3,45,30,80,1.012231868506865,Delay
135,78.40647426540012,56.59352573459988,11,1,23,5,100,1.2018484297343925,OnTime
37,15.630046040419682,21.369953959580318,3,2,17,28,20,0.6472040552399932,Delay
355,292.2484705584734,62.7515294415266,5,3,10,11,93,1.0042445558653492,Delay
296,281.20171303954663,14.798286960453368,6,5,24,11,92,1.1935662806233975,Delay
188,152.39441103380423,35.60558896619577,13,4,18,22,23,1.0034337202608636,Delay
336,288.0176946408297,47.98230535917031,6,1,46,24,93,0.7081430573466372,Delay
400,127.79805489842263,272.2019451015774,4,2,23,37,86,1.0340255207002755,Delay
284,234.40348939624099,49.596510603759015,6,2,49,26,51,0.7049280042586824,Delay
307,174.77493370304285,132.22506629695715,14,3,25,25,38,1.0056426911198573,Delay
56,22.028870905997547,33.97112909400245,7,1,5,13,57,0.6537259203043355,Delay
163,85.1472614371517,77.8527385628483,3,3,46,33,62,1.3084632851972056,Delay
243,41.89156711375287,201.10843288624713,10,5,26,33,42,1.4388034269459884,Delay
53,2.214368365805224,50.78563163419478,15,3,31,7,54,1.3222573655149321,Delay
371,303.132898682233,67.86710131776698,2,3,18,8,83,1.2468610314265898,Delay
162,65.16469067687288,96.83530932312712,10,5,35,8,30,1.1558165364295878,Delay
213,202.03676904597134,10.96323095402866,12,4,4,40,79,0.602985049179492,Delay
311,283.160039985199,27.839960014801022,7,4,28,0,28,0.816245232441751,Delay
269,149.19637020087643,119.80362979912357,2,2,47,19,42,0.8689935381170684,Delay
293,100.87872864417803,192.121271355822,10,4,31,16,69,0.8970133571366466,Delay
349,235.71651672629633,113.28348327370367,5,5,48,22,57,0.6625087157803535,Delay
500,255.1647086733334,244.8352913266666,6,1,18,28,30,0.7671392761201453,Delay
174,28.55433643507799,145.445663564922,10,4,45,32,24,0.9053989853945692,Delay
399,45.83591839491507,353.1640816050849,11,1,14,19,61,0.6583192350237238,Risk
378,129.1870886325282,248.8129113674718,5,3,1,1,21,1.3021857108098305,Delay
248,198.85423431264044,49.14576568735956,12,5,48,1,83,0.9829251847289596,Delay
126,85.96852013104437,40.03147986895563,10,5,6,18,92,0.7521621839218035,Delay
161,149.04425087805816,11.955749121941835,3,5,44,23,51,1.1595758803579117,Delay
405,142.70753824826127,262.29246175173876,12,4,17,24,64,0.5220896334197891,Delay
328,251.9507382723712,76.04926172762879,7,3,14,7,28,0.8483634824323748,Delay
165,134.7331143615478,30.26688563845221,5,1,2,25,28,0.6960660582541606,Delay
345,234.86521580031146,110.13478419968854,12,1,45,37,99,0.7814402825290504,Delay
485,150.54493253171404,334.45506746828596,2,2,34,3,22,0.8466496490110651,Delay
178,13.070582744522367,164.92941725547763,6,5,31,31,97,0.7807231638806412,Delay
503,270.9696510819867,232.03034891801332,7,5,0,19,78,1.4378344039046973,Delay
439,296.95154292309456,142.04845707690544,12,3,14,4,47,0.557622910061638,Delay
455,321.1483379850337,133.85166201496628,4,2,33,2,28,0.72841118385714,Delay
298,227.37879110453636,70.62120889546364,4,1,3,2,27,1.2541564656698836,Delay
66,45.280542062753334,20.719457937246666,6,5,36,27,97,0.5031979555076479,Delay
295,284.2554191395854,10.744580860414601,5,5,21,29,57,1.1802172336497105,Delay
482,241.97987799000742,240.02012200999258,2,5,32,38,26,0.7070369263853139,Delay
497,235.18828755677768,261.8117124432223,10,2,6,21,55,1.1048694862726347,Delay
200,11.087536549519994,188.91246345048,2,4,24,22,83,0.9444585589740802,Delay
114,83.75993452792677,30.240065472073226,14,1,23,30,82,0.6237392068400461,Delay
167,129.0496971715583,37.95030282844169,15,5,3,2,94,0.7952021444256254,Risk
86,65.85715632741481,20.142843672585187,7,5,29,19,81,0.6922837497180822,Delay
442,208.4997157432355,233.5002842567645,7,5,23,18,47,0.7336045965034707,Delay
171,143.33136557405126,27.66863442594874,6,5,0,38,30,1.3993487739438302,Delay
130,72.13560341299835,57.86439658700165,8,5,35,11,21,0.8963855802829438,Delay
439,348.6854576040787,90.31454239592131,3,1,16,33,50,1.3370620735973833,Delay
240,191.48197067896825,48.51802932103175,14,4,37,34,62,0.9836513355120285,Delay
308,148.7086955754284,159.2913044245716,6,3,27,25,36,0.8880584988537665,Delay
179,170.85312935282906,8.146870647170942,5,2,37,33,79,0.5327142977810819,Delay
230,187.91647901154127,42.08352098845873,11,5,31,30,91,1.0293069951156189,Delay
209,7.049450817108288,201.9505491828917,6,1,12,35,99,0.5783432459114553,Risk
47,42.29293571532271,4.707064284677287,3,4,4,31,94,0.7104783456064367,Delay
528,232.88011230922467,295.11988769077533,6,3,33,5,57,1.0497185590720375,Delay
104,71.72575628705667,32.27424371294333,5,3,31,10,85,1.098037782124686,Delay
180,150.88640075953364,29.113599240466357,8,4,26,35,65,1.2588552095019219,Delay
342,71.56186728242339,270.4381327175766,2,1,23,18,33,1.4933321958589598,Delay
406,217.0265692523093,188.9734307476907,13,2,18,19,79,1.2479218130809473,Risk
62,2.273987456147026,59.726012543852974,14,2,27,28,83,1.3092708043007046,Risk
248,231.08999812999863,16.910001870001366,12,4,16,25,100,0.7277881393285814,Delay
424,212.8205234238037,211.1794765761963,2,4,33,39,95,1.1730134738354194,Delay
204,51.48681825478602,152.51318174521398,3,3,42,0,61,0.9214125429001808,Delay
141,6.05819563999123,134.94180436000877,7,3,31,11,36,0.608619863360056,Delay
399,303.98373757282394,95.01626242717606,4,3,44,34,87,0.9499445829714618,Delay
201,173.46835884846675,27.53164115153325,10,4,20,9,86,0.6499367079219172,Delay
130,52.08119848694661,77.91880151305338,12,4,12,37,76,1.2723656118334454,Delay
518,514.2385650418745,3.7614349581255055,4,5,28,9,81,1.1765557848190384,Delay
384,0.5826385248367245,383.41736147516326,14,5,27,4,41,1.1963748722415013,Delay
447,419.9588940432183,27.041105956781678,11,1,1,7,56,0.7786607639073607,Delay
123,62.59430157515475,60.40569842484525,10,1,8,22,84,1.4318669974137466,Risk
384,45.69553794390204,338.304462056098,11,1,9,18,84,0.5852289271750399,OnTime
265,105.79984309686785,159.20015690313215,2,5,28,22,20,0.5106860362191623,Delay
176,58.092387691487346,117.90761230851265,12,5,38,5,52,0.5911275737170547,Delay
358,66.02636858320969,291.97363141679034,5,1,37,37,37,1.170137776814341,Delay
51,48.62623633851027,2.3737636614897326,4,4,21,7,88,0.6536870893069777,Delay
80,58.19845920977943,21.80154079022057,3,5,9,3,95,1.3677519818545543,Delay
131,72.34970147054578,58.65029852945422,7,5,7,12,63,1.0856010822393773,Delay
460,365.35351170706855,94.64648829293145,15,2,46,0,69,0.7493596798996306,Delay
286,216.88614280685172,69.11385719314828,10,4,28,11,32,0.9963673802786469,Delay
239,178.39654273847114,60.60345726152886,7,2,40,29,76,0.6023108266018833,Delay
343,216.5411435658053,126.4588564341947,3,3,20,34,61,0.9095255555110525,Delay
104,16.435005085117034,87.56499491488296,8,3,5,14,100,0.7150012293206112,Risk
409,48.19772957993659,360.8022704200634,3,2,21,1,23,0.8721240952351658,Delay
45,8.28012892920508,36.71987107079492,4,5,0,4,61,1.478874091294224,Delay
334,183.2721521551607,150.7278478448393,3,2,41,20,92,1.3868567201706523,Delay
415,280.9867485896679,134.0132514103321,14,4,48,4,87,1.3226320807057772,Delay
479,99.34533368821481,379.6546663117852,11,2,27,33,41,0.5422017088478545,Delay
456,105.81549687142494,350.18450312857505,9,1,39,16,99,1.48019542394335,Risk
164,33.05634775119457,130.94365224880542,7,4,12,3,98,1.4774634054359888,Risk
261,59.81661389157978,201.18338610842022,3,4,48,2,54,0.5071845660915193,Delay
462,405.90662147477536,56.09337852522464,10,3,41,10,57,0.8139941241811883,Delay
116,58.65444718968226,57.34555281031774,13,1,18,32,42,0.9860711949192157,Delay
346,127.35277059056735,218.64722940943267,14,1,33,10,89,0.7660856183194786,OnTime
339,55.16651033370291,283.8334896662971,12,1,29,12,21,0.7430251997986963,Delay
405,254.38817332073893,150.61182667926107,9,5,30,13,62,1.0657592223944343,Delay
374,160.6989276102006,213.3010723897994,14,3,25,33,62,0.604831617740717,Delay
72,33.405566723297106,38.594433276702894,8,5,15,7,34,0.8670684791369827,Delay
137,51.37720543617906,85.62279456382095,3,3,34,23,38,0.8930975314318481,Delay
65,35.540190458936365,29.459809541063635,13,4,43,12,77,0.7219471877303332,Delay
313,44.539651478483655,268.4603485215163,8,1,15,14,24,0.9701095208604582,Delay
314,242.716079385124,71.283920614876,7,4,7,23,40,0.7853579381219928,Delay
416,216.62340842246542,199.37659157753458,5,1,34,26,21,1.1696447281677513,Delay
121,9.265375651345034,111.73462434865496,3,5,16,34,57,0.676664064915561,Delay
294,263.2693891370056,30.73061086299441,10,5,32,34,64,1.333678636214722,Delay
338,136.07421128337072,201.92578871662928,8,3,32,27,74,0.5243782553994559,Delay
47,41.43523561525693,5.5647643847430714,8,2,47,22,36,0.8323763707564318,Delay
534,41.85634482135365,492.1436551786463,9,1,35,17,64,0.630261779479695,Delay
479,372.63926610871005,106.36073389128995,10,4,48,24,68,0.6392657500637071,Delay
174,162.55175392985197,11.44824607014803,4,4,47,18,55,1.0938641237676139,Delay
160,62.388136868271275,97.61186313172873,3,2,46,9,39,1.3922719845250247,Delay
376,233.21100142535835,142.78899857464165,14,5,17,0,74,1.2711110855226986,Delay
299,52.3125189010641,246.6874810989359,7,3,2,0,94,1.100432534338474,Risk
241,174.6546682921799,66.3453317078201,2,3,37,10,64,1.2158922353059163,Delay
161,84.59107164638516,76.40892835361484,15,5,37,38,40,1.0422506299968892,Delay
333,135.3640917724734,197.6359082275266,3,4,25,10,32,0.9303083537639856,Delay
243,61.7174565232368,181.2825434767632,12,3,24,13,41,0.8748937181037312,Delay
188,17.141328370340247,170.85867162965974,2,2,37,20,52,1.0589485371831264,Delay
469,226.00885753720198,242.99114246279802,13,2,44,1,45,1.214483832242496,Delay
169,160.9975749059055,8.002425094094491,3,4,14,20,21,1.3440680099185085,Delay
34,14.87959970894406,19.12040029105594,7,5,46,23,81,0.6125104804888089,Delay
37,31.65305577511154,5.34694422488846,14,4,24,20,76,0.6080960971349941,Delay
126,95.5871501462301,30.4128498537699,2,5,7,32,40,0.8575573444859872,Delay
125,15.103078978387197,109.8969210216128,10,4,38,0,64,1.138751308051078,Delay
205,97.45250326098841,107.54749673901159,10,4,44,3,40,1.1707740460391998,Delay
260,79.07132392731884,180.92867607268116,7,4,12,19,60,0.8841862255024521,Delay
109,20.00190286674357,88.99809713325644,2,1,20,15,80,1.2146222941147091,Delay
312,46.92923011049813,265.0707698895019,14,4,1,2,29,1.1414712753653111,Delay
153,50.780476612756885,102.21952338724311,5,4,37,6,35,0.6716515859075125,Delay
510,302.3722882923308,207.62771170766922,4,5,10,16,99,1.1712060287886283,Delay
304,153.91816022772943,150.08183977227057,7,1,6,5,32,1.0663452214444806,Delay
51,26.612007292423137,24.387992707576863,4,4,5,33,20,1.373676563324473,Delay
418,353.56387490242406,64.43612509757594,2,1,43,32,81,0.7513075070008295,Delay
538,107.50441123051179,430.4955887694882,2,5,29,10,42,0.9193018963279944,Delay
163,98.97661564977687,64.02338435022313,14,2,36,17,23,1.2732781608267305,Delay
431,284.31669394074123,146.68330605925877,10,5,20,29,99,1.389718992965352,Delay
126,104.55528953390112,21.444710466098883,14,2,50,5,72,1.0238119797710001,Delay
277,194.65484631558616,82.34515368441384,4,2,32,35,41,1.1148892659165583,Delay
157,46.32205335119192,110.67794664880807,6,5,1,29,41,1.0189685187191666,Delay
236,66.99059334120092,169.0094066587991,15,2,27,31,71,0.7571840783862679,Risk
356,290.7393984528552,65.2606015471448,13,4,16,34,75,1.3788071790512835,Delay
134,34.58587646823752,99.41412353176247,14,4,31,34,75,1.1018003499581848,Delay
432,425.20653295985227,6.793467040147732,13,2,38,40,69,0.9413581575904024,Delay
409,59.856567848121635,349.14343215187836,5,4,47,25,49,1.3939183029948659,Delay
387,385.41339834053053,1.5866016594694656,7,1,8,4,63,1.1318699870656774,Delay
231,224.801518362729,6.198481637270987,6,2,37,13,28,0.8725990832379074,Delay
288,5.566305507246554,282.43369449275343,5,4,35,31,63,0.5249801314024846,Delay
73,10.705287494178357,62.29471250582164,7,2,24,35,40,1.2471665685062308,Delay
198,170.47111872735152,27.528881272648476,6,5,13,3,57,1.1654468415425925,Delay
500,184.63575070434223,315.36424929565777,6,3,37,2,78,0.7947505181234845,Delay
182,98.51452931099621,83.48547068900379,3,2,1,9,66,0.6510283655674023,Delay
100,10.521141039631921,89.47885896036809,8,4,23,24,89,0.5283846833427377,Delay
222,78.38854398915296,143.61145601084704,11,4,30,26,79,1.0562318339790284,Delay
506,78.23291460825988,427.7670853917401,4,1,37,10,57,1.3584677907270293,Delay
92,67.02955423005665,24.970445769943353,2,1,29,17,95,0.751984511486551,Delay
540,453.4402759101858,86.55972408981421,4,2,30,22,43,1.3898403798906211,Delay
349,59.88776169035245,289.1122383096475,2,5,38,10,83,1.4339658354556368,Delay
388,311.26403826172833,76.73596173827167,15,3,13,8,46,0.6599201687185519,Delay
510,68.20784017885954,441.79215982114044,6,1,19,39,44,1.4547920122561382,Delay
508,115.59180530781362,392.4081946921864,14,1,21,23,36,1.084203571887118,Delay
355,16.73064597583068,338.26935402416933,10,5,19,18,73,0.6386209400041697,Delay
113,70.27483578143926,42.725164218560735,7,2,20,36,45,0.5893392517637579,Delay
102,81.93448824898296,20.06551175101704,5,3,16,36,35,0.6580853495921655,Delay
406,205.79218458220348,200.20781541779652,9,1,36,12,98,0.8755166269665634,Risk
520,164.2037793194672,355.79622068053277,15,3,41,23,28,0.8952419453802147,Delay
147,140.61243310645477,6.387566893545227,12,2,32,33,80,1.104153249916659,Delay
220,108.24844401082656,111.75155598917344,12,1,26,31,26,0.5290636179297801,Delay
525,518.0385464937162,6.96145350628376,7,5,13,4,92,1.1839116856077783,Delay
288,35.44459881465613,252.55540118534387,15,4,6,36,42,1.3030810836747428,Delay
511,107.88836901641551,403.1116309835845,8,5,44,21,98,1.1967605793987603,Delay
398,253.8464752895174,144.1535247104826,8,4,43,24,32,0.8055629220778653,Delay
257,29.62296562541728,227.3770343745827,4,3,37,27,67,1.3692211387971485,Delay
385,175.5721656570098,209.4278343429902,15,4,49,37,39,1.4854245377139814,Delay
151,35.7973729271792,115.2026270728208,5,2,44,40,25,1.1582238093229895,Delay
242,181.2475223415038,60.75247765849619,12,4,45,13,40,1.4943458350373058,Delay
424,83.5979428276534,340.4020571723466,13,5,45,12,72,0.6037414310284985,Delay
328,238.70983306615514,89.29016693384486,6,2,24,6,74,1.1089106682061391,Delay
175,116.21069252764258,58.78930747235742,3,5,39,21,35,0.9019958815149797,Delay
482,145.95002144834783,336.0499785516522,9,5,39,21,45,1.002678886296939,Delay
89,67.676230403473,21.323769596527,13,5,37,11,66,1.194966844949393,Delay
298,113.01507541501734,184.98492458498265,15,1,14,3,44,0.5862660717233898,Delay
407,157.01794869982749,249.98205130017251,6,2,6,40,64,0.5265389730692691,Delay
107,84.92492687517561,22.075073124824385,8,5,28,18,74,1.4840695421540753,Delay
424,105.1972222930969,318.8027777069031,11,3,9,25,65,1.3815736952662396,Delay
459,251.25702139297368,207.74297860702632,6,4,20,28,88,1.4047638959797144,Delay
247,188.39011175722433,58.60988824277567,14,4,4,12,67,0.6927908985719515,Delay
427,121.48252673378757,305.51747326621245,3,3,0,25,88,1.4130108707071551,Delay
258,0.28623295028441675,257.71376704971556,4,5,50,25,72,1.4390214891844355,Delay
119,106.71135382748014,12.288646172519861,13,4,48,38,66,0.6149236489481974,Delay
242,130.81800188584722,111.18199811415278,12,2,27,14,23,1.0842023721579532,Delay
490,43.03429107499893,446.9657089250011,10,2,31,15,83,0.7659569794733676,Risk
184,85.87064165832363,98.12935834167637,7,4,32,15,80,1.4474241551408265,Delay
504,85.56768513755877,418.4323148624412,7,4,0,35,62,0.9483151140888042,Delay
237,96.36483717687501,140.63516282312497,3,1,43,24,91,0.6346593153005934,Delay
273,115.24548443833368,157.75451556166632,3,1,13,30,41,1.1033567843213863,Delay
391,328.4983370781082,62.50166292189181,9,5,2,4,63,0.8983027955481017,Delay
108,56.00325854047322,51.99674145952678,10,1,5,29,91,0.6837115038843915,Risk
443,304.81802146012035,138.18197853987965,7,2,15,40,38,0.7088374654299157,Delay
349,24.28024815004242,324.71975184995756,14,3,11,0,34,1.1973969071782906,Delay
175,104.42506541204612,70.57493458795388,14,4,16,23,95,1.099051043352186,Risk
232,5.198598683064638,226.80140131693537,7,5,18,0,89,0.84827119923703,Risk
460,189.11907080986845,270.88092919013155,6,5,2,3,85,0.902734470128307,Delay
447,237.3578025139957,209.6421974860043,14,5,29,13,37,0.7536619386034344,Delay
156,87.8452673347968,68.1547326652032,2,4,9,20,83,1.2373824205387982,Delay
302,152.13763863435534,149.86236136564466,3,2,21,19,85,1.062343791459732,Delay
135,93.19155733670806,41.80844266329194,7,5,39,19,34,1.4074209284404762,Delay
283,24.23283870179246,258.76716129820755,9,3,3,39,80,1.3294049968692505,Delay
75,24.774273408022726,50.22572659197728,12,2,25,3,76,1.4841155180928158,Risk
96,63.865303274844194,32.134696725155806,14,5,22,9,68,0.8922458477557502,Delay
215,139.9278073380692,75.07219266193081,5,1,0,32,91,0.9406727126123746,Delay
515,17.09591709556156,497.90408290443844,11,5,43,31,72,1.0472345175537605,Delay
466,120.17165523213552,345.82834476786445,10,4,39,14,99,0.7579605492157806,Risk
68,15.13202801036553,52.86797198963447,3,1,34,36,71,0.9697240008593855,Delay
117,113.8726674797741,3.127332520225906,14,5,15,32,76,0.5351320505539627,Delay
508,149.1444281291576,358.85557187084237,14,5,4,13,84,1.0763055629407572,Risk
216,29.293680393740743,186.70631960625926,3,1,48,3,81,0.5216974406372156,Delay
131,35.951767788110345,95.04823221188965,14,2,42,35,34,1.3342310481806794,Delay
62,1.6693274043780968,60.330672595621905,3,2,16,13,38,0.5932482717266864,Delay
323,96.05310934837102,226.94689065162896,12,4,38,7,98,1.1566546230049277,Risk
356,300.6080501656565,55.39194983434351,4,4,31,19,92,0.9673766358034817,Delay
41,7.221207653092835,33.77879234690717,3,3,40,19,77,0.7839269741851372,Delay
508,376.2641153427106,131.73588465728938,9,2,28,32,83,0.5639321722183374,Delay
70,67.04517976252676,2.9548202374732426,13,3,31,20,42,1.4922813905287966,Delay
164,33.15692416038675,130.84307583961325,7,2,4,9,83,1.1377159677742659,Risk
108,80.3866987858435,27.613301214156493,15,2,3,24,75,1.3087476362426862,Delay
248,192.90338518475227,55.09661481524773,6,4,16,3,75,0.7145002032506724,Delay
79,44.15785301772943,34.84214698227057,9,2,4,34,36,1.2490753365940086,Delay
530,198.2108548138827,331.7891451861173,8,2,40,11,82,0.970666869110123,Delay
347,72.09752962729607,274.90247037270393,12,2,15,12,89,1.1197795461479525,OnTime
98,21.83945899880259,76.1605410011974,5,2,3,25,63,1.0996185187735557,Delay
234,7.078766788060533,226.92123321193947,6,2,42,22,31,1.154627349907665,Delay
331,235.27725611025375,95.72274388974625,10,2,24,27,53,0.6263471375390474,Delay
413,335.1851611205788,77.81483887942119,10,3,32,29,78,0.8982059495884586,Delay
487,201.01354686818533,285.98645313181464,8,2,15,9,61,1.0284566144555463,Delay
51,3.971636909622758,47.02836309037724,7,4,14,15,94,0.6010848206221507,Risk
329,278.2380951939924,50.76190480600758,7,5,20,31,100,0.6939551077570933,Delay
534,177.6918239901534,356.3081760098466,7,5,44,6,27,1.240862802621159,Delay
165,37.6784045122991,127.3215954877009,14,2,19,16,71,1.0438013420245131,Risk
210,38.949276494535006,171.050723505465,9,2,45,2,44,0.590665163059682,Delay
323,247.63977718790093,75.36022281209907,11,5,4,40,25,0.5509557297193705,Delay
364,0.8026191636104811,363.1973808363895,13,4,14,33,68,0.928505761982882,Delay
122,99.8903583275882,22.109641672411797,6,4,31,12,71,0.8378842070982497,Delay
258,186.28932165098317,71.71067834901683,8,4,2,26,31,1.1122610729381202,Delay
149,65.82705291877151,83.17294708122849,6,2,12,4,78,1.1251475888532467,Delay
386,134.17827303823387,251.82172696176613,11,3,28,26,99,1.0282762197302404,Risk
290,217.1047444634022,72.8952555365978,13,5,46,5,98,0.5083296380001681,Delay
281,253.9381554410769,27.0618445589231,9,4,5,28,86,0.9663235629505393,Delay
242,219.32874988326998,22.67125011673002,14,4,0,2,21,1.3302787304696158,Delay
357,304.2727991962951,52.727200803704875,10,4,20,22,97,1.3894833182059103,Delay
411,214.64654463333216,196.35345536666784,2,4,37,3,97,0.6887336289341955,Delay
453,7.727797419292894,445.27220258070713,2,1,16,19,26,0.9480201448550898,Delay
119,2.5338859481420424,116.46611405185796,9,4,15,10,20,1.1981537016918864,Delay
453,449.79710225263835,3.2028977473616465,10,3,19,16,24,0.7872029990314716,Delay
379,315.30980647654116,63.690193523458845,9,4,50,14,97,0.5558361945693056,Delay
130,23.553652648175916,106.44634735182409,13,4,43,28,39,0.8636482531334975,Delay
525,323.4154313709759,201.5845686290241,11,2,21,21,98,0.8592522155550026,Risk
227,67.21674805276638,159.78325194723362,2,4,16,2,70,1.1387835570364893,Delay
394,61.89976880597496,332.100231194025,7,5,6,2,67,0.9351090364764343,Delay
72,4.442820682430569,67.55717931756944,10,5,48,18,100,1.0042861361571886,Risk
88,85.50914800804884,2.4908519919511605,5,4,13,4,70,0.6130007276903701,Delay
198,139.19324158511643,58.806758414883575,15,5,31,13,100,0.9894430922948203,Delay
393,48.380999467486895,344.6190005325131,9,1,26,11,48,1.257176608575454,Delay
269,17.94048511284204,251.05951488715795,10,3,37,10,89,1.343184771176322,Risk
454,74.25890297184168,379.7410970281583,4,4,21,14,47,0.724741726549049,Delay
305,108.94493721154865,196.05506278845135,12,2,25,30,23,0.7984751571580588,Delay
127,41.036376299992405,85.96362370000759,10,5,45,9,100,1.098180894847856,Delay
380,184.3223864679242,195.6776135320758,6,3,25,21,79,0.7274761599951843,Delay
216,43.08336684961533,172.91663315038465,2,5,33,28,76,1.3689413993530521,Delay
484,139.82146107590583,344.17853892409414,10,3,41,23,89,1.3581029748990094,Delay
472,96.51720255897862,375.4827974410214,9,1,10,2,35,1.2466908244050108,Delay
183,98.17613301784267,84.82386698215733,14,2,6,10,26,0.8680900442749838,Delay
508,23.482474254362433,484.51752574563756,3,1,23,8,60,0.8867091287642539,Delay
287,274.4432301630792,12.556769836920807,8,2,11,34,83,1.0253719274106465,Delay
94,59.23433762361984,34.76566237638016,10,4,47,21,35,1.2396513001063205,Delay
149,43.774999137398844,105.22500086260115,11,4,48,12,80,0.5004802480818656,Delay
56,52.74600315469273,3.2539968453072703,4,2,48,3,97,0.9850684805484331,Delay
495,473.43196632689035,21.568033673109653,9,4,35,2,75,0.7709700426242232,Delay
435,106.21253313783389,328.7874668621661,9,2,22,21,27,0.84885620588775,Delay
491,191.01044344119416,299.9895565588058,14,4,46,1,30,0.5585738872596593,Delay
354,198.62118858314037,155.37881141685963,9,4,40,0,28,1.4274729198881981,Delay
66,7.41514118286939,58.58485881713061,11,1,26,36,64,0.5892813181768166,Delay
535,230.49917866143826,304.50082133856176,10,2,22,29,82,1.41400048686068,Delay
403,285.4852927046214,117.51470729537863,9,4,6,34,57,1.3663364176437098,Delay
401,65.70722589293229,335.2927741070677,4,4,26,22,79,0.7661054404631918,Delay
251,138.56874315378485,112.43125684621515,2,5,27,1,43,0.8096318965252228,Delay
371,239.37956350422147,131.62043649577853,5,5,15,16,82,1.0100450743164369,Delay
96,49.594464354792805,46.405535645207195,10,1,19,34,64,0.7144742589915606,Delay
311,173.49446079827547,137.50553920172453,6,1,3,6,79,0.8811125065207571,Risk
49,7.183029953524544,41.816970046475454,7,2,42,24,70,0.8605821580084314,Delay
495,135.59497554461717,359.40502445538283,2,1,38,6,83,1.3388795209745479,Delay
255,4.079857927171544,250.92014207282847,6,3,15,30,100,0.8441324573217678,Risk
53,17.95458410018175,35.04541589981825,9,3,11,4,87,0.6293192819384742,Risk
276,239.1037503156612,36.89624968433881,2,2,44,34,34,0.5400972586509939,Delay
134,61.2168057719873,72.78319422801269,9,3,30,10,70,1.4738807447645177,Delay
214,10.92305897769517,203.07694102230482,2,2,2,23,94,0.8230575562569008,Risk
526,228.24517922098605,297.7548207790139,3,2,12,38,95,1.3437691968048737,Delay
202,50.52249110034777,151.47750889965224,11,3,25,21,100,0.627253562525442,Risk
412,337.18715003990934,74.81284996009066,12,2,42,37,72,0.7300431769635957,Delay
162,140.7786267595806,21.22137324041941,14,5,16,28,58,1.1717526206827595,Delay
379,18.83977049492866,360.16022950507136,13,4,10,6,25,1.219393876392263,Delay
440,363.6648573508875,76.33514264911253,4,2,7,0,76,1.4550174675955212,Delay
248,17.955045590516825,230.04495440948318,9,4,5,34,41,0.8225515254800514,Delay
422,35.685051324161655,386.31494867583837,14,2,29,27,74,1.0297048012288426,Risk
471,262.14650731230415,208.85349268769585,5,2,27,23,78,0.8828074944898429,Delay
40,12.290872697166154,27.709127302833846,11,3,22,28,54,0.5716681613807679,Delay
154,144.2465050818855,9.753494918114512,7,2,46,17,30,0.6047693972786679,Delay
523,36.95249006619373,486.0475099338063,15,2,0,7,47,1.2895429236446687,Risk
317,81.01058993335549,235.9894100666445,12,1,14,3,59,1.2728613833175333,Risk
421,271.5560041869552,149.4439958130448,6,2,27,31,43,0.793001247496524,Delay
513,77.68829781696016,435.31170218303987,4,5,45,37,65,1.119879232717922,Delay
289,130.13774976523902,158.86225023476098,15,5,22,11,41,0.9617259937170118,Delay
317,207.01047283934264,109.98952716065736,7,5,31,35,86,0.6779712542313904,Delay
343,144.90940525906274,198.09059474093726,7,3,5,39,46,1.356839524783367,Delay
116,75.85682649164865,40.14317350835135,8,5,6,26,75,0.6550790756872243,Delay
178,30.711690768344678,147.28830923165532,2,2,1,29,48,1.245376241755829,Delay
120,47.0281588434288,72.9718411565712,12,3,45,17,50,0.820988816583008,Delay
207,39.35582082624823,167.64417917375178,8,5,41,31,56,0.5501959170101198,Delay
147,8.820741970315577,138.17925802968443,6,1,31,38,31,0.850489338355855,Delay
261,255.90999997907582,5.09000002092418,3,4,5,31,52,0.8715846662202683,Delay
382,151.97189847044342,230.02810152955658,7,5,37,40,92,0.7264026925245115,Delay
435,335.4020936156982,99.59790638430178,4,4,6,2,28,0.7098435261189494,Delay
135,54.82540938759063,80.17459061240936,3,3,50,33,64,1.0879125074927942,Delay
374,78.72546993030612,295.27453006969387,2,5,9,24,76,1.2203955570567047,Delay
183,29.83702219683565,153.16297780316435,11,4,44,18,55,0.5630121260915589,Delay
208,61.691879990569475,146.30812000943052,6,1,35,0,77,0.8065321622898038,Risk
45,3.36520457974735,41.63479542025265,12,2,1,35,88,0.8284839876041808,Risk
350,3.7405878300145137,346.25941216998547,5,3,40,19,67,1.0368347697854485,Delay
490,403.0508597770697,86.94914022293028,12,3,44,35,43,1.4863795999074447,Delay
314,125.81808505923763,188.18191494076237,2,1,35,3,75,1.0880742167258215,Delay
538,283.05785650281706,254.94214349718294,12,5,50,31,25,0.8479824812000994,Delay
290,207.1787262288427,82.82127377115731,8,2,27,15,35,0.5217401648439933,Delay
40,18.475695952848184,21.524304047151816,13,2,30,37,21,1.2002350057664888,Delay
518,348.99898507141387,169.00101492858613,2,2,15,31,69,1.2541534363738616,Delay
257,136.99016897597403,120.00983102402597,4,3,30,25,67,1.3087890760998024,Delay
336,178.5848351146256,157.4151648853744,10,4,24,29,20,0.7068105144745782,Delay
165,51.23486658914222,113.76513341085777,13,4,50,11,88,1.3511338012979328,Delay
62,16.84369998908995,45.15630001091005,8,1,27,0,58,1.0803003231680521,Delay
156,88.74016819098536,67.25983180901464,3,5,5,3,26,1.4148029032332325,Delay
394,290.4887468487672,103.51125315123278,12,5,20,7,54,1.2845882506842439,Delay
328,153.1898162256498,174.8101837743502,11,2,44,27,33,0.9018187865971323,Delay
502,331.05890043154534,170.94109956845466,2,2,42,13,48,1.2022265912247043,Delay
134,83.17691305100888,50.82308694899112,4,3,38,4,81,1.2637402571980112,Delay
209,108.46953277259797,100.53046722740203,11,4,37,10,85,0.9883859610447976,Delay
177,169.5805552404832,7.419444759516807,10,2,28,39,77,1.3306844202352721,Delay
399,106.11913511483868,292.8808648851613,2,2,25,35,74,1.1564436589482845,Delay
237,7.957788916328059,229.04221108367193,3,5,11,25,65,0.528291320442549,Delay
175,129.9741057147292,45.025894285270795,3,4,39,12,28,1.3761439471297243,Delay
199,32.76059630275903,166.23940369724096,9,2,28,19,49,0.8117931014297621,Delay
211,125.67486525737297,85.32513474262703,14,1,37,6,70,0.7296332867835541,Risk
160,44.464213709049915,115.53578629095009,12,2,44,37,24,0.8093127037565409,Delay
433,179.77830527328666,253.22169472671334,14,4,30,24,40,0.6072246487917742,Delay
492,283.4143025665621,208.58569743343787,10,5,36,3,32,1.1111236643496074,Delay
159,145.85174105575746,13.148258944242542,11,2,18,14,92,0.6124407654193669,Delay
295,184.9022101926151,110.09778980738491,11,2,21,21,68,1.1923167036895326,Delay
399,364.3484972048113,34.65150279518872,11,3,13,28,74,0.8410022042560177,Delay
535,102.81249029149419,432.1875097085058,2,4,45,14,53,0.9725024343475411,Delay
499,139.3467520871514,359.6532479128486,9,3,50,25,56,1.1459644722729183,Delay
78,13.37816143500867,64.62183856499134,10,2,32,31,65,0.8279057597311127,Delay
117,36.82841754868879,80.17158245131121,13,5,16,17,24,1.171539418245421,Delay
404,184.36058408457,219.63941591543,14,2,40,16,56,1.4960794866765061,Delay
312,81.75883760361546,230.24116239638454,8,5,31,27,21,0.5995935546806571,Delay
85,38.29845522842081,46.70154477157919,15,3,7,1,98,1.4853579223170799,OnTime
106,99.8839816665635,6.1160183334365,12,1,24,5,30,1.4748927757237604,Delay
438,312.83233544261185,125.16766455738815,11,5,0,22,100,1.4735805297148659,Delay
380,73.7742428122642,306.2257571877358,3,5,45,19,60,1.2572685392940581,Delay
236,78.5624909752908,157.4375090247092,2,4,47,1,84,0.6384424055601414,Delay
232,43.819659959798194,188.1803400402018,10,5,1,22,35,1.2448690082214715,Delay
461,434.1498516775129,26.850148322487087,13,3,4,25,94,1.142563414595101,Delay
234,4.856749399353892,229.1432506006461,14,4,20,36,43,1.4454978579185151,Delay
201,92.00931728928106,108.99068271071894,11,1,7,22,76,0.6282043476073759,Risk
225,68.30481332899227,156.69518667100772,14,5,33,20,59,1.440201031506943,Delay
429,317.2529274619329,111.74707253806707,11,1,43,19,37,1.1972848405790175,Delay
209,37.18034579709175,171.81965420290825,2,4,10,11,75,0.5793539802125143,Delay
445,322.03581965209605,122.96418034790395,12,2,23,30,63,0.8585910538027043,Delay
240,223.38832353828263,16.611676461717366,12,1,32,28,31,0.9147840345064762,Delay
85,65.06815845234279,19.931841547657214,8,4,20,18,42,1.1936563565806724,Delay
334,135.9271808645376,198.0728191354624,3,2,41,40,31,1.0142555205440018,Delay
292,131.89099534873392,160.10900465126608,8,2,25,14,63,0.9413717256921271,Delay
291,117.2824870914403,173.71751290855968,9,4,37,20,34,1.261493127808001,Delay
425,66.71473691654867,358.28526308345135,2,1,4,24,53,0.9265876785215725,Delay
60,55.66915966651445,4.330840333485547,5,2,24,39,47,1.13666008259196,Delay
482,350.1479518117714,131.8520481882286,12,4,37,38,82,1.2751249140959864,Delay
262,189.1471342928113,72.8528657071887,7,5,3,26,42,1.4903504261286096,Delay
488,116.34370306404257,371.6562969359574,13,4,27,10,56,0.7949126762447136,Delay
374,240.96002763860284,133.03997236139716,10,5,12,2,68,1.4715904525358674,Delay
60,6.0172309085980995,53.9827690914019,3,1,18,7,95,0.837946585949711,Risk
328,149.44602584783425,178.55397415216575,6,4,40,24,20,1.0545467321626105,Delay
299,117.74776794448869,181.2522320555113,8,3,26,0,76,1.0265301085951832,Delay
86,11.424065672329224,74.57593432767078,3,5,7,16,87,1.1545006427441176,Delay
470,221.41866822352287,248.58133177647713,13,4,1,8,37,0.5303082948061011,Delay
519,327.8352970819795,191.1647029180205,4,4,8,10,76,1.2578802172497905,Delay
279,114.00917623212388,164.99082376787612,4,3,1,18,55,0.8517348213973719,Delay
155,78.26478466358165,76.73521533641835,12,4,19,9,28,1.355778714111947,Delay
393,14.118065152989788,378.8819348470102,12,5,49,11,42,1.4224304759771496,Delay
324,183.07290352482906,140.92709647517094,13,5,45,12,78,0.9613996892121103,Delay
233,81.37228419376125,151.62771580623877,11,3,33,29,36,0.8922400527670978,Delay
378,55.54966176626975,322.45033823373024,12,4,30,24,25,0.9075303384407913,Delay
478,316.40249311773647,161.59750688226353,14,4,31,13,91,0.6505248710261766,Delay
183,49.00614949147013,133.99385050852987,5,1,4,16,51,0.9811044837424687,Delay
295,151.03464961058648,143.96535038941352,6,4,13,15,28,0.719458704710824,Delay
405,391.9006491088473,13.09935089115271,6,5,11,28,26,0.5828133556001234,Delay
279,94.06964097729782,184.9303590227022,3,1,34,11,61,1.1291675135619337,Delay
98,41.55666140886262,56.44333859113738,12,2,31,20,62,0.689819518775145,Delay
425,100.18414058981148,324.8158594101885,6,3,30,32,31,1.3312299397349467,Delay
326,76.17234568227893,249.82765431772106,4,5,11,19,21,0.610097389524447,Delay
67,0.1750003727034687,66.82499962729653,10,4,32,14,45,0.7833619681604587,Delay
87,3.0495837364357783,83.95041626356422,6,2,0,1,87,1.2157297571718377,OnTime
340,127.54534404960144,212.45465595039855,15,3,40,4,53,0.6268339994577861,Delay
414,49.83422039250516,364.16577960749487,2,5,15,33,75,1.313757621199513,Delay
509,173.43152863146014,335.56847136853986,3,5,1,39,76,1.27212246371201,Delay
255,159.21785874292638,95.78214125707362,15,1,7,33,32,1.3714141301504799,Delay
130,46.93324666237899,83.06675333762101,11,4,29,8,67,0.743822089369381,Delay
61,51.16692631315789,9.833073686842113,7,1,20,30,80,0.616853127876058,Delay
319,230.37798991912032,88.62201008087968,12,1,27,2,65,1.1996381342934894,Delay
183,20.152507044574616,162.8474929554254,7,1,50,12,65,1.330887896578993,Delay
249,175.79114071508232,73.20885928491768,6,4,13,34,98,1.2999571606655511,Delay
194,170.54718024571687,23.452819754283126,8,3,20,25,44,0.6287454007983162,Delay
135,48.026087575234236,86.97391242476576,11,5,45,7,89,0.966613967684849,Delay
119,16.522629592554335,102.47737040744566,11,3,38,26,71,1.3446188403469088,Delay
46,39.55746470537286,6.442535294627142,9,3,7,38,24,0.9341136469617298,Delay
101,50.58714712004196,50.41285287995804,6,5,19,29,88,1.4748777072342372,Delay
268,151.32167245758055,116.67832754241945,2,5,31,29,84,0.7414883531507438,Delay
206,51.72248512432875,154.27751487567124,10,2,36,20,100,1.0753335060883664,Risk
165,160.4102211874758,4.589778812524202,11,1,26,39,54,0.7061692730117717,Delay
202,100.21697597241578,101.78302402758422,14,3,34,0,44,1.45459869073517,Delay
62,25.125270608760644,36.874729391239356,4,4,35,27,49,1.229148875396049,Delay
447,15.63542806383224,431.36457193616775,7,5,11,18,23,0.5017363176986178,Delay
74,59.47320745092194,14.52679254907806,4,3,50,26,58,1.1640889631119165,Delay
441,266.2963468689368,174.70365313106322,14,5,29,5,71,0.5463892247928217,Delay
485,108.7593004782867,376.2406995217133,15,4,1,21,70,0.5209670648621917,Risk
387,242.75135849730546,144.24864150269454,3,4,8,35,90,1.0091511245094016,Delay
35,15.218055514186752,19.78194448581325,2,3,33,28,41,1.100194797126448,Delay
318,175.86666601155346,142.13333398844654,14,2,34,17,93,1.4741450194861603,Risk
169,60.21180227775556,108.78819772224443,10,5,48,35,76,1.43186474614915,Delay
152,6.617404128507071,145.38259587149292,5,4,42,15,81,0.7354138548295608,Delay
182,101.17463385808789,80.82536614191211,15,5,23,14,70,1.4971178773077267,Delay
147,79.24997391836017,67.75002608163983,9,4,16,7,20,0.9587907957740568,Delay
187,172.08775143135813,14.912248568641871,10,2,9,19,41,0.9813793862928909,Delay
226,90.11653986100575,135.88346013899425,3,5,26,16,48,0.6283009786111592,Delay
438,310.19459165202676,127.80540834797324,12,1,12,25,25,0.6873738203074525,Delay
279,177.6214898101918,101.3785101898082,3,2,25,3,25,1.1443496454241757,Delay
378,185.3993165200409,192.6006834799591,10,5,20,31,23,0.5900375746335559,Delay
108,31.536063555867543,76.46393644413246,13,5,40,33,57,0.9024277209064314,Delay
517,302.65202890410563,214.34797109589437,5,2,21,0,60,0.9236691493449868,Delay
240,54.329575547923255,185.67042445207676,11,5,11,19,80,0.9171197345183028,Delay
151,35.359759525073805,115.6402404749262,14,4,46,23,86,1.017683386855384,Delay
171,119.33257487535217,51.667425124647835,6,4,24,37,84,0.5856317521041301,Delay
146,33.23591955242154,112.76408044757846,2,2,29,39,93,0.5457636876594982,Delay
406,2.6029178054797666,403.39708219452024,11,1,8,10,84,0.831807884832778,OnTime
535,22.18301372651288,512.8169862734871,11,4,41,6,48,1.4701310197584827,Delay
62,55.60565075320624,6.394349246793759,5,5,25,5,93,0.6915894447379143,Delay
441,332.0227165403537,108.97728345964629,9,1,22,5,43,1.2513210177244634,Delay
433,357.4759446736671,75.52405532633293,13,1,7,37,44,0.8004496551841122,Delay
375,173.92172248435753,201.07827751564247,14,1,24,34,64,0.5876911068891811,Delay
263,0.8540322601755068,262.14596773982447,13,3,32,22,50,0.6984625280343973,Delay
125,26.813695859826638,98.18630414017336,5,2,28,10,23,1.2560748501128884,Delay
318,102.77670276631997,215.22329723368003,10,4,21,13,39,0.953122965953071,Delay
50,26.14231156581553,23.85768843418447,15,4,22,7,81,1.0750728453916314,Risk
327,195.61089194701032,131.38910805298968,4,5,4,6,24,1.2916293837600925,Delay
249,178.9887578917048,70.01124210829519,2,2,15,16,78,0.9866673785192854,Delay
165,129.3093750995403,35.69062490045971,3,3,12,4,71,1.144763344579938,Delay
389,283.4309503273454,105.56904967265461,3,4,10,28,57,1.2672416547124217,Delay
439,174.33608264713166,264.66391735286834,9,4,31,12,29,0.919071935854775,Delay
356,190.29963938431425,165.70036061568575,4,4,25,25,26,1.270404906943718,Delay
314,218.36673073145423,95.63326926854577,4,3,0,16,22,1.1802327314991565,Delay
200,33.96895835874467,166.03104164125534,10,2,25,6,39,0.7487125102173995,Delay
463,237.54814777810478,225.45185222189522,15,3,1,37,74,0.5363374066425218,Delay
361,294.6971593370826,66.30284066291739,5,2,29,16,85,0.5253667422100226,Delay
112,91.83258949833184,20.167410501668158,13,5,6,37,24,0.880196087427618,Delay
427,122.52619509902851,304.47380490097146,8,5,35,36,20,0.7205944653852346,Delay
74,8.754983052638302,65.2450169473617,7,1,41,1,82,0.5939964731078077,Risk
373,10.873793334106338,362.1262066658937,8,2,33,32,82,0.579937012134734,Delay
170,49.38819650354169,120.61180349645831,5,3,45,15,57,0.8313096880745497,Delay
477,114.12819073570948,362.8718092642905,3,5,27,29,84,0.9341574764479235,Delay
253,93.91055797902091,159.0894420209791,12,4,25,23,22,1.1778081129195175,Delay
245,222.44773741206757,22.552262587932432,11,3,25,33,56,0.8822830729270971,Delay
265,226.594196900233,38.40580309976701,3,2,30,28,52,1.2502973881700594,Delay
533,489.5906016502009,43.40939834979912,3,5,30,15,99,1.2310564320576232,Delay
121,35.02686770355229,85.97313229644772,7,4,30,6,74,0.9126635818465095,Delay
423,124.50517561138231,298.4948243886177,2,3,22,17,39,0.7838501562421534,Delay
335,315.1785667244598,19.821433275540187,15,5,46,8,81,1.132350995646318,Delay
517,360.7084215459312,156.29157845406883,4,5,41,13,42,0.9588236580120443,Delay
437,386.2701634813171,50.72983651868287,13,3,28,35,77,0.6867595702039091,Delay
146,60.94801935128688,85.05198064871311,3,4,4,24,92,0.630471118431113,Delay
489,331.84857755775795,157.15142244224205,12,2,0,3,26,0.7621134935902485,Delay
106,29.838509736975645,76.16149026302435,7,2,42,19,36,1.4987073008717342,Delay
474,390.1620382612285,83.83796173877153,12,5,20,28,34,0.8995262705428259,Delay
196,188.27553441969192,7.7244655803080775,9,1,40,4,81,1.355646412924991,Delay
356,216.17532519786656,139.82467480213344,13,1,48,23,79,1.4547382639711524,Delay
312,141.28875428735492,170.71124571264508,2,4,14,32,62,0.7967119270274963,Delay
322,47.12992106881095,274.870078931189,5,5,5,10,31,0.6601230482762804,Delay
398,191.1683781126658,206.8316218873342,11,1,17,38,25,0.8740194076880208,Delay
64,62.32078207441343,1.6792179255865705,15,5,47,35,56,0.6368212900767187,Delay
441,66.12335055805094,374.87664944194904,12,5,26,36,47,0.8997484990810487,Delay
481,464.1540645317791,16.845935468220887,14,1,29,0,44,0.5619342854276972,Delay
341,145.19532784122566,195.80467215877434,3,4,35,18,67,0.5225821064414555,Delay
401,202.21018371468497,198.78981628531503,5,4,34,30,48,0.9368018403906971,Delay
361,176.84467234507798,184.15532765492202,9,4,24,4,54,1.3576310392268507,Delay
286,97.82852339414045,188.17147660585954,6,1,41,17,84,0.9543470744198663,Delay
148,101.48033746371696,46.519662536283036,13,5,49,4,24,1.2520577488289948,Delay
182,102.4650764398116,79.5349235601884,8,3,5,22,21,0.860145948953805,Delay
308,271.37386479924425,36.626135200755755,10,5,19,21,29,1.3119391879609639,Delay
501,126.71798361017578,374.2820163898242,10,1,1,21,84,0.7729738337136598,Risk
117,79.44312319687938,37.556876803120616,6,4,20,7,71,1.4527886800384304,Delay
166,163.16025094580547,2.8397490541945274,13,4,21,28,34,1.2317795882710258,Delay
107,58.44260262390583,48.55739737609417,10,4,1,4,26,1.4963599039443896,Delay
280,208.47118478229373,71.52881521770627,4,3,29,40,78,1.3364308697880032,Delay
213,34.996222772135724,178.00377722786428,6,4,36,18,48,1.0581131047490757,Delay
416,206.1113670411513,209.8886329588487,12,4,0,31,74,1.4142902322344142,Delay
269,126.00413604026582,142.99586395973418,7,1,39,33,83,1.3589589816889522,Delay
147,106.84890650963764,40.151093490362356,11,5,21,3,27,0.8725012617958575,Delay
77,48.55689780976312,28.44310219023688,10,3,7,25,77,1.278678189906274,Delay
360,82.93085080411205,277.0691491958879,2,1,29,11,27,1.4277166796401368,Delay
518,207.23930723566795,310.760692764332,12,3,10,25,82,0.8393921437467875,Risk
112,47.31455720343394,64.68544279656606,14,3,45,23,42,0.8699728188671587,Delay
279,177.18243933023314,101.81756066976686,15,5,14,14,60,1.0210773559009874,Delay
75,47.96008497885548,27.039915021144523,3,2,24,7,32,0.5390827770971921,Delay
387,38.35969014651775,348.6403098534822,5,5,50,35,83,0.9152467910918046,Delay
170,22.564222498302648,147.43577750169734,4,5,20,17,75,1.0712973092097244,Delay
103,26.954747620300907,76.0452523796991,6,4,12,3,58,1.0531564422538835,Delay
271,90.56575214100081,180.43424785899919,13,3,7,0,67,0.9355630907465149,Risk
461,258.9223798305165,202.0776201694835,13,2,36,3,78,1.4107364024657998,Risk
246,123.93693169791052,122.06306830208948,4,5,35,15,92,0.7446236246366009,Delay
170,39.847529038987,130.152470961013,10,5,23,39,46,1.2274054295886103,Delay
377,16.445001623444117,360.5549983765559,10,3,17,35,87,0.7646081061858225,Risk
123,74.78906029482205,48.21093970517795,7,2,3,15,56,0.7991052275921126,Delay
303,239.7882314944218,63.21176850557819,7,1,34,2,100,1.0249016526188401,Risk
44,21.560791504387225,22.439208495612775,15,1,45,23,89,0.5978360328516175,Risk
196,1.5592944565641251,194.44070554343588,7,2,8,12,60,1.1590332701445398,Delay
459,217.24315908234942,241.75684091765058,6,2,39,39,26,1.3474839342614082,Delay
405,339.08937934932123,65.91062065067877,4,2,30,30,82,0.9174973115343106,Delay
49,42.58773599522097,6.412264004779033,4,1,43,9,27,0.8248122868162485,Delay
48,46.69060373267139,1.3093962673286086,15,4,1,8,89,0.779118105927749,Delay
125,16.086211999458687,108.91378800054132,15,1,22,14,88,0.8752869513180956,OnTime
375,330.6103806980771,44.38961930192289,14,4,30,19,57,0.8193359915958631,Delay
402,203.50772488888344,198.49227511111656,3,1,9,34,68,1.362834646218034,Delay
46,5.431314134260819,40.568685865739184,10,1,30,26,91,1.1665735775506616,Risk
231,84.27838776683038,146.72161223316962,5,1,2,5,42,1.0620192892870703,Delay
259,166.13797369438342,92.86202630561658,5,4,49,15,31,1.089247061979928,Delay
130,74.47819400392352,55.52180599607648,3,4,31,10,70,1.3355429786856556,Delay
164,8.887494225468686,155.11250577453131,14,2,12,20,98,0.910634707424911,OnTime
115,35.71187432222912,79.28812567777088,14,3,33,31,56,0.7028486313586968,Delay
529,293.35998708287474,235.64001291712526,4,4,3,30,99,0.6085295515686389,Delay
509,300.6898519319654,208.3101480680346,7,2,24,40,86,1.4115751986983374,Delay
500,162.31982226103503,337.68017773896497,7,1,48,29,67,0.8129463516503137,Delay
489,172.37032523881564,316.62967476118433,13,4,18,1,37,0.7594358709231193,Delay
125,48.77214317265188,76.22785682734812,3,3,47,26,50,0.5367623758447398,Delay
270,21.7559078199608,248.2440921800392,7,3,1,34,72,1.2607133560834147,Delay
417,387.116036001355,29.883963998645015,2,1,3,11,98,0.7034407068871517,Delay
232,208.07882548816156,23.921174511838444,7,1,39,10,49,0.5631327449250945,Delay
481,252.1221752101717,228.8778247898283,13,2,24,36,43,0.8149618402715516,Delay
471,404.08702006368827,66.91297993631173,15,2,48,40,88,1.498904634614533,Delay
250,229.44879204415366,20.551207955846337,14,1,28,5,22,0.565043355696489,Delay
418,411.4388812613946,6.561118738605387,5,2,18,24,95,0.9124941155525346,Delay
464,224.11464750907894,239.88535249092106,6,4,16,9,22,1.276502919834717,Delay
328,294.4253739342291,33.57462606577087,8,1,39,39,69,1.2734850290045618,Delay
405,330.93227101506005,74.06772898493995,5,4,44,5,30,1.2217258229488763,Delay
404,352.68368809938477,51.31631190061523,8,5,36,22,64,1.238251392769751,Delay
232,196.5167571855023,35.483242814497686,9,4,41,18,86,1.0114512521474157,Delay
178,135.26399008014815,42.73600991985185,9,3,10,18,69,0.5500448640780637,Delay
81,54.130730273332254,26.869269726667746,8,4,48,34,23,0.6509955105155508,Delay
231,11.97909946135939,219.0209005386406,10,3,2,8,56,1.294138087897144,Delay
494,481.28197426166156,12.71802573833844,8,2,8,17,87,1.2314960290580008,Delay
93,48.44785759075003,44.55214240924997,4,4,38,32,46,0.5267752032435719,Delay
153,71.49166620105458,81.50833379894542,13,1,11,5,79,1.2918770350491386,Risk
58,48.81686680162354,9.18313319837646,11,5,42,27,44,1.4506040486463672,Delay
161,8.08984147569068,152.9101585243093,8,4,18,29,90,0.5494922994906635,Risk
167,110.3941734060148,56.6058265939852,10,1,36,33,36,1.4599741233177106,Delay
132,91.92114244705161,40.07885755294839,14,4,0,10,95,1.097371691767156,Risk
417,95.06544641305558,321.9345535869444,13,5,6,0,28,0.7163540630137399,Delay
539,142.57768932144705,396.42231067855295,6,3,41,39,79,1.369398992514165,Delay
449,366.35431565911404,82.64568434088596,3,2,25,5,97,0.6408274018663067,Delay
360,172.84067789067677,187.15932210932323,12,1,19,6,92,1.3107000026910152,OnTime
170,97.06227528283354,72.93772471716646,7,5,22,14,94,1.12783739106046,Delay
175,163.44176848800217,11.558231511997832,11,5,11,15,48,1.2680735202619888,Delay
87,56.379493193880315,30.620506806119685,11,5,37,23,67,0.6332148514376182,Delay
174,23.86391916201579,150.1360808379842,13,4,13,16,53,1.085753825317794,Delay
505,158.08623993455265,346.9137600654474,14,3,25,9,97,1.1152100280187507,OnTime
337,215.8226812211142,121.17731877888579,2,4,46,24,31,0.638164578258054,Delay
441,217.87688891940203,223.12311108059797,3,2,21,16,31,1.1955392287446285,Delay
342,146.44560764339383,195.55439235660617,13,4,18,26,40,1.3596814135497555,Delay
316,171.79021780272151,144.20978219727849,11,3,39,12,57,0.6387470502903123,Delay
424,212.9606810742639,211.0393189257361,2,1,16,8,37,0.604821691436641,Delay
529,103.05348396826832,425.9465160317317,10,2,2,38,20,0.5359312961558381,Delay
445,57.78791344596703,387.21208655403296,7,2,14,33,80,1.3008862368815746,Delay
314,5.170113766321826,308.82988623367817,10,3,17,5,76,0.8937314786114036,Risk
484,406.7806486541298,77.21935134587022,12,3,12,34,29,1.4930723144124158,Delay
493,420.416956965109,72.58304303489098,15,5,46,3,84,1.4971683710504418,Delay
480,415.6071661549146,64.39283384508542,13,1,6,7,65,0.5319591767585232,Delay
325,91.5203484293105,233.4796515706895,5,4,27,39,93,1.2503568569340522,Delay
502,140.2301686366714,361.7698313633286,4,4,19,22,42,1.2022353612308114,Delay
224,32.80049259206692,191.19950740793308,10,5,6,29,30,0.8088609742149089,Delay
352,342.9900393694204,9.009960630579599,15,5,48,20,49,0.6199349253586217,Delay
248,106.77819376601293,141.22180623398708,9,3,16,2,45,0.5926049300179994,Delay
361,182.44268662582647,178.55731337417353,8,5,21,31,27,0.7879054870698919,Delay
406,333.76919200124894,72.23080799875106,10,5,0,35,82,0.5338425682304216,Delay
148,104.54371698266691,43.45628301733309,15,5,33,25,51,1.0932662800980717,Delay
532,452.32549834606897,79.67450165393103,8,3,44,32,85,1.286699162347799,Delay
407,231.02069133273784,175.97930866726216,5,5,43,27,96,0.5121677562839398,Delay
175,73.28417926128206,101.71582073871794,14,1,17,30,77,1.1936260996217976,Risk
417,308.5316719365064,108.46832806349357,8,3,0,14,65,1.459801341823649,Delay
529,520.9100510333956,8.089948966604425,11,3,46,20,60,0.7876578691929,Delay
313,123.90752302317796,189.09247697682204,11,3,21,36,32,1.2217389811661612,Delay
328,228.9412750545109,99.0587249454891,9,5,21,22,58,1.106266516942749,Delay
427,406.03894478100744,20.961055218992556,4,4,11,14,67,1.1098809634230287,Delay
201,87.35636835779002,113.64363164220998,2,1,39,27,85,0.891412529196885,Delay
160,17.71849477280508,142.2815052271949,5,2,11,6,72,1.2092503339551777,Risk
526,505.1846940416193,20.81530595838069,12,4,34,19,60,1.4886232328339142,Delay
173,159.552758379156,13.44724162084401,15,1,34,1,96,1.1864846419198805,Risk
143,78.34355702624151,64.65644297375849,12,3,1,24,47,1.1045289237224685,Delay
99,96.42694068012987,2.5730593198701257,3,1,21,34,72,1.4399288196129212,Delay
231,196.51371276282526,34.486287237174736,3,5,37,4,48,1.4525887966250304,Delay
520,472.1786490155458,47.82135098445423,9,5,25,17,76,1.4939086938428545,Delay
497,402.1194612690545,94.88053873094549,8,3,47,6,22,0.833749358012737,Delay
255,31.684291599908914,223.3157084000911,2,4,18,38,40,0.5816615397843655,Delay
58,48.039602879139096,9.960397120860904,7,3,12,6,31,1.0559412942508248,Delay
334,285.9043824213686,48.09561757863139,2,3,40,6,80,1.3451807086575531,Delay
345,22.78556599935476,322.21443400064527,11,3,0,13,72,0.6291492227306831,Risk
256,13.07166360789094,242.92833639210906,4,2,11,39,90,1.3405503819562545,Risk
206,76.91490153791186,129.08509846208813,13,4,25,37,68,0.9971412721289384,Delay
278,177.14066599143365,100.85933400856635,15,1,12,13,88,0.7438407756411531,Risk
324,251.21499605086018,72.78500394913982,2,4,45,5,40,0.8061705666487461,Delay
71,45.42228647188858,25.577713528111417,15,1,50,20,68,0.8102163007404757,Delay
139,71.23857213023553,67.76142786976447,9,3,17,21,54,1.3454458987714961,Delay
333,21.16129450400328,311.8387054959967,6,2,29,21,52,1.147424681460592,Delay
467,438.77432843987026,28.22567156012974,9,3,18,28,29,0.6158867368593747,Delay
107,26.274888952529473,80.72511104747053,15,4,47,4,98,0.6902198368964337,Risk
305,232.6554001523475,72.34459984765249,11,2,46,17,70,0.8458044077062302,Delay
414,354.28785121455434,59.71214878544566,13,2,25,35,22,0.6135908248731949,Delay
109,64.5696011888119,44.4303988111881,13,1,31,18,48,1.383390831419319,Delay
300,260.84472389876805,39.15527610123195,2,2,39,19,62,1.0671305255963963,Delay
417,15.053913379645257,401.9460866203547,14,1,8,14,84,1.3527228526758766,OnTime
455,447.38215257176205,7.617847428237951,2,1,31,5,29,1.1768999188332674,Delay
415,264.5430503944265,150.45694960557353,12,5,26,6,33,1.0794775191074724,Delay
465,98.93924939728375,366.06075060271627,3,1,49,16,27,0.9385140402166556,Delay
152,38.87816199163655,113.12183800836345,6,2,16,39,73,0.6297295513356382,Delay
395,220.41745216074514,174.58254783925486,2,4,13,2,23,1.4690960286974422,Delay
323,74.24339014368446,248.75660985631555,4,2,43,13,89,1.1912855448893167,Delay
390,361.30764817448915,28.692351825510855,14,2,43,37,75,1.4683190218979751,Delay
421,247.70875828081398,173.29124171918602,10,4,1,35,27,1.4233190783678213,Delay
134,87.72560260267664,46.274397397323355,13,2,28,29,24,0.6685351106161177,Delay
230,4.5221545200883595,225.47784547991165,6,5,27,16,58,0.8365666561624548,Delay
269,216.2976605639639,52.70233943603611,3,3,19,21,50,1.4297887440937593,Delay
438,305.73396295159716,132.26603704840284,9,1,34,23,69,0.7637765832730624,Delay
318,237.09630562524984,80.90369437475016,14,2,10,33,60,0.7962903882508969,Delay
188,10.919955960844298,177.0800440391557,6,4,36,14,32,1.1139560524816496,Delay
337,192.34234796875265,144.65765203124735,3,3,13,30,21,0.7381330314792668,Delay
34,6.157721026395505,27.842278973604493,9,2,7,38,96,1.364358503400717,Risk
501,8.461821567081902,492.5381784329181,2,2,36,22,34,1.1072591223887034,Delay
529,271.95570778319836,257.04429221680164,7,1,34,16,48,0.8830661562578962,Delay
327,249.52692163553567,77.47307836446433,12,4,19,18,63,0.649737502422883,Delay
468,410.21471550470477,57.78528449529523,3,3,35,15,80,1.4865698765006323,Delay
165,95.45940053005194,69.54059946994806,14,2,20,17,88,1.1638638139377857,Risk
306,265.75403789271786,40.24596210728214,3,5,41,27,63,0.6078659110798421,Delay
236,194.39506247248116,41.60493752751884,10,3,7,17,24,1.45399784305732,Delay
375,168.78134516547644,206.21865483452356,8,5,15,9,43,1.1606123904608432,Delay
321,179.22309484300263,141.77690515699737,5,4,6,14,32,0.8274225230661605,Delay
133,2.8819629005581984,130.1180370994418,12,1,1,28,68,1.4044416922752083,Risk
275,132.13243665819712,142.86756334180288,12,1,42,23,74,0.7466724581720569,Delay
428,36.90872009276021,391.09127990723977,15,4,6,29,33,1.2999714744690662,Delay
341,186.80834961245301,154.19165038754699,12,1,4,22,59,0.5141996259613715,Delay
146,19.59073243855443,126.40926756144557,15,4,2,6,22,0.7422243304621178,Delay
484,243.19554075559873,240.80445924440127,11,4,16,36,56,1.28163091938934,Delay
385,270.20438862490715,114.79561137509285,6,2,50,1,23,1.1637578094850909,Delay
200,178.51078369475323,21.48921630524677,6,5,47,25,40,0.8368760730319584,Delay
160,146.84458668840688,13.155413311593122,9,1,32,7,84,0.7956999722451746,Delay
203,43.36935326123723,159.63064673876278,15,5,3,34,22,0.824499444659975,Delay
254,193.57398211406957,60.426017885930435,5,4,40,35,44,1.0274875162042931,Delay
40,24.246281124599633,15.753718875400367,14,4,11,10,48,0.5875108415465395,Delay
458,77.2990859753378,380.7009140246622,3,2,4,32,91,0.9652142036828503,Risk
170,39.97567016865433,130.02432983134565,14,2,15,36,89,1.0237630749017699,Risk
98,7.1429674225836335,90.85703257741636,15,4,47,15,50,0.9792330909391699,Delay
323,230.61034600168728,92.38965399831272,5,5,49,13,69,0.6662444503562177,Delay
320,243.20159612518415,76.79840387481585,4,2,40,18,73,0.8491986804908511,Delay
94,31.320842117291626,62.679157882708374,9,3,16,31,30,0.6840556804862986,Delay
289,179.94289918074148,109.05710081925852,10,1,36,23,56,0.5675560628654349,Delay
206,170.8953538782386,35.10464612176139,14,2,46,16,69,0.8137856890351378,Delay
471,448.27714787519943,22.722852124800568,4,3,19,11,78,0.7946584324347442,Delay
139,68.48842207836431,70.51157792163569,6,4,20,3,90,0.8708348922639356,Delay
108,84.58845645675464,23.411543543245358,7,2,19,28,84,1.4867567791871075,Delay
252,174.84096693184998,77.15903306815002,2,2,1,34,32,0.9804855114393449,Delay
63,22.093619097520346,40.906380902479654,6,1,0,21,94,1.3972695274319102,Risk
484,363.70144568386775,120.29855431613225,10,3,19,13,80,0.8012997530812858,Delay
400,114.94242028448664,285.0575797155134,11,3,16,1,98,1.3227689028546523,OnTime
136,68.67671147891932,67.32328852108068,8,5,26,33,54,0.564831468110169,Delay
420,50.086395531722715,369.9136044682773,15,2,42,8,43,0.8238230034605802,Delay
196,182.4466131937499,13.553386806250103,2,4,33,13,62,0.5813383949161797,Delay
408,339.40954758166464,68.59045241833536,2,4,7,14,96,0.9518181797933839,Delay
376,251.71915349856195,124.28084650143805,11,1,44,37,88,0.702837791274341,Delay
373,339.0075671631316,33.992432836868375,10,5,48,33,25,0.9447300776619091,Delay
241,168.05765886204233,72.94234113795767,5,4,15,9,68,1.2979089833713946,Delay
51,7.349601800468029,43.65039819953197,13,1,4,4,70,1.181355710098197,OnTime
322,142.85391632448014,179.14608367551986,11,1,49,6,71,1.090889795075178,Delay
450,13.190658290152568,436.80934170984744,14,5,17,35,62,0.9734789253619324,Delay
410,259.7007416141753,150.29925838582471,11,2,8,7,54,1.1504359262111752,Delay
515,508.59520630387976,6.404793696120237,7,5,7,5,42,0.517838536740413,Delay
370,131.18291393806706,238.81708606193294,6,2,19,22,71,1.2347817962847858,Delay
188,26.40531486248239,161.59468513751762,10,5,30,32,60,0.815501145044119,Delay
89,39.44230976962616,49.55769023037384,5,4,6,38,67,1.3187890714626742,Delay
154,134.83118553244014,19.168814467559855,15,2,46,4,83,1.3619530238735864,Delay
81,28.819516171657902,52.1804838283421,4,1,1,37,78,0.5096005935679516,Delay
514,142.07974704750794,371.9202529524921,3,3,2,6,77,0.6446882202688161,Delay
55,31.688650937325118,23.311349062674882,3,2,8,34,85,0.6390505430564155,Delay
205,15.682787582085442,189.31721241791456,5,2,12,21,100,0.6096778617399973,Risk
539,21.69732207074109,517.302677929259,8,3,42,38,83,0.6500570824974741,Delay
275,43.88145844612702,231.11854155387297,3,5,43,32,27,0.9942428851846655,Delay
526,36.39765954282888,489.6023404571711,9,4,30,40,67,1.1896470002770347,Delay
293,54.029590595690046,238.97040940430995,6,2,40,35,67,0.9497348304426945,Delay
140,27.184330961659967,112.81566903834003,10,4,35,8,42,0.7044153771573635,Delay
207,75.51985112742081,131.4801488725792,15,3,10,13,30,0.7469517890658826,Delay
117,50.41556417018362,66.58443582981639,5,5,39,29,100,0.9179918789398083,Delay
60,58.864993371479,1.1350066285209977,8,5,35,36,23,1.4277908034700038,Delay
244,32.21482078996493,211.78517921003507,11,5,44,13,81,0.873562256410329,Delay
33,1.6700089777825582,31.329991022217442,14,4,17,11,59,1.1327778737346537,Delay
381,38.235307856579354,342.76469214342063,5,2,15,25,92,1.303172767534558,Risk
74,38.3780424968048,35.6219575031952,13,5,49,26,85,1.4095244145720145,Delay
522,43.64142516730857,478.35857483269143,15,2,0,32,51,1.0186915925461115,Risk
379,105.1837927697179,273.8162072302821,2,3,24,27,60,0.6061951976849923,Delay
401,15.111446727402267,385.88855327259773,9,3,0,37,36,1.2652502192959347,Delay
101,59.46013387520687,41.53986612479313,13,4,30,26,93,0.7236576010680612,Delay
222,95.48949785688164,126.51050214311836,15,3,38,30,65,1.1352395364813554,Delay
77,33.73543815052265,43.26456184947735,4,5,42,2,67,0.620896300978385,Delay
475,400.4524836801818,74.54751631981821,13,2,33,24,86,1.296195246257073,Delay
323,59.87811403222431,263.1218859677757,14,3,2,24,48,0.7531634213289151,Delay
209,69.27751790659755,139.72248209340245,10,4,31,23,28,0.5390838608866945,Delay
120,47.0606434449305,72.93935655506951,6,5,24,26,24,1.1383068267936527,Delay
431,396.8587154954426,34.141284504557404,5,1,7,11,40,0.5443197010613952,Delay
75,10.636092206421566,64.36390779357843,9,1,28,9,90,0.9796391268055881,Risk
88,83.78723862735487,4.212761372645133,4,1,3,33,85,1.271089304260982,Delay
186,32.054905814694266,153.94509418530572,2,2,21,27,78,1.3244579875259923,Delay
373,121.83014719830794,251.16985280169206,10,1,47,0,64,1.4101980238845084,Delay
468,279.4113517603689,188.58864823963108,15,2,16,12,61,0.7003894699582424,Delay
497,167.31227841814842,329.6877215818516,15,4,18,17,69,1.4992902332957292,Delay
201,195.77126522832967,5.228734771670332,6,2,44,31,74,0.8520047938611218,Delay
336,130.85877253038257,205.14122746961743,15,1,13,5,31,1.1177589780582693,Delay
233,163.93949092464916,69.06050907535084,11,1,47,23,77,0.6236927574950922,Delay
412,122.53343265038447,289.4665673496155,7,2,16,26,34,1.2180034982339247,Delay
531,10.837539343674154,520.1624606563258,10,3,5,29,42,0.5691631268595622,Delay
407,283.97207675216833,123.02792324783167,7,2,21,8,37,0.5049315056430177,Delay
293,235.10146655200626,57.89853344799374,4,3,11,6,29,0.5240853108976214,Delay
447,353.2796901880907,93.72030981190932,13,4,22,12,50,1.1357706031753687,Delay
425,339.90856310555836,85.09143689444164,10,1,17,39,81,1.1627082218760658,Delay
100,87.75033911124677,12.249660888753226,12,1,47,16,87,1.1358503674520506,Delay
100,69.51160201141231,30.488397988587693,8,2,35,4,71,1.1225608651436034,Delay
196,27.810712705653888,168.18928729434612,8,3,28,12,92,0.6571891617304016,Risk
122,41.274413760017275,80.72558623998273,5,2,13,36,66,0.6032067546337907,Delay
493,82.36067230124752,410.6393276987525,14,1,21,25,63,0.8145477838656588,Risk
85,28.393597264069918,56.60640273593008,6,3,24,34,26,1.3830830417018827,Delay
166,109.91333351396177,56.086666486038226,11,3,45,34,72,1.3313371183564418,Delay
412,200.09484760613014,211.90515239386986,15,5,8,12,37,0.74463077638789,Delay
430,201.75517515397786,228.24482484602214,12,5,14,0,28,0.5560226914997646,Delay
51,26.953218921005483,24.046781078994517,8,3,20,16,93,1.4633408679710926,Delay
400,66.0515711427276,333.9484288572724,11,4,3,20,96,0.9336333956624557,Risk
93,21.05395796648685,71.94604203351315,11,3,37,29,22,1.0063451568131627,Delay
114,38.71055221238299,75.28944778761701,6,1,50,14,78,0.8513279017726684,Delay
102,39.76181299308616,62.23818700691384,7,2,48,16,92,1.3368427851436142,Delay
222,116.28078682689399,105.71921317310601,14,3,37,27,95,0.9439480867792063,Risk
45,3.074872444609296,41.9251275553907,6,5,40,34,64,1.202670057524636,Delay
110,79.79424637870882,30.20575362129118,15,1,17,25,60,0.7607891584086124,Delay
259,191.29559914956766,67.70440085043234,15,4,0,22,33,1.0236093316315467,Delay
123,45.68612244315565,77.31387755684435,6,4,9,28,88,1.1086464714637665,Delay
206,71.20817413681851,134.7918258631815,4,4,21,10,25,1.093855633630891,Delay
391,350.33195561729053,40.66804438270947,12,5,25,14,75,0.9955931268437868,Delay
269,108.0246022065215,160.97539779347852,13,3,49,9,69,0.6988911835459142,Delay
534,268.007593211586,265.992406788414,4,1,25,24,90,1.2871712140983345,Delay
158,19.544508268615065,138.45549173138494,7,5,11,6,21,1.0326117670900903,Delay
197,123.02047052974805,73.97952947025195,4,1,4,22,51,0.7055088703608428,Delay
54,7.277657424020384,46.72234257597962,8,2,42,38,49,0.9332325343040989,Delay
277,252.97849400842475,24.021505991575253,10,2,11,15,46,1.4658269005140232,Delay
127,49.70566485450033,77.29433514549967,6,1,12,21,97,0.9369081350919625,Risk
163,143.78302633911295,19.21697366088705,8,3,25,15,54,0.5278200220522135,Delay
399,279.42903935920043,119.57096064079957,14,5,44,25,91,1.2745676952696274,Delay
62,18.458408913451265,43.541591086548735,6,5,45,23,27,0.6213386438600347,Delay
387,127.39868731975896,259.60131268024105,12,5,17,36,27,1.177799012943725,Delay
367,350.6804028907066,16.319597109293397,11,5,20,29,77,1.4222643515306095,Delay
409,236.7820532309647,172.2179467690353,6,3,37,23,80,1.229030132694151,Delay
343,85.98439633601495,257.0156036639851,7,4,10,20,92,0.9411818661074174,Delay
383,118.01242551495845,264.98757448504153,5,5,23,34,65,0.9651016978919323,Delay
198,157.7281709966329,40.27182900336709,3,4,19,2,22,0.5926405149044426,Delay
522,372.5823596609882,149.41764033901183,13,4,21,19,89,0.729015715655103,Delay
205,86.49691001148456,118.50308998851544,11,2,49,1,88,0.7948930091631724,Risk
180,112.94718866640393,67.05281133359607,13,5,46,20,48,0.7294797677050108,Delay
280,213.35412029953636,66.64587970046364,3,1,0,16,62,0.5479453373506076,Delay
118,84.00171538741832,33.998284612581685,6,2,4,14,57,0.9768899994750354,Delay
337,24.662930866472113,312.3370691335279,13,5,46,37,43,1.071317067558477,Delay
324,285.40412519049937,38.59587480950063,10,2,13,2,89,0.807935352092904,Risk
161,78.15265243656341,82.84734756343659,12,2,1,15,49,0.85496998936506,Delay
278,253.78097113434805,24.21902886565195,13,4,30,39,29,0.6468525103079216,Delay
262,186.59194081548475,75.40805918451525,11,2,16,23,29,1.2737667572261964,Delay
269,245.60286837795184,23.397131622048164,4,2,7,36,26,0.955113272788845,Delay
254,108.82586280431872,145.17413719568128,12,4,22,37,50,1.2656968169839202,Delay
535,225.05113182278663,309.9488681772134,13,4,6,39,31,1.0357976728003435,Delay
451,308.0051597380145,142.99484026198547,14,1,42,13,36,1.4114345748409907,Delay
234,117.25997708310501,116.74002291689499,9,3,32,21,27,1.1953666757002552,Delay
160,49.684073775094824,110.31592622490518,4,1,25,13,93,0.519013485427357,Risk
433,56.83238588464422,376.1676141153558,13,3,14,4,66,1.1195189018059248,Risk
371,95.91635309813336,275.08364690186664,3,5,47,39,25,0.6962806900793653,Delay
64,25.40179820681344,38.59820179318656,7,1,10,34,30,0.595651888666338,Delay
205,171.90926978076217,33.09073021923783,6,5,47,5,77,1.401613367409388,Delay
102,58.224202587934506,43.775797412065494,15,5,6,35,60,1.0318994778550832,Delay
212,188.74954465776696,23.25045534223304,9,4,14,21,22,0.6784349792261143,Delay
455,79.33111455320655,375.66888544679347,3,3,3,22,81,1.1449485327127313,Delay
169,37.12820926506217,131.87179073493783,15,3,32,39,29,0.9979849256043383,Delay
476,277.7219712318551,198.2780287681449,8,5,46,16,93,0.8054120575647017,Delay
176,92.98137999418732,83.01862000581268,7,2,42,27,94,0.6328667730045463,Delay
327,23.081807468395816,303.9181925316042,12,2,22,17,93,1.1483300898065418,OnTime
237,35.143884576257456,201.85611542374255,5,5,13,37,49,0.8060556338942882,Delay
508,53.79682718196474,454.2031728180353,7,5,10,22,65,1.0592262433380542,Delay
491,133.0891397227491,357.9108602772509,10,2,42,8,70,0.536996394178155,Delay
44,32.99723537050018,11.002764629499822,4,5,30,16,41,0.9427809856026146,Delay
289,226.19907851302943,62.800921486970566,4,2,21,28,38,1.091135685474598,Delay
66,35.6345997307577,30.3654002692423,4,4,44,30,43,0.5221739233060815,Delay
203,184.2103166692063,18.789683330793707,11,2,41,40,77,0.7810682008091417,Delay
402,19.16938157278848,382.8306184272115,10,2,32,23,100,0.9819068802791251,Risk
73,20.21496635185471,52.78503364814529,4,3,11,1,92,1.194795085334917,Risk
298,260.05454227300027,37.945457726999734,10,3,21,9,41,1.4254576194707893,Delay
159,117.11152490032156,41.888475099678445,9,2,31,17,29,1.282179966996468,Delay
374,303.2906212281676,70.7093787718324,9,3,7,1,30,1.1800033423078264,Delay
491,176.49355289349907,314.5064471065009,13,2,44,34,79,1.1165160053040624,Delay
407,257.5244342070339,149.4755657929661,11,3,20,25,39,0.8161663913865905,Delay
273,22.71449982226109,250.28550017773892,5,2,39,9,44,1.099572325668864,Delay
221,91.7799848570125,129.2200151429875,5,4,8,10,53,1.2803192020997973,Delay
333,310.78406050462416,22.215939495375835,2,4,3,1,85,0.8485349296198766,Delay
393,26.190124910518975,366.809875089481,9,1,43,17,71,1.0085285455938204,Risk
345,227.56283755907236,117.43716244092764,7,3,7,35,80,1.4213896468324605,Delay
204,188.23991232649323,15.760087673506774,7,1,27,10,24,0.8898333411656879,Delay
114,30.17642664168124,83.82357335831875,13,2,44,3,92,0.5509733708806379,Risk
44,16.491894067417974,27.508105932582026,4,1,43,0,21,1.3718210720830242,Delay
81,26.00525891743916,54.994741082560836,9,3,21,34,100,1.3401197374079747,Risk
176,95.6815223727125,80.3184776272875,11,3,22,18,91,1.450266491764363,Risk
149,73.6075207773378,75.3924792226622,4,4,2,19,27,1.084101499762227,Delay
444,62.62545817706816,381.37454182293186,12,5,0,18,59,0.8783790686558219,Delay
37,28.693757259495403,8.306242740504597,8,1,46,18,30,1.1023537695220518,Delay
505,73.33697788710316,431.66302211289684,15,1,22,39,49,1.2046283477399844,Delay
402,302.2209996518126,99.77900034818742,7,3,39,30,31,0.9727032905434984,Delay
206,142.10210231849757,63.89789768150243,15,4,11,17,81,0.5149031891214192,Delay
278,100.48631857885431,177.5136814211457,2,4,38,32,91,1.1981643143988743,Delay
200,118.27098654220573,81.72901345779427,15,3,45,3,98,0.6424991496902811,Risk
272,251.86624786637984,20.133752133620163,14,5,6,35,38,0.9243788954892278,Delay
534,47.158860839504555,486.84113916049546,13,4,14,5,35,1.2361068952842649,Delay
168,79.27285601944277,88.72714398055723,3,4,31,31,49,0.9211393177990059,Delay
305,235.89747635644488,69.10252364355512,15,2,46,39,42,0.7129292145464584,Delay
98,25.331237903150853,72.66876209684915,5,5,39,38,29,1.4129539790287624,Delay
449,168.34468065947277,280.6553193405272,12,4,45,3,62,0.6268278417172803,Delay
521,207.51049101716342,313.4895089828366,5,3,8,17,86,0.911708688274197,Delay
37,20.756479126994414,16.243520873005586,4,4,27,39,79,0.5654045149882467,Delay
526,311.96925184553766,214.03074815446234,9,2,3,16,32,0.7140211384787268,Delay
108,90.73736783643727,17.262632163562728,3,1,35,5,96,0.7108707404089568,Delay
285,122.3118548074571,162.6881451925429,6,2,6,30,77,1.0407995035712152,Delay
172,1.6548190353558874,170.3451809646441,13,4,41,14,51,0.5680145782261503,Delay
357,241.73038712660988,115.26961287339012,6,3,9,36,38,1.2112775678719137,Delay
535,338.64287547161075,196.35712452838925,5,1,16,33,99,0.7296493252187749,Delay
288,208.717171821036,79.282828178964,6,3,40,3,98,0.5607975029488154,Delay
403,48.09059267737075,354.90940732262925,15,4,6,1,88,1.1366995539036995,OnTime
315,269.87096327339145,45.12903672660855,5,5,36,36,47,1.1853771627561365,Delay
286,45.41321467910137,240.58678532089863,14,1,34,4,71,0.622623456211337,Risk
176,114.81374646624839,61.18625353375161,9,1,35,39,63,1.3427792312402822,Delay
290,32.889828861802236,257.11017113819776,2,1,18,22,54,1.2631974831343584,Delay
341,74.14280301150616,266.85719698849385,8,3,21,21,54,1.0621807078148218,Delay
211,189.4202003398138,21.57979966018621,9,4,42,26,62,1.3770391607201453,Delay
491,230.21522110025163,260.7847788997484,6,5,20,4,71,0.7387207676611103,Delay
493,148.37645358702704,344.6235464129729,8,3,1,37,22,0.5874622769173898,Delay
499,498.1909239734059,0.8090760265940844,6,3,12,26,49,0.9102017475762615,Delay
97,89.68250655587116,7.317493444128843,15,5,1,9,47,0.7470934499596658,Delay
196,64.03664021770446,131.96335978229553,14,1,0,9,96,1.1827451172404397,OnTime
243,115.9950263488116,127.0049736511884,8,3,37,6,30,0.7149465428344395,Delay
386,350.97735639444437,35.02264360555563,2,3,0,9,94,0.9237609289856424,Delay
498,317.4321053103472,180.5678946896528,12,5,47,38,80,0.5222297736939446,Delay
201,165.90071877019503,35.09928122980497,7,5,23,39,21,1.0056896627776566,Delay
339,12.238106225093698,326.7618937749063,3,4,50,22,51,1.4447556344909724,Delay
351,91.43265269231942,259.56734730768056,14,3,32,8,98,0.783011965427785,OnTime
464,255.53446252357477,208.46553747642523,9,2,30,29,44,0.995792626582833,Delay
370,41.119605275078314,328.8803947249217,7,3,42,32,39,0.8331440559931114,Delay
48,36.089474209701606,11.910525790298394,2,4,20,37,82,0.7928690777323449,Delay
313,28.023941000823896,284.9760589991761,10,1,35,35,42,0.9258333248868964,Delay
474,293.42447449767775,180.57552550232225,5,1,12,20,63,1.3020354703642258,Delay
427,135.43817248874717,291.56182751125283,4,5,8,6,76,1.3700923632984652,Delay
409,99.92294329674468,309.0770567032553,4,2,39,1,99,0.7098642983375092,Risk
87,44.16043838498885,42.83956161501115,4,4,23,4,96,0.6006149990545431,Delay
72,59.511309152978065,12.488690847021935,12,3,23,5,86,0.7309865432349818,Delay
443,271.7901308939967,171.20986910600328,5,2,8,9,56,1.301215598841091,Delay
521,154.9226036508029,366.0773963491971,11,2,16,6,22,1.4954634974040677,Delay
385,5.244444596179527,379.7555554038205,9,5,15,23,26,1.1116378137431384,Delay
493,321.3203453361438,171.67965466385618,12,1,14,12,62,0.9785849723816252,Delay
114,72.55621455221807,41.443785447781934,6,5,8,15,88,0.808646079320194,Delay
139,40.04138237606834,98.95861762393166,5,4,17,30,81,1.2723595767525642,Delay
144,82.68549453878758,61.31450546121242,10,4,31,1,36,0.6206354680903728,Delay
153,118.98239978287228,34.01760021712772,11,5,43,26,96,0.8269375176511528,Delay
409,302.1745980642117,106.8254019357883,9,2,47,21,49,0.646695592601051,Delay
185,49.577413578813925,135.42258642118608,11,5,44,32,76,0.6153875522092082,Delay
470,241.00024219364468,228.99975780635532,13,4,47,13,26,0.6516738850105223,Delay
126,94.74601807391922,31.253981926080783,2,1,21,9,60,1.3100333139837237,Delay
451,173.8897952046629,277.1102047953371,15,2,12,29,32,1.0989889464985794,Delay
309,53.34368339612863,255.65631660387137,13,3,31,7,83,1.2852337270634178,Risk
190,60.5212648188926,129.4787351811074,2,4,21,37,48,0.5048814172461921,Delay
90,48.929433819440504,41.070566180559496,8,2,26,27,76,1.2172689049267094,Delay
38,37.61579715259263,0.38420284740737287,2,5,6,37,76,1.3851801167328102,Delay
406,41.487387055925716,364.5126129440743,13,2,29,25,90,1.0074684609121034,Risk
159,33.1806993004863,125.81930069951369,3,2,19,5,48,1.4644173550029538,Delay
202,54.11571931561144,147.88428068438856,12,5,49,33,41,1.4209494209469256,Delay
369,99.38860331972641,269.6113966802736,4,2,42,16,62,1.0468479304235352,Delay
140,15.350139358890832,124.64986064110917,14,4,35,37,91,1.4956935928460782,Risk
361,168.43352679843423,192.56647320156577,9,3,37,14,62,1.0955245659695514,Delay
153,6.959774630827819,146.0402253691722,15,3,35,27,23,0.8941089651902413,Delay
239,229.55626375031386,9.44373624968614,12,1,44,38,54,1.36318568397542,Delay
271,270.68430868538644,0.31569131461355937,5,5,3,2,79,0.8791580961088495,Delay
526,315.2366209083531,210.76337909164693,13,1,29,15,74,1.3347821015333545,Risk
111,63.43362437670214,47.56637562329786,6,1,26,33,97,0.5508715217791479,Delay
68,21.298145893072235,46.70185410692777,7,3,11,5,100,0.6529591169387367,Risk
184,172.4034625010266,11.59653749897339,14,5,30,12,89,1.0702544415242947,Delay
199,38.87713509334225,160.12286490665775,12,4,12,23,83,0.7731213351127544,Risk
473,445.52694453040834,27.473055469591657,10,3,34,26,22,1.3993674408677277,Delay
512,100.14156726956384,411.85843273043616,13,2,45,29,82,1.2580651446886317,Risk
499,319.51853267634135,179.48146732365865,4,2,4,36,43,0.917024632713039,Delay
31,24.98099601391541,6.019003986084591,6,2,46,3,30,1.0524210458233516,Delay
145,109.75020225102152,35.24979774897848,15,4,13,21,46,1.1317336540090988,Delay
35,1.532278465395625,33.46772153460437,4,2,30,18,71,1.2538960043989908,Delay
64,30.285513389861798,33.7144866101382,9,4,43,26,81,1.4697407557675382,Delay
121,84.77489488991976,36.225105110080236,11,3,28,40,81,0.5764706681562498,Delay
197,103.8291707210765,93.1708292789235,5,5,12,35,49,0.5840769162293373,Delay
402,290.9637132364552,111.03628676354481,3,3,48,31,94,0.5996965550706183,Delay
245,121.36087008559298,123.63912991440702,4,1,16,3,96,1.0988093020358334,Risk
242,237.81653020475292,4.183469795247078,10,5,29,31,31,1.4012731823906235,Delay
426,345.21980904443393,80.78019095556607,2,5,3,27,32,0.6376056164111695,Delay
209,45.399402850014816,163.6005971499852,3,5,5,0,74,0.9011713704936453,Delay
